$ bun run scripts/build.ts
vite v8.1.4 building client environment for production...
✔ [paraglide-js] Compilation complete (message-modules)
[2Ktransforming...✓ 10700 modules transformed.
rendering chunks...
computing gzip size...
dist/client/.assetsignore                                                           0.02 kB
dist/client/assets/manrope-cyrillic-wght-normal-Dvxsihut.woff2                     14.50 kB
dist/client/assets/inter-cyrillic-wght-normal-DqGufNeO.woff2                       18.74 kB
dist/client/assets/noto-sans-cyrillic-wght-normal-B2hlT84T.woff2                   20.08 kB
dist/client/assets/nunito-cyrillic-wght-normal-CY6AOgYE.woff2                      20.77 kB
dist/client/assets/manrope-latin-wght-normal-DHIcAJRg.woff2                        24.83 kB
dist/client/assets/noto-sans-latin-wght-normal-BYSzYMf3.woff2                      35.82 kB
dist/client/assets/nunito-latin-wght-normal-BzFMHfZw.woff2                         39.12 kB
dist/client/assets/inter-latin-wght-normal-Dx4kXJAl.woff2                          48.25 kB
dist/client/assets/global-lhLL-9DU.css                                            183.69 kB │ gzip:  28.22 kB
dist/client/assets/root-DLTE-HSj.js                                                 0.03 kB │ gzip:   0.05 kB
dist/client/assets/secrets-CaZOdIyu.js                                              0.03 kB │ gzip:   0.04 kB
dist/client/assets/invariant-DEEwAagU.js                                            0.06 kB │ gzip:   0.08 kB
dist/client/assets/dist-C2J943E6.js                                                 0.06 kB │ gzip:   0.08 kB
dist/client/assets/404-Domu2Buv.js                                                  0.07 kB │ gzip:   0.08 kB
dist/client/assets/500-A39QHYI1.js                                                  0.07 kB │ gzip:   0.08 kB
dist/client/assets/admin-CbMSYLg5.js                                                0.07 kB │ gzip:   0.08 kB
dist/client/assets/products-CTfma23t.js                                             0.07 kB │ gzip:   0.08 kB
dist/client/assets/sessions-DFpgkkRj.js                                             0.08 kB │ gzip:   0.09 kB
dist/client/assets/locales-cC5rgzkn.js                                              0.08 kB │ gzip:   0.10 kB
dist/client/assets/modules-BLG4ko6U.js                                              0.09 kB │ gzip:   0.10 kB
dist/client/assets/permission-bits-AVq92YBA.js                                      0.09 kB │ gzip:   0.10 kB
dist/client/assets/useQuery-286pei6x.js                                             0.09 kB │ gzip:   0.11 kB
dist/client/assets/error-8LZPHtLT.js                                                0.12 kB │ gzip:   0.11 kB
dist/client/assets/chevron-down-BJzlp1Wh.js                                         0.12 kB │ gzip:   0.14 kB
dist/client/assets/chevron-right-BUyiKwSY.js                                        0.13 kB │ gzip:   0.14 kB
dist/client/assets/common_new-THEvaThD.js                                           0.13 kB │ gzip:   0.14 kB
dist/client/assets/audit_time-DyVln19e.js                                           0.13 kB │ gzip:   0.14 kB
dist/client/assets/common_edit-BkXyaipL.js                                          0.13 kB │ gzip:   0.14 kB
dist/client/assets/common_name-C0OlxAhJ.js                                          0.13 kB │ gzip:   0.14 kB
dist/client/assets/store_nav_shop-hhNNY7kL.js                                       0.13 kB │ gzip:   0.14 kB
dist/client/assets/catalog_price_minor-Cokw56s3.js                                  0.13 kB │ gzip:   0.14 kB
dist/client/assets/common_close-ChmsXPLH.js                                         0.13 kB │ gzip:   0.15 kB
dist/client/assets/common_email-DbB8G36L.js                                         0.13 kB │ gzip:   0.14 kB
dist/client/assets/common_retry-C5tiojX5.js                                         0.13 kB │ gzip:   0.14 kB
dist/client/assets/notifications_event-dajCtSqs.js                                  0.13 kB │ gzip:   0.14 kB
dist/client/assets/shop_orders_order-B0bt8f3K.js                                    0.13 kB │ gzip:   0.15 kB
dist/client/assets/audit_export-CN6hdNyf.js                                         0.14 kB │ gzip:   0.14 kB
dist/client/assets/common_cancel-8e3Lzx1_.js                                        0.14 kB │ gzip:   0.14 kB
dist/client/assets/common_delete-B3z6HO_J.js                                        0.14 kB │ gzip:   0.14 kB
dist/client/assets/common_search-Dy_aFdB2.js                                        0.14 kB │ gzip:   0.15 kB
dist/client/assets/common_status-CYpwrpCR.js                                        0.14 kB │ gzip:   0.14 kB
dist/client/assets/status_failed-Cs3byf5B.js                                        0.14 kB │ gzip:   0.14 kB
dist/client/assets/auth_submit-DZh2KduI.js                                          0.14 kB │ gzip:   0.15 kB
dist/client/assets/common_actions-AkbHpg6E.js                                       0.14 kB │ gzip:   0.15 kB
dist/client/assets/common_enabled-D-sb9IfG.js                                       0.14 kB │ gzip:   0.15 kB
dist/client/assets/common_goback1-Dsno8tIW.js                                       0.14 kB │ gzip:   0.15 kB
dist/client/assets/common_refresh-DQFob4to.js                                       0.14 kB │ gzip:   0.15 kB
dist/client/assets/public_sign_in-DZh2KduI.js                                       0.14 kB │ gzip:   0.15 kB
dist/client/assets/status_unknown-DIIi1yX7.js                                       0.14 kB │ gzip:   0.15 kB
dist/client/assets/unit_minutes-cAXBm8xM.js                                         0.14 kB │ gzip:   0.15 kB
dist/client/assets/common_password-D5H___KK.js                                      0.14 kB │ gzip:   0.15 kB
dist/client/assets/coupons_value-CAb0JXid.js                                        0.14 kB │ gzip:   0.15 kB
dist/client/assets/nav_products-6qYKKDlT.js                                         0.14 kB │ gzip:   0.15 kB
dist/client/assets/shop_orders_items-BK321cuY.js                                    0.14 kB │ gzip:   0.15 kB
dist/client/assets/nav_coupons-CFFj_7Fw.js                                          0.14 kB │ gzip:   0.15 kB
dist/client/assets/shop_dashboard_title-C-NMlGWS.js                                 0.14 kB │ gzip:   0.15 kB
dist/client/assets/catalog_updated_at-yM5Cv_vC.js                                   0.14 kB │ gzip:   0.15 kB
dist/client/assets/common_created-BhGim-mJ.js                                       0.14 kB │ gzip:   0.15 kB
dist/client/assets/matchContext-CUYrRHah.js                                         0.14 kB │ gzip:   0.13 kB
dist/client/assets/shop_orders_created_at-BhGim-mJ.js                               0.14 kB │ gzip:   0.15 kB
dist/client/assets/catalog_recycle_bin-CuIF76nL.js                                  0.14 kB │ gzip:   0.15 kB
dist/client/assets/common_last_error-BT0F56Fg.js                                    0.15 kB │ gzip:   0.16 kB
dist/client/assets/common_loading-C3xOY5ax.js                                       0.15 kB │ gzip:   0.15 kB
dist/client/assets/identity-email-DhYu0Cwa.js                                       0.15 kB │ gzip:   0.13 kB
dist/client/assets/nav_audit_logs-BtYyMTFA.js                                       0.15 kB │ gzip:   0.16 kB
dist/client/assets/shop_orders_view-BD1onsHV.js                                     0.15 kB │ gzip:   0.16 kB
dist/client/assets/store_cart_title-W7vUdR4C.js                                     0.15 kB │ gzip:   0.16 kB
dist/client/assets/supplier_provider_gmshop_edge-Bib1kZMP.js                        0.15 kB │ gzip:   0.14 kB
dist/client/assets/store_order_total-ayMPJKDP.js                                    0.15 kB │ gzip:   0.16 kB
dist/client/assets/catalog_product_edit-cxA-m6zk.js                                 0.15 kB │ gzip:   0.16 kB
dist/client/assets/store_account_entitlements-cyGTQFBZ.js                           0.15 kB │ gzip:   0.16 kB
dist/client/assets/store_nav_orders-ChsvP3a1.js                                     0.15 kB │ gzip:   0.16 kB
dist/client/assets/notifications_deliveries-D5CTYk9u.js                             0.15 kB │ gzip:   0.16 kB
dist/client/assets/plus-CMd7Lk4P.js                                                 0.15 kB │ gzip:   0.15 kB
dist/client/assets/settings_group_brand-DFlEZn8Y.js                                 0.15 kB │ gzip:   0.16 kB
dist/client/assets/notifications_email_channel-DPgYUxHq.js                          0.15 kB │ gzip:   0.16 kB
dist/client/assets/x-CAYdopul.js                                                    0.15 kB │ gzip:   0.15 kB
dist/client/assets/auth_back_to_sign_in-CxFAwOQk.js                                 0.15 kB │ gzip:   0.16 kB
dist/client/assets/delivery_center_title-BqmgWqqK.js                                0.15 kB │ gzip:   0.16 kB
dist/client/assets/nav_scheduled_tasks-DqjH6BLm.js                                  0.15 kB │ gzip:   0.16 kB
dist/client/assets/notifications_email_templates-CfHc1FBg.js                        0.15 kB │ gzip:   0.16 kB
dist/client/assets/supplier_orders_title-E44QDjk9.js                                0.15 kB │ gzip:   0.16 kB
dist/client/assets/auth_confirm_password-S8LLItgx.js                                0.15 kB │ gzip:   0.16 kB
dist/client/assets/common_operation_failed-BDqJHloR.js                              0.15 kB │ gzip:   0.16 kB
dist/client/assets/nav_queue_monitoring-DyA8CHS-.js                                 0.15 kB │ gzip:   0.16 kB
dist/client/assets/supplier_upstream_details-DNeGFKo2.js                            0.15 kB │ gzip:   0.16 kB
dist/client/assets/system_nav_orders-BlLukBz0.js                                    0.15 kB │ gzip:   0.16 kB
dist/client/assets/useRouter-CI6OKhyv.js                                            0.15 kB │ gzip:   0.14 kB
dist/client/assets/auth_forgot_password-NCNuPA3b.js                                 0.15 kB │ gzip:   0.17 kB
dist/client/assets/automation_center_title-BYH7lJja.js                              0.16 kB │ gzip:   0.17 kB
dist/client/assets/supplier_accounts_title-WZOJ96GF.js                              0.16 kB │ gzip:   0.17 kB
dist/client/assets/supplier_products_title-Bc99h0D4.js                              0.16 kB │ gzip:   0.16 kB
dist/client/assets/nav_payment_channels-2rF51Cgm.js                                 0.16 kB │ gzip:   0.17 kB
dist/client/assets/arrow-left-BMqUnKt5.js                                           0.16 kB │ gzip:   0.16 kB
dist/client/assets/arrow-right-Cxc9E1vP.js                                          0.16 kB │ gzip:   0.16 kB
dist/client/assets/queries-DjXHmSll.js                                              0.16 kB │ gzip:   0.15 kB
dist/client/assets/settings_supplier_api_enabled-oJoldrcz.js                        0.16 kB │ gzip:   0.17 kB
dist/client/assets/store_lookup_title-4zzv5JQa.js                                   0.16 kB │ gzip:   0.17 kB
dist/client/assets/settings_error_asset_too_large-Chc70kcC.js                       0.16 kB │ gzip:   0.17 kB
dist/client/assets/public-B0rdRP58.js                                               0.16 kB │ gzip:   0.16 kB
dist/client/assets/aisou_inventory_title-vvrn2hsX.js                                0.17 kB │ gzip:   0.17 kB
dist/client/assets/store_checkout_failed-CCtMG8wj.js                                0.17 kB │ gzip:   0.18 kB
dist/client/assets/redeem_warehouse_title-BwxwWpPn.js                               0.17 kB │ gzip:   0.18 kB
dist/client/assets/search-uISrII_6.js                                               0.17 kB │ gzip:   0.16 kB
dist/client/assets/queries-Cv-6CmPY.js                                              0.18 kB │ gzip:   0.17 kB
dist/client/assets/account_change_password_old_password_required-CORLcfVz.js        0.18 kB │ gzip:   0.19 kB
dist/client/assets/auth_error_invalid_credentials-C6ZCinDG.js                       0.18 kB │ gzip:   0.19 kB
dist/client/assets/play-BKsq35Kc.js                                                 0.19 kB │ gzip:   0.17 kB
dist/client/assets/catalog_operation_failed-B74w1eEC.js                             0.19 kB │ gzip:   0.20 kB
dist/client/assets/credit-card-C-NjXU5y.js                                          0.20 kB │ gzip:   0.18 kB
dist/client/assets/runtime-config-GJJJ7EMX.js                                       0.20 kB │ gzip:   0.21 kB
dist/client/assets/web_support_failed-BhXPGtx4.js                                   0.21 kB │ gzip:   0.22 kB
dist/client/assets/mail-BZl2IhPc.js                                                 0.21 kB │ gzip:   0.20 kB
dist/client/assets/settings_secret_configured-D_UIKDlu.js                           0.21 kB │ gzip:   0.22 kB
dist/client/assets/app_title_description-DB1sATOL.js                                0.21 kB │ gzip:   0.22 kB
dist/client/assets/useSearch-Cd2uGTUP.js                                            0.21 kB │ gzip:   0.16 kB
dist/client/assets/log-in-DlvIETzY.js                                               0.23 kB │ gzip:   0.18 kB
dist/client/assets/wallet_balance-DMnrovUE.js                                       0.23 kB │ gzip:   0.19 kB
dist/client/assets/download-DH7HkAC_.js                                             0.23 kB │ gzip:   0.19 kB
dist/client/assets/useNavigate-BNSk8jdM.js                                          0.23 kB │ gzip:   0.20 kB
dist/client/assets/activity-DrMNApdo.js                                             0.23 kB │ gzip:   0.19 kB
dist/client/assets/status_running-BJtxRSTP.js                                       0.23 kB │ gzip:   0.20 kB
dist/client/assets/copy-BXROj_60.js                                                 0.23 kB │ gzip:   0.20 kB
dist/client/assets/supplier_status_unavailable-1-SY3ZYW.js                          0.23 kB │ gzip:   0.20 kB
dist/client/assets/supplier_api_secret-DYU7ae_B.js                                  0.23 kB │ gzip:   0.17 kB
dist/client/assets/shop_orders_timeline-05TMTMpE.js                                 0.24 kB │ gzip:   0.20 kB
dist/client/assets/store_continue_shopping--TTUF246.js                              0.24 kB │ gzip:   0.21 kB
dist/client/assets/store_find_order-60dBwG2-.js                                     0.24 kB │ gzip:   0.20 kB
dist/client/assets/catalog_currency_decimals-DFaj_9hC.js                            0.25 kB │ gzip:   0.21 kB
dist/client/assets/external-link-D7PFFfZ1.js                                        0.25 kB │ gzip:   0.19 kB
dist/client/assets/catalog_editor_title-R9jIYbkE.js                                 0.25 kB │ gzip:   0.21 kB
dist/client/assets/settings-2-BDoFxFkI.js                                           0.25 kB │ gzip:   0.19 kB
dist/client/assets/route-CoemAOLh.js                                                0.25 kB │ gzip:   0.21 kB
dist/client/assets/route-DekAVx9_.js                                                0.25 kB │ gzip:   0.21 kB
dist/client/assets/settings_save_changes-OSJzHan2.js                                0.25 kB │ gzip:   0.22 kB
dist/client/assets/access_permission_bits-DruuJBJd.js                               0.25 kB │ gzip:   0.21 kB
dist/client/assets/automation_center_open_run-DSFSHjsV.js                           0.25 kB │ gzip:   0.22 kB
dist/client/assets/dist-DImBFj99.js                                                 0.26 kB │ gzip:   0.19 kB
dist/client/assets/store_account_notifications-CRQn97ob.js                          0.26 kB │ gzip:   0.22 kB
dist/client/assets/zap-BP94JZ6C.js                                                  0.26 kB │ gzip:   0.20 kB
dist/client/assets/access-DQjSTAUR.js                                               0.26 kB │ gzip:   0.22 kB
dist/client/assets/orders-YQ_2KJy1.js                                               0.26 kB │ gzip:   0.22 kB
dist/client/assets/secrets-CPstCQku.js                                              0.26 kB │ gzip:   0.22 kB
dist/client/assets/trash-CrxJSUjU.js                                                0.26 kB │ gzip:   0.22 kB
dist/client/assets/access_description-CCl4nVaQ.js                                   0.26 kB │ gzip:   0.26 kB
dist/client/assets/commerce-DeJ8oYW4.js                                             0.26 kB │ gzip:   0.22 kB
dist/client/assets/triangle-alert-MA178lxg.js                                       0.26 kB │ gzip:   0.21 kB
dist/client/assets/retention-0wXtro9L.js                                            0.26 kB │ gzip:   0.22 kB
dist/client/assets/operations-BnpgJl4M.js                                           0.26 kB │ gzip:   0.22 kB
dist/client/assets/fulfillment-DOpud5A_.js                                          0.26 kB │ gzip:   0.22 kB
dist/client/assets/catalog-BFZd7Rru.js                                              0.27 kB │ gzip:   0.22 kB
dist/client/assets/pencil-xOu9yoBy.js                                               0.27 kB │ gzip:   0.22 kB
dist/client/assets/settings_site_logo_title-DNQULVJd.js                             0.28 kB │ gzip:   0.24 kB
dist/client/assets/auth_password_required-B5Qn8Ufq.js                               0.28 kB │ gzip:   0.22 kB
dist/client/assets/send-BUA932KR.js                                                 0.29 kB │ gzip:   0.23 kB
dist/client/assets/wallet-cards-DmXxpywS.js                                         0.29 kB │ gzip:   0.23 kB
dist/client/assets/settings_site_logo_square-DSt0SHOs.js                            0.30 kB │ gzip:   0.26 kB
dist/client/assets/laptop-zYH_EKib.js                                               0.30 kB │ gzip:   0.23 kB
dist/client/assets/users-JwEvKqmA.js                                                0.30 kB │ gzip:   0.22 kB
dist/client/assets/user-plus-BoHoxXj6.js                                            0.31 kB │ gzip:   0.23 kB
dist/client/assets/ClientOnly-Q-022Zvg.js                                           0.31 kB │ gzip:   0.22 kB
dist/client/assets/infrastructure_health_unknown-CYnrM2Hc.js                        0.31 kB │ gzip:   0.22 kB
dist/client/assets/shield-check-CGjX5s42.js                                         0.32 kB │ gzip:   0.24 kB
dist/client/assets/new-NlFxb2eK.js                                                  0.32 kB │ gzip:   0.24 kB
dist/client/assets/notifications-DQ_QatEu.js                                        0.32 kB │ gzip:   0.24 kB
dist/client/assets/orders-BXgBuH4_.js                                               0.32 kB │ gzip:   0.24 kB
dist/client/assets/settings-BCTwWKjR.js                                             0.32 kB │ gzip:   0.24 kB
dist/client/assets/save-BZRHCETS.js                                                 0.32 kB │ gzip:   0.22 kB
dist/client/assets/account-BknWUZDU.js                                              0.32 kB │ gzip:   0.25 kB
dist/client/assets/entitlements-DfAMlPuw.js                                         0.32 kB │ gzip:   0.25 kB
dist/client/assets/trash-2-CfTQRCiD.js                                              0.32 kB │ gzip:   0.21 kB
dist/client/assets/edit-DsDdiCXA.js                                                 0.32 kB │ gzip:   0.24 kB
dist/client/assets/exchange_rates_sync_now-BMReEokS.js                              0.34 kB │ gzip:   0.24 kB
dist/client/assets/store_account_settings-BvPgoqBi.js                               0.34 kB │ gzip:   0.24 kB
dist/client/assets/key-round-Cu2YWcza.js                                            0.35 kB │ gzip:   0.25 kB
dist/client/assets/_orderNumber-CFO7eK7X.js                                         0.38 kB │ gzip:   0.28 kB
dist/client/assets/scan-search-sXirHdC0.js                                          0.38 kB │ gzip:   0.25 kB
dist/client/assets/site-brand-provider-BpcVTk-5.js                                  0.39 kB │ gzip:   0.28 kB
dist/client/assets/earth-BjgNB3L5.js                                                0.39 kB │ gzip:   0.26 kB
dist/client/assets/commerce-events-Dz_hF5by.js                                      0.39 kB │ gzip:   0.27 kB
dist/client/assets/hammer-BhzJ9jqz.js                                               0.39 kB │ gzip:   0.27 kB
dist/client/assets/store_sign_in_to_purchase-D90Pbhp_.js                            0.39 kB │ gzip:   0.32 kB
dist/client/assets/bell-ring-Degbtbof.js                                            0.39 kB │ gzip:   0.27 kB
dist/client/assets/money-input-CFkPLYTG.js                                          0.40 kB │ gzip:   0.28 kB
dist/client/assets/supplier_status_available-FG7SV_Ri.js                            0.41 kB │ gzip:   0.26 kB
dist/client/assets/functions-BPcN9Jek.js                                            0.41 kB │ gzip:   0.33 kB
dist/client/assets/status_dispatching-CFtjF3Og.js                                   0.42 kB │ gzip:   0.27 kB
dist/client/assets/dist-asu9Tx5S.js                                                 0.43 kB │ gzip:   0.32 kB
dist/client/assets/skeleton-D5OWx92f.js                                             0.43 kB │ gzip:   0.32 kB
dist/client/assets/inventory_revealed_title-BcIn2lnO.js                             0.46 kB │ gzip:   0.27 kB
dist/client/assets/product-quantity-Ba8XvguZ.js                                     0.47 kB │ gzip:   0.33 kB
dist/client/assets/route-DEI9UkiK.js                                                0.47 kB │ gzip:   0.32 kB
dist/client/assets/catalog_preview-0pnr8f70.js                                      0.48 kB │ gzip:   0.32 kB
dist/client/assets/settings-BhYdS3cF.js                                             0.48 kB │ gzip:   0.25 kB
dist/client/assets/_orderNumber-B2rGqFyb.js                                         0.50 kB │ gzip:   0.34 kB
dist/client/assets/payment-url-BlnU0jbJ.js                                          0.51 kB │ gzip:   0.37 kB
dist/client/assets/codeowners-C8r90Shi.js                                           0.54 kB │ gzip:   0.31 kB
dist/client/assets/package-open-DPyll6Rr.js                                         0.57 kB │ gzip:   0.33 kB
dist/client/assets/admin-BoJ1Aw8I.js                                                0.59 kB │ gzip:   0.36 kB
dist/client/assets/dist-CgZKo1Wc.js                                                 0.60 kB │ gzip:   0.41 kB
dist/client/assets/queries-j4yzWweB.js                                              0.61 kB │ gzip:   0.41 kB
dist/client/assets/route-C6kskGJ6.js                                                0.63 kB │ gzip:   0.47 kB
dist/client/assets/wand-sparkles-CHxZY5ZK.js                                        0.63 kB │ gzip:   0.39 kB
dist/client/assets/route-Lh6Kff6O.js                                                0.65 kB │ gzip:   0.49 kB
dist/client/assets/receipt-text-kd87u0lO.js                                         0.66 kB │ gzip:   0.28 kB
dist/client/assets/nav_automation-6HYIqhZ2.js                                       0.66 kB │ gzip:   0.38 kB
dist/client/assets/auth-animation-context-Bjoq7qa4.js                               0.67 kB │ gzip:   0.42 kB
dist/client/assets/dist-bqBcGtFn.js                                                 0.68 kB │ gzip:   0.44 kB
dist/client/assets/route-BN2Y7xX-.js                                                0.68 kB │ gzip:   0.51 kB
dist/client/assets/route-DQ2C8yJp.js                                                0.68 kB │ gzip:   0.52 kB
dist/client/assets/useMatch-DVWb9AeW.js                                             0.70 kB │ gzip:   0.42 kB
dist/client/assets/shellsession-YZTtBkVt.js                                         0.71 kB │ gzip:   0.43 kB
dist/client/assets/inventory-secrets-B63pUhE4.js                                    0.72 kB │ gzip:   0.49 kB
dist/client/assets/tsv-sltzmVWM.js                                                  0.73 kB │ gzip:   0.33 kB
dist/client/assets/error-message-CJlm00vW.js                                        0.73 kB │ gzip:   0.47 kB
dist/client/assets/account-navigation-CNp_L0qb.js                                   0.77 kB │ gzip:   0.34 kB
dist/client/assets/package-search-C2qSUmGa.js                                       0.77 kB │ gzip:   0.41 kB
dist/client/assets/settings_group_commerce-DETdR6Yu.js                              0.78 kB │ gzip:   0.44 kB
dist/client/assets/order-access-storage-DtnFFqgb.js                                 0.82 kB │ gzip:   0.45 kB
dist/client/assets/lazyRouteComponent-BJB0P1Vm.js                                   0.83 kB │ gzip:   0.51 kB
dist/client/assets/store_account_notification_entitlement_expiring-CotyLQWb.js      0.84 kB │ gzip:   0.46 kB
dist/client/assets/html-derivative-8aJF9uu2.js                                      0.84 kB │ gzip:   0.46 kB
dist/client/assets/boxes-DdD2Q5k5.js                                                0.85 kB │ gzip:   0.39 kB
dist/client/assets/provider-admin-CprVdCA_.js                                       0.89 kB │ gzip:   0.49 kB
dist/client/assets/admin-mVNkhaYe.js                                                0.89 kB │ gzip:   0.48 kB
dist/client/assets/functions-CxS72MVX.js                                            0.90 kB │ gzip:   0.49 kB
dist/client/assets/label-CQI1gsGz.js                                                0.90 kB │ gzip:   0.57 kB
dist/client/assets/labels-FUxhcY76.js                                               0.95 kB │ gzip:   0.48 kB
dist/client/assets/git-rebase-uxAYxPap.js                                           0.98 kB │ gzip:   0.44 kB
dist/client/assets/qmldir-DCQb3MpD.js                                               0.99 kB │ gzip:   0.44 kB
dist/client/assets/redirect-Coy-z-9D.js                                             1.00 kB │ gzip:   0.54 kB
dist/client/assets/labels-CVGXcECL.js                                               1.01 kB │ gzip:   0.47 kB
dist/client/assets/account-functions-DYmab3he.js                                    1.02 kB │ gzip:   0.54 kB
dist/client/assets/input-CVytN2jc.js                                                1.07 kB │ gzip:   0.61 kB
dist/client/assets/nav_user_management-JOGk_MIJ.js                                  1.11 kB │ gzip:   0.63 kB
dist/client/assets/separator-B8qK3XJF.js                                            1.12 kB │ gzip:   0.62 kB
dist/client/assets/csv-Dx-8-gkx.js                                                  1.13 kB │ gzip:   0.36 kB
dist/client/assets/admin-DIR1e-y1.js                                                1.15 kB │ gzip:   0.73 kB
dist/client/assets/quick-settings-eL_6DxGV.js                                       1.17 kB │ gzip:   0.64 kB
dist/client/assets/preload-helper-Czpn1I53.js                                       1.19 kB │ gzip:   0.67 kB
dist/client/assets/git-commit-BSykSTBG.js                                           1.22 kB │ gzip:   0.52 kB
dist/client/assets/collapsible-B8T0nFxN.js                                          1.24 kB │ gzip:   0.64 kB
dist/client/assets/503-BFURMoLC.js                                                  1.33 kB │ gzip:   0.87 kB
dist/client/assets/dist-Dm5dM0Gn.js                                                 1.35 kB │ gzip:   0.67 kB
dist/client/assets/xsl-JOkk8fO8.js                                                  1.36 kB │ gzip:   0.50 kB
dist/client/assets/createLucideIcon-AB4mrkg5.js                                     1.39 kB │ gzip:   0.78 kB
dist/client/assets/dotenv-_5a1GRtc.js                                               1.41 kB │ gzip:   0.52 kB
dist/client/assets/seo-CiTfqmPN.js                                                  1.44 kB │ gzip:   0.81 kB
dist/client/assets/switch-FukpW-nK.js                                               1.44 kB │ gzip:   0.75 kB
dist/client/assets/sparql-D_iOobhT.js                                               1.47 kB │ gzip:   0.81 kB
dist/client/assets/labels-D3W8_HhT.js                                               1.48 kB │ gzip:   0.75 kB
dist/client/assets/ini-B5eOa1yu.js                                                  1.51 kB │ gzip:   0.49 kB
dist/client/assets/cart-storage-DDVAuPQY.js                                         1.54 kB │ gzip:   0.80 kB
dist/client/assets/webhook-url-CG6a3JgM.js                                          1.61 kB │ gzip:   0.84 kB
dist/client/assets/with-selector-DAUd0wMs.js                                        1.63 kB │ gzip:   0.72 kB
dist/client/assets/badge-CyDSAxWd.js                                                1.64 kB │ gzip:   0.82 kB
dist/client/assets/fortran-fixed-form-DEKoE2YW.js                                   1.66 kB │ gzip:   0.68 kB
dist/client/assets/401-CNgyk404.js                                                  1.67 kB │ gzip:   0.98 kB
dist/client/assets/card-B1iZ6HrT.js                                                 1.67 kB │ gzip:   0.50 kB
dist/client/assets/sign-out-dialog-CmL7gu4d.js                                      1.69 kB │ gzip:   1.03 kB
dist/client/assets/docker-IyjqRm3v.js                                               1.73 kB │ gzip:   0.59 kB
dist/client/assets/schema-zuTZLPX2.js                                               1.73 kB │ gzip:   0.83 kB
dist/client/assets/hxml-B0Qn7Nwc.js                                                 1.74 kB │ gzip:   0.87 kB
dist/client/assets/format-BwWTvZbX.js                                               1.76 kB │ gzip:   0.70 kB
dist/client/assets/desktop-Dlh5hvp9.js                                              1.82 kB │ gzip:   0.75 kB
dist/client/assets/admin-C5kb6Gqz.js                                                1.94 kB │ gzip:   1.10 kB
dist/client/assets/cart-BkEKlLLb.js                                                 1.99 kB │ gzip:   1.18 kB
dist/client/assets/403-BfmPnfRS.js                                                  1.99 kB │ gzip:   1.19 kB
dist/client/assets/error-label-BleKH0g5.js                                          2.05 kB │ gzip:   0.84 kB
dist/client/assets/admin-CL8FI0G4.js                                                2.08 kB │ gzip:   0.97 kB
dist/client/assets/erb-DICYAnc4.js                                                  2.13 kB │ gzip:   0.62 kB
dist/client/assets/wenyan-C8pVoKbM.js                                               2.15 kB │ gzip:   1.08 kB
dist/client/assets/schema-AYSfgr5T.js                                               2.16 kB │ gzip:   0.88 kB
dist/client/assets/button-DWLpjlB3.js                                               2.20 kB │ gzip:   1.01 kB
dist/client/assets/jssm-DXw9l8Rf.js                                                 2.23 kB │ gzip:   0.61 kB
dist/client/assets/useMutation-CbFq6X1u.js                                          2.30 kB │ gzip:   0.96 kB
dist/client/assets/dist-Bh4f1Lej.js                                                 2.30 kB │ gzip:   1.01 kB
dist/client/assets/edge-n3ju34iz.js                                                 2.30 kB │ gzip:   0.68 kB
dist/client/assets/reg-CRGYupPL.js                                                  2.33 kB │ gzip:   0.69 kB
dist/client/assets/popover-CNHUhSFq.js                                              2.46 kB │ gzip:   1.14 kB
dist/client/assets/configuration-logo-field-DPefylBg.js                             2.49 kB │ gzip:   1.34 kB
dist/client/assets/error-page-DPt2x10_.js                                           2.53 kB │ gzip:   1.29 kB
dist/client/assets/diff-woXpYk--.js                                                 2.56 kB │ gzip:   0.68 kB
dist/client/assets/gleam-CSRkHgEL.js                                                2.57 kB │ gzip:   0.81 kB
dist/client/assets/hy-CZbG8q4J.js                                                   2.64 kB │ gzip:   1.17 kB
dist/client/assets/openscad-BUDT5pXO.js                                             2.81 kB │ gzip:   1.00 kB
dist/client/assets/change-password-dialog-DlglcqYJ.js                               2.84 kB │ gzip:   1.29 kB
dist/client/assets/log-BNLmms1o.js                                                  2.84 kB │ gzip:   0.89 kB
dist/client/assets/json-C3xIMxic.js                                                 2.89 kB │ gzip:   0.82 kB
dist/client/assets/route-Czei9aZ1.js                                                2.89 kB │ gzip:   1.34 kB
dist/client/assets/cairo-DLTphjLi.js                                                2.93 kB │ gzip:   0.80 kB
dist/client/assets/berry-DKpUyyne.js                                                2.99 kB │ gzip:   0.80 kB
dist/client/assets/jsonl-CmCQp5Yx.js                                                3.00 kB │ gzip:   0.78 kB
dist/client/assets/dist-CcktJ2y0.js                                                 3.09 kB │ gzip:   1.39 kB
dist/client/assets/jsonc-CYpm1nAK.js                                                3.10 kB │ gzip:   0.78 kB
dist/client/assets/logo-Cluzi2Zq.js                                                 3.12 kB │ gzip:   1.46 kB
dist/client/assets/verify-email-sent-BoWPg0eu.js                                    3.13 kB │ gzip:   1.65 kB
dist/client/assets/error-message-RaUSH1AU.js                                        3.18 kB │ gzip:   1.47 kB
dist/client/assets/po-BiJDBrnU.js                                                   3.23 kB │ gzip:   0.90 kB
dist/client/assets/json5-BR5RXkoi.js                                                3.24 kB │ gzip:   0.82 kB
dist/client/assets/mipsasm-BMqwQI7S.js                                              3.25 kB │ gzip:   1.17 kB
dist/client/assets/tasl-DMoTqEGO.js                                                 3.28 kB │ gzip:   0.84 kB
dist/client/assets/genie-CV2tkWYe.js                                                3.34 kB │ gzip:   1.20 kB
dist/client/assets/rel-BtDbiS_P.js                                                  3.36 kB │ gzip:   1.10 kB
dist/client/assets/vala-zf12oZj6.js                                                 3.36 kB │ gzip:   1.18 kB
dist/client/assets/sales-breakdown-chart-A8-c_umr.js                                3.37 kB │ gzip:   1.66 kB
dist/client/assets/mutation-BR_UFv1l.js                                             3.38 kB │ gzip:   1.13 kB
dist/client/assets/splunk-BC2Px7Mm.js                                               3.42 kB │ gzip:   1.51 kB
dist/client/assets/status-badge-DSgO9Rf4.js                                         3.48 kB │ gzip:   1.44 kB
dist/client/assets/hurl-02FLDRMn.js                                                 3.51 kB │ gzip:   1.09 kB
dist/client/assets/react-dom-CgPkdcCv.js                                            3.55 kB │ gzip:   1.34 kB
dist/client/assets/fluent-C03EYrpw.js                                               3.60 kB │ gzip:   0.89 kB
dist/client/assets/ssh-config-BgfXC-Er.js                                           3.61 kB │ gzip:   1.59 kB
dist/client/assets/jsonnet-CJTPZ8u_.js                                              3.61 kB │ gzip:   1.03 kB
dist/client/assets/kdl-CsD5j6eV.js                                                  3.62 kB │ gzip:   1.03 kB
dist/client/assets/currency-context-BS76akCE.js                                     3.62 kB │ gzip:   1.73 kB
dist/client/assets/narrat-_X_XdTYD.js                                               3.66 kB │ gzip:   1.09 kB
dist/client/assets/dropdown-menu-B1jzznMJ.js                                        3.66 kB │ gzip:   1.34 kB
dist/client/assets/turtle-ByJddavk.js                                               3.69 kB │ gzip:   0.96 kB
dist/client/assets/editor-BxtfwL-j.js                                               3.69 kB │ gzip:   1.99 kB
dist/client/assets/glsl-B3sTfZ7W.js                                                 3.69 kB │ gzip:   1.46 kB
dist/client/assets/admin-permission-registry-DzAjsDeX.js                            3.81 kB │ gzip:   1.36 kB
dist/client/assets/dist-Ci31RCeu.js                                                 3.86 kB │ gzip:   1.70 kB
dist/client/assets/zenscript-BnlCZFoB.js                                            3.90 kB │ gzip:   1.28 kB
dist/client/assets/ron-VUp2lXgN.js                                                  3.90 kB │ gzip:   0.97 kB
dist/client/assets/useStore-DntaNUIi.js                                             3.91 kB │ gzip:   1.77 kB
dist/client/assets/gn-ilITqXS6.js                                                   3.99 kB │ gzip:   1.47 kB
dist/client/assets/audit-logs-BVdi8dvh.js                                           4.12 kB │ gzip:   1.86 kB
dist/client/assets/pascal-4ZHwLPI5.js                                               4.14 kB │ gzip:   1.67 kB
dist/client/assets/theme-provider-TixQL8lO.js                                       4.23 kB │ gzip:   1.80 kB
dist/client/assets/records-DtlUXyD4.js                                              4.24 kB │ gzip:   1.94 kB
dist/client/assets/dist-Y6VG7v5n.js                                                 4.31 kB │ gzip:   1.58 kB
dist/client/assets/dialog-B_kdCDrC.js                                               4.32 kB │ gzip:   1.53 kB
dist/client/assets/route-DAJqFNku.js                                                4.33 kB │ gzip:   1.27 kB
dist/client/assets/module-navigation-DkY1qWIq.js                                    4.34 kB │ gzip:   2.07 kB
dist/client/assets/http-BWIlnkR1.js                                                 4.41 kB │ gzip:   1.06 kB
dist/client/assets/tcl-CZd0xW_V.js                                                  4.42 kB │ gzip:   1.50 kB
dist/client/assets/manual-refund-confirmation-modal-CneP37fa.js                     4.47 kB │ gzip:   2.32 kB
dist/client/assets/link-v1L2B9WN.js                                                 4.49 kB │ gzip:   2.20 kB
dist/client/assets/nextflow-BJtWHP5T.js                                             4.50 kB │ gzip:   1.16 kB
dist/client/assets/rosmsg-CAekHB0j.js                                               4.51 kB │ gzip:   1.05 kB
dist/client/assets/polar-C7UOKdEL.js                                                4.66 kB │ gzip:   1.12 kB
dist/client/assets/sdbl-bTVj8UrX.js                                                 4.69 kB │ gzip:   2.00 kB
dist/client/assets/fennel-DQxkIbk2.js                                               4.76 kB │ gzip:   1.53 kB
dist/client/assets/bibtex-Ci_nEsc7.js                                               4.78 kB │ gzip:   0.83 kB
dist/client/assets/dist-B3_JVUyk.js                                                 4.80 kB │ gzip:   1.72 kB
dist/client/assets/llvm-Cm23YOpf.js                                                 5.04 kB │ gzip:   2.01 kB
dist/client/assets/delivery-reveal-content-BMzMyQ5H.js                              5.06 kB │ gzip:   2.43 kB
dist/client/assets/wgsl-BsKzXJz4.js                                                 5.13 kB │ gzip:   1.38 kB
dist/client/assets/gdresource-C0sCabJj.js                                           5.28 kB │ gzip:   1.33 kB
dist/client/assets/orders-BOvVxU6C.js                                               5.29 kB │ gzip:   2.53 kB
dist/client/assets/zig-CMLA9XwU.js                                                  5.33 kB │ gzip:   1.55 kB
dist/client/assets/qml-CNGaBm0x.js                                                  5.33 kB │ gzip:   1.38 kB
dist/client/assets/product-card-Bay0cufb.js                                         5.34 kB │ gzip:   1.95 kB
dist/client/assets/dax-BkyTk9wS.js                                                  5.35 kB │ gzip:   2.21 kB
dist/client/assets/useSelector-B95MKEdE.js                                          5.36 kB │ gzip:   1.95 kB
dist/client/assets/bicep-CUHmPFLl.js                                                5.37 kB │ gzip:   1.14 kB
dist/client/assets/queues-D8ePU8g7.js                                               5.41 kB │ gzip:   2.42 kB
dist/client/assets/upload-CCDdDeb7.js                                               5.42 kB │ gzip:   2.70 kB
dist/client/assets/xml-ByvOEZWv.js                                                  5.44 kB │ gzip:   1.24 kB
dist/client/assets/awk-BWXHIvNe.js                                                  5.45 kB │ gzip:   1.37 kB
dist/client/assets/accordion-CS4hnX-v.js                                            5.47 kB │ gzip:   2.21 kB
dist/client/assets/coq-BrsZFFmf.js                                                  5.54 kB │ gzip:   1.91 kB
dist/client/assets/jinja-BFHOQCQd.js                                                5.62 kB │ gzip:   1.36 kB
dist/client/assets/lean-CewbzKMR.js                                                 5.77 kB │ gzip:   1.91 kB
dist/client/assets/templates-TwfvEBWE.js                                            5.78 kB │ gzip:   2.73 kB
dist/client/assets/select-DE8JEEvi.js                                               5.79 kB │ gzip:   2.14 kB
dist/client/assets/moonbit-CaWjb8XO.js                                              5.89 kB │ gzip:   1.67 kB
dist/client/assets/powerquery-DNMTfnFr.js                                           5.89 kB │ gzip:   1.51 kB
dist/client/assets/shaderlab-TOUzSsQk.js                                            5.91 kB │ gzip:   2.08 kB
dist/client/assets/verilog-CiiDBU1e.js                                              5.92 kB │ gzip:   1.89 kB
dist/client/assets/cypher-ClKdZ_lG.js                                               5.94 kB │ gzip:   1.71 kB
dist/client/assets/vb-Djn5o6TS.js                                                   6.08 kB │ gzip:   2.33 kB
dist/client/assets/automation-BEh8kCaS.js                                           6.14 kB │ gzip:   2.71 kB
dist/client/assets/forgot-password-KWkKjVMw.js                                      6.20 kB │ gzip:   2.67 kB
dist/client/assets/red-CJ3rzSJv.js                                                  6.25 kB │ gzip:   1.59 kB
dist/client/assets/min-dark-BSWPekZh.js                                             6.28 kB │ gzip:   1.70 kB
dist/client/assets/gdshader-CBce3t8t.js                                             6.31 kB │ gzip:   1.72 kB
dist/client/assets/prisma-BsRQq5mF.js                                               6.32 kB │ gzip:   1.38 kB
dist/client/assets/ara-4CJ0cIlV.js                                                  6.35 kB │ gzip:   1.80 kB
dist/client/assets/clojure-DqKBuwfJ.js                                              6.40 kB │ gzip:   1.41 kB
dist/client/assets/postcss-BXeXVLqQ.js                                              6.41 kB │ gzip:   1.90 kB
dist/client/assets/toml-CcmNWLt0.js                                                 6.41 kB │ gzip:   1.28 kB
dist/client/assets/solarized-light-DSh2HLQt.js                                      6.47 kB │ gzip:   1.71 kB
dist/client/assets/supplier-api-Pvvt0hvJ.js                                         6.49 kB │ gzip:   3.12 kB
dist/client/assets/proto-DB4EqR-F.js                                                6.54 kB │ gzip:   1.41 kB
dist/client/assets/smalltalk-B16xEiuN.js                                            6.58 kB │ gzip:   1.61 kB
dist/client/assets/r-BQjpMKbP.js                                                    6.60 kB │ gzip:   1.83 kB
dist/client/assets/talonscript-CohzipZa.js                                          6.75 kB │ gzip:   1.48 kB
dist/client/assets/solarized-dark-DV17i1UV.js                                       6.84 kB │ gzip:   1.78 kB
dist/client/assets/riscv-Ckw8ddFX.js                                                6.90 kB │ gzip:   1.97 kB
dist/client/assets/register-CYbw9wIe.js                                             6.91 kB │ gzip:   2.92 kB
dist/client/assets/soy-C1iNcKG6.js                                                  6.92 kB │ gzip:   1.62 kB
dist/client/assets/min-light-DDpmG2fV.js                                            6.96 kB │ gzip:   1.88 kB
dist/client/assets/scheme-DQCgrYNe.js                                               7.16 kB │ gzip:   2.04 kB
dist/client/assets/hlsl-Cvrh5tZx.js                                                 7.25 kB │ gzip:   2.18 kB
dist/client/assets/qss-Fe1Jh2GI.js                                                  7.46 kB │ gzip:   2.57 kB
dist/client/assets/status-DrUiYxV-.js                                               7.62 kB │ gzip:   3.26 kB
dist/client/assets/delivery-BTQklhB_.js                                             7.69 kB │ gzip:   3.42 kB
dist/client/assets/QueryClientProvider-C0peNFIP.js                                  7.75 kB │ gzip:   3.05 kB
dist/client/assets/confirm-dialog-CwG8hTfy.js                                       7.84 kB │ gzip:   2.65 kB
dist/client/assets/systemd-BxMlprV5.js                                              7.86 kB │ gzip:   2.54 kB
dist/client/assets/monokai-CdkpiU2Y.js                                              7.88 kB │ gzip:   1.90 kB
dist/client/assets/regexp-DU6XB3qH.js                                               8.05 kB │ gzip:   1.47 kB
dist/client/assets/haml-ZCm1T5Q_.js                                                 8.33 kB │ gzip:   1.86 kB
dist/client/assets/typst-DI99ib-x.js                                                8.38 kB │ gzip:   1.66 kB
dist/client/assets/invoice-CdTXa0Zj.js                                              8.45 kB │ gzip:   3.60 kB
dist/client/assets/vue-html-48484HYb.js                                             8.47 kB │ gzip:   1.68 kB
dist/client/assets/sign-in-BEnJPqbU.js                                              8.48 kB │ gzip:   3.19 kB
dist/client/assets/plsql-DGHpHOYJ.js                                                8.50 kB │ gzip:   2.99 kB
dist/client/assets/scheduled-B_NiTYPa.js                                            8.54 kB │ gzip:   3.59 kB
dist/client/assets/dart-CnvKMtbv.js                                                 8.61 kB │ gzip:   1.99 kB
dist/client/assets/compiler-runtime--XPNi5ZU.js                                     8.70 kB │ gzip:   3.29 kB
dist/client/assets/products-CJMYmCYY.js                                             8.76 kB │ gzip:   3.38 kB
dist/client/assets/horizon-CE9ld1lL.js                                              8.77 kB │ gzip:   1.94 kB
dist/client/assets/kotlin-DhhofPvG.js                                               8.77 kB │ gzip:   2.12 kB
dist/client/assets/horizon-bright-DSNQnXHK.js                                       8.78 kB │ gzip:   1.96 kB
dist/client/assets/make-Dixweg8N.js                                                 8.95 kB │ gzip:   1.76 kB
dist/client/assets/andromeeda-vGVdxbeo.js                                           9.01 kB │ gzip:   2.35 kB
dist/client/assets/sas-B4z1iWEc.js                                                  9.06 kB │ gzip:   3.81 kB
dist/client/assets/dark-plus-Cs2F2srj.js                                            9.09 kB │ gzip:   2.10 kB
dist/client/assets/slack-dark-DnToyrRv.js                                           9.11 kB │ gzip:   1.96 kB
dist/client/assets/sass-DXrisJhu.js                                                 9.28 kB │ gzip:   2.48 kB
dist/client/assets/plastic-DQwYfKfQ.js                                              9.29 kB │ gzip:   1.96 kB
dist/client/assets/aisou-inventory-gbbfqhVb.js                                      9.37 kB │ gzip:   4.06 kB
dist/client/assets/_orderId-B57GNTrt.js                                             9.39 kB │ gzip:   3.36 kB
dist/client/assets/slack-ochin-B2OO5cIa.js                                          9.42 kB │ gzip:   2.08 kB
dist/client/assets/tex-CAR3YtjU.js                                                  9.67 kB │ gzip:   3.06 kB
dist/client/assets/jison-lUQ7HuXb.js                                                9.69 kB │ gzip:   1.86 kB
dist/client/assets/cmake-Bj61d0ZC.js                                                9.84 kB │ gzip:   3.37 kB
dist/client/assets/light-plus-DVQuIRkW.js                                           9.93 kB │ gzip:   2.27 kB
dist/client/assets/hcl-Dh228itO.js                                                 10.04 kB │ gzip:   1.93 kB
dist/client/assets/sidebar-data-CFhh3lb4.js                                        10.10 kB │ gzip:   3.54 kB
dist/client/assets/orders-CSoAq4Gg.js                                              10.12 kB │ gzip:   3.90 kB
dist/client/assets/dist-BKAuNu5K.js                                                10.16 kB │ gzip:   3.67 kB
dist/client/assets/install-d4P0R9Dj.js                                             10.26 kB │ gzip:   4.20 kB
dist/client/assets/rst-BtYq3R5G.js                                                 10.31 kB │ gzip:   2.24 kB
dist/client/assets/roles-CcfssU8c.js                                               10.32 kB │ gzip:   4.45 kB
dist/client/assets/pkl-ot-7Btpt.js                                                 10.36 kB │ gzip:   1.37 kB
dist/client/assets/beancount-D-usSTwE.js                                           10.36 kB │ gzip:   1.43 kB
dist/client/assets/settings-CYPNeUhO.js                                            10.41 kB │ gzip:   4.75 kB
dist/client/assets/nextflow-groovy-DJMQeKeT.js                                     10.43 kB │ gzip:   2.13 kB
dist/client/assets/dream-maker-DW3nJb8Q.js                                         10.46 kB │ gzip:   2.25 kB
dist/client/assets/raku-B3gFvitq.js                                                10.46 kB │ gzip:   2.94 kB
dist/client/assets/yaml-DDX6ld7P.js                                                10.57 kB │ gzip:   2.31 kB
dist/client/assets/_productId-DysT0xHs.js                                          10.61 kB │ gzip:   4.11 kB
dist/client/assets/just-DS1se5LE.js                                                10.81 kB │ gzip:   2.61 kB
dist/client/assets/elm-NVKjqFw9.js                                                 10.94 kB │ gzip:   2.09 kB
dist/client/assets/checkbox-1gljX7oI.js                                            11.05 kB │ gzip:   3.72 kB
dist/client/assets/github-light-EUqPIrTm.js                                        11.18 kB │ gzip:   2.49 kB
dist/client/assets/prolog-iXnhIJG7.js                                              11.34 kB │ gzip:   3.84 kB
dist/client/assets/terraform-DswuEJGm.js                                           11.38 kB │ gzip:   2.51 kB
dist/client/assets/github-dark-C-LZuMrd.js                                         11.40 kB │ gzip:   2.53 kB
dist/client/assets/puppet-CDv2pdJW.js                                              11.43 kB │ gzip:   2.10 kB
dist/client/assets/laserwave-C_8bwKvT.js                                           11.49 kB │ gzip:   2.57 kB
dist/client/assets/cart-BCrsUFDa.js                                                11.70 kB │ gzip:   4.11 kB
dist/client/assets/gherkin-DExj1W_8.js                                             11.93 kB │ gzip:   5.04 kB
dist/client/assets/wasm-ByWQv1Qj.js                                                12.00 kB │ gzip:   2.17 kB
dist/client/assets/hjson-CxZEssPk.js                                               12.04 kB │ gzip:   1.64 kB
dist/client/assets/handlebars-CoiHOHvz.js                                          12.16 kB │ gzip:   2.38 kB
dist/client/assets/apache-U0d_L8uA.js                                              12.44 kB │ gzip:   3.71 kB
dist/client/assets/email-DuSOPFSV.js                                               12.61 kB │ gzip:   5.04 kB
dist/client/assets/vesper-DdrHHSXu.js                                              12.73 kB │ gzip:   1.99 kB
dist/client/assets/bat-Bo4NYOV-.js                                                 12.88 kB │ gzip:   3.22 kB
dist/client/assets/fish-BJitypiv.js                                                13.03 kB │ gzip:   1.73 kB
dist/client/assets/button-CAOEqIsx.js                                              13.09 kB │ gzip:   5.16 kB
dist/client/assets/v-DETTlOr0.js                                                   13.20 kB │ gzip:   2.73 kB
dist/client/assets/utils-1BE2h8-2.js                                               13.49 kB │ gzip:   4.72 kB
dist/client/assets/vitesse-light-VbXTXTou.js                                       13.61 kB │ gzip:   3.03 kB
dist/client/assets/aurora-x-CDeNXAV0.js                                            13.65 kB │ gzip:   2.28 kB
dist/client/assets/vitesse-black-fwtXNY1n.js                                       13.67 kB │ gzip:   3.05 kB
dist/client/assets/vitesse-dark-BZCL-v6S.js                                        13.75 kB │ gzip:   3.06 kB
dist/client/assets/redeem-inventory-BpPTDMMp.js                                    13.77 kB │ gzip:   5.99 kB
dist/client/assets/pug-BqpUUG5y.js                                                 13.84 kB │ gzip:   2.58 kB
dist/client/assets/scroll-area-C0em3fYM.js                                         14.00 kB │ gzip:   4.52 kB
dist/client/assets/synthwave-84-nFMaYfgc.js                                        14.03 kB │ gzip:   2.85 kB
dist/client/assets/github-light-default-BXViO-2h.js                                14.15 kB │ gzip:   3.02 kB
dist/client/assets/clarity-SemFz856.js                                             14.26 kB │ gzip:   2.46 kB
dist/client/assets/github-light-high-contrast-B68TUdTA.js                          14.27 kB │ gzip:   3.00 kB
dist/client/assets/github-dark-dimmed-Bx1FflLF.js                                  14.43 kB │ gzip:   3.11 kB
dist/client/assets/github-dark-default-DXG-b-1a.js                                 14.43 kB │ gzip:   3.12 kB
dist/client/assets/github-dark-high-contrast-B_tTalzw.js                           14.59 kB │ gzip:   3.07 kB
dist/client/assets/accounts-B3CzKPAx.js                                            14.64 kB │ gzip:   5.89 kB
dist/client/assets/gnuplot-7GGW24-e.js                                             14.77 kB │ gzip:   3.27 kB
dist/client/assets/(public)-BzAu50gM.js                                            14.93 kB │ gzip:   6.13 kB
dist/client/assets/rust-Cfkwpbl8.js                                                15.06 kB │ gzip:   2.71 kB
dist/client/assets/kusto-C7mF5XQf.js                                               15.16 kB │ gzip:   3.92 kB
dist/client/assets/actionscript-3--17pq3dv.js                                      15.19 kB │ gzip:   2.67 kB
dist/client/assets/nix-IvuFDN5E.js                                                 15.50 kB │ gzip:   2.47 kB
dist/client/assets/lua-CwJk0jv3.js                                                 15.60 kB │ gzip:   3.19 kB
dist/client/assets/luau-FMPmPwt6.js                                                15.62 kB │ gzip:   3.39 kB
dist/client/assets/abap-CLvhMVsD.js                                                15.84 kB │ gzip:   5.93 kB
dist/client/assets/solidity-CKzVLygQ.js                                            16.06 kB │ gzip:   3.09 kB
dist/client/assets/matlab-D7qyCx1q.js                                              16.07 kB │ gzip:   3.06 kB
dist/client/assets/esm-BgV27-jL.js                                                 16.14 kB │ gzip:   5.99 kB
dist/client/assets/cue-CE9AQfxI.js                                                 16.19 kB │ gzip:   2.04 kB
dist/client/assets/elixir-DVI7VHZe.js                                              16.26 kB │ gzip:   2.76 kB
dist/client/assets/es2015-CNZQKDAq.js                                              16.38 kB │ gzip:   6.25 kB
dist/client/assets/useBaseQuery-DuvIdwHN.js                                        16.40 kB │ gzip:   5.51 kB
dist/client/assets/auth-CwLR2FuE.js                                                16.48 kB │ gzip:   6.14 kB
dist/client/assets/odin-B1RWQWA5.js                                                16.50 kB │ gzip:   2.92 kB
dist/client/assets/ts-tags-B-YiS81D.js                                             16.54 kB │ gzip:   2.05 kB
dist/client/assets/kanagawa-wave-CTweb8Dz.js                                       17.12 kB │ gzip:   2.90 kB
dist/client/assets/kanagawa-lotus-BN08jTvb.js                                      17.12 kB │ gzip:   2.90 kB
dist/client/assets/kanagawa-dragon-CXtmUGW6.js                                     17.12 kB │ gzip:   2.92 kB
dist/client/assets/coupons-BysUhbrL.js                                             17.32 kB │ gzip:   6.54 kB
dist/client/assets/account-settings-panel-BfEYqDrq.js                              17.46 kB │ gzip:   6.97 kB
dist/client/assets/move-B1IS1UjX.js                                                17.49 kB │ gzip:   3.06 kB
dist/client/assets/dist-DeTgm1_Y.js                                                17.74 kB │ gzip:   5.23 kB
dist/client/assets/graphql-jeSWgi3n.js                                             18.08 kB │ gzip:   2.54 kB
dist/client/assets/liquid-B_heoyQr.js                                              18.10 kB │ gzip:   3.14 kB
dist/client/assets/provider-logo-CFzQedQL.js                                       18.13 kB │ gzip:   6.89 kB
dist/client/assets/svelte-Co-pD18M.js                                              18.24 kB │ gzip:   3.14 kB
dist/client/assets/order-trend-chart-5kxSjh0a.js                                   18.41 kB │ gzip:   6.14 kB
dist/client/assets/material-theme-Bm3Qr25_.js                                      18.61 kB │ gzip:   3.10 kB
dist/client/assets/material-theme-darker-2IIEA8gg.js                               18.62 kB │ gzip:   3.10 kB
dist/client/assets/material-theme-ocean-CHQ94UKr.js                                18.62 kB │ gzip:   3.12 kB
dist/client/assets/material-theme-lighter-uhdI0v04.js                              18.63 kB │ gzip:   3.10 kB
dist/client/assets/material-theme-palenight-B5W6OYN7.js                            18.63 kB │ gzip:   3.11 kB
dist/client/assets/gdscript-Cp2uCuqX.js                                            18.98 kB │ gzip:   3.75 kB
dist/client/assets/claude-purchase-guide-XHs0dBqr.js                               19.12 kB │ gzip:   6.49 kB
dist/client/assets/dist-CgmwlABq.js                                                19.16 kB │ gzip:   6.59 kB
dist/client/assets/groovy-CacY0gHj.js                                              19.17 kB │ gzip:   3.59 kB
dist/client/assets/products-Dnn1Y1RM.js                                            19.46 kB │ gzip:   7.29 kB
dist/client/assets/mdc-C9z51miu.js                                                 19.54 kB │ gzip:   6.66 kB
dist/client/assets/me-CxrzLxen.js                                                  20.03 kB │ gzip:   6.86 kB
dist/client/assets/ayu-dark-DluEY0Gj.js                                            20.07 kB │ gzip:   3.93 kB
dist/client/assets/ayu-mirage-Bqwy1Gya.js                                          20.08 kB │ gzip:   3.91 kB
dist/client/assets/glimmer-js-AhV_N0ac.js                                          20.08 kB │ gzip:   2.94 kB
dist/client/assets/glimmer-ts-DegHscw6.js                                          20.08 kB │ gzip:   2.93 kB
dist/client/assets/powershell-DshXNtvi.js                                          20.14 kB │ gzip:   4.05 kB
dist/client/assets/ayu-light-C3h-C4tm.js                                           20.14 kB │ gzip:   3.89 kB
dist/client/assets/viml-DvXPmvsu.js                                                20.35 kB │ gzip:   6.73 kB
dist/client/assets/nushell-DcLAeLz5.js                                             20.40 kB │ gzip:   5.21 kB
dist/client/assets/snazzy-light-4G7pJPwS.js                                        20.77 kB │ gzip:   3.80 kB
dist/client/assets/twig-B_JbMEiC.js                                                20.90 kB │ gzip:   3.66 kB
dist/client/assets/dracula-BHWKrbxM.js                                             21.06 kB │ gzip:   3.99 kB
dist/client/assets/dracula-soft-5eyTD99u.js                                        21.07 kB │ gzip:   4.02 kB
dist/client/assets/orders-DwlqM87y.js                                              21.20 kB │ gzip:   7.56 kB
dist/client/assets/wit-DdvCle-K.js                                                 21.46 kB │ gzip:   2.87 kB
dist/client/assets/rose-pine-BthvhNj6.js                                           21.74 kB │ gzip:   3.86 kB
dist/client/assets/rose-pine-moon-hon4tzzS.js                                      21.75 kB │ gzip:   3.87 kB
dist/client/assets/rose-pine-dawn-Dg85fqjY.js                                      21.75 kB │ gzip:   3.88 kB
dist/client/assets/nim-lqz9FHuY.js                                                 22.45 kB │ gzip:   3.15 kB
dist/client/assets/common-lisp-Cv5bFMCO.js                                         22.57 kB │ gzip:   6.07 kB
dist/client/assets/surrealql-KcKhyST-.js                                           22.58 kB │ gzip:   4.31 kB
dist/client/assets/gruvbox-dark-hard-C820rvS2.js                                   22.63 kB │ gzip:   4.15 kB
dist/client/assets/gruvbox-dark-soft-MrdJrrXF.js                                   22.63 kB │ gzip:   4.15 kB
dist/client/assets/gruvbox-light-hard-BC_s9l72.js                                  22.63 kB │ gzip:   4.16 kB
dist/client/assets/gruvbox-light-soft-BSMLrYjP.js                                  22.63 kB │ gzip:   4.16 kB
dist/client/assets/gruvbox-dark-medium-BPjhmG05.js                                 22.63 kB │ gzip:   4.15 kB
dist/client/assets/gruvbox-light-medium-BAWPOn9u.js                                22.63 kB │ gzip:   4.16 kB
dist/client/assets/bird2-C6vDhewU.js                                               22.93 kB │ gzip:   4.65 kB
dist/client/assets/telegram-C3s55VGS.js                                            22.99 kB │ gzip:   8.32 kB
dist/client/assets/input-COPxU6Mv.js                                               23.11 kB │ gzip:   8.60 kB
dist/client/assets/sql-BehsYxsr.js                                                 23.49 kB │ gzip:   7.51 kB
dist/client/assets/cadence-CQ2zXKGN.js                                             23.66 kB │ gzip:   3.65 kB
dist/client/assets/astro-hHUMNzBM.js                                               24.02 kB │ gzip:   7.59 kB
dist/client/assets/apl-4oP12MhF.js                                                 24.02 kB │ gzip:   4.16 kB
dist/client/assets/templ-CiVHkQct.js                                               24.06 kB │ gzip:   5.41 kB
dist/client/assets/angular-html-AWG2fXcg.js                                        24.24 kB │ gzip:   3.98 kB
dist/client/assets/vhdl-BroJfC0k.js                                                24.25 kB │ gzip:   3.86 kB
dist/client/assets/vue-CxwoP0s5.js                                                 24.48 kB │ gzip:   2.96 kB
dist/client/assets/purescript-9MfHhQsQ.js                                          24.67 kB │ gzip:   3.24 kB
dist/client/assets/typespec-BRdr0IET.js                                            25.03 kB │ gzip:   2.62 kB
dist/client/assets/one-light-D7Lr4KcI.js                                           25.29 kB │ gzip:   3.63 kB
dist/client/assets/fsharp-D13ZGOAj.js                                              25.30 kB │ gzip:   4.12 kB
dist/client/assets/marko-D2swMlbT.js                                               25.48 kB │ gzip:   3.59 kB
dist/client/assets/ip-check-CV2hGa47.js                                            25.64 kB │ gzip:  11.36 kB
dist/client/assets/night-owl-light-eJ-hLW7d.js                                     25.89 kB │ gzip:   4.23 kB
dist/client/assets/system-verilog-DJ5XKQeo.js                                      26.19 kB │ gzip:   4.82 kB
dist/client/assets/dist-tyWqy3TS.js                                                26.40 kB │ gzip:  10.21 kB
dist/client/assets/nord-Cb4Vim4T.js                                                26.72 kB │ gzip:   4.35 kB
dist/client/assets/codeql-oeQT6MSM.js                                              26.87 kB │ gzip:   3.79 kB
dist/client/assets/c3-BFHwR3_K.js                                                  26.96 kB │ gzip:   3.92 kB
dist/client/assets/scss-C757v1UC.js                                                27.26 kB │ gzip:   4.23 kB
dist/client/assets/users-CHZTZJQ6.js                                               27.28 kB │ gzip:   9.71 kB
dist/client/assets/java-DdqDADv3.js                                                27.28 kB │ gzip:   4.31 kB
dist/client/assets/coffee-DQkQ2R7F.js                                              27.42 kB │ gzip:   6.35 kB
dist/client/assets/razor-BecTOKbo.js                                               27.45 kB │ gzip:   3.54 kB
dist/client/assets/scala-DKOlJaKm.js                                               28.87 kB │ gzip:   3.92 kB
dist/client/assets/night-owl-DhmEMT88.js                                           28.91 kB │ gzip:   5.14 kB
dist/client/assets/checkout-YJ6lODG-.js                                            29.32 kB │ gzip:   9.68 kB
dist/client/assets/crystal-hL0XcUh4.js                                             29.41 kB │ gzip:   4.44 kB
dist/client/assets/mermaid-Bk4SNUv9.js                                             29.50 kB │ gzip:   3.64 kB
dist/client/assets/applescript-CCn79oCD.js                                         29.56 kB │ gzip:   5.94 kB
dist/client/assets/utils-De9zevNa.js                                               30.03 kB │ gzip:   9.87 kB
dist/client/assets/order-DgcAiAx9.js                                               30.59 kB │ gzip:   9.99 kB
dist/client/assets/julia-7fUaDCMA.js                                               31.00 kB │ gzip:   4.30 kB
dist/client/assets/stylus-B6D30XZt.js                                              31.06 kB │ gzip:   8.01 kB
dist/client/assets/admin-69QQPPWG.js                                               31.20 kB │ gzip:  12.51 kB
dist/client/assets/auth-client-1D1eWbY4.js                                         31.62 kB │ gzip:  11.70 kB
dist/client/assets/route-lCSaSb_T.js                                               32.32 kB │ gzip:  11.51 kB
dist/client/assets/payment-configurations-CRdEjSkf.js                              32.37 kB │ gzip:  10.88 kB
dist/client/assets/dist-CXmQ5Dql.js                                                32.58 kB │ gzip:   9.13 kB
dist/client/assets/poimandres-DRFjx7u4.js                                          33.49 kB │ gzip:   5.49 kB
dist/client/assets/one-dark-pro-CLwyXe_n.js                                        33.78 kB │ gzip:   5.50 kB
dist/client/assets/bsl-BkkzgIyY.js                                                 33.86 kB │ gzip:   8.34 kB
dist/client/assets/fp.esm-CAcvCytv.js                                              34.06 kB │ gzip:  15.35 kB
dist/client/assets/haxe-OTjmBuCE.js                                                35.15 kB │ gzip:   5.90 kB
dist/client/assets/nginx-BDUKxkTU.js                                               35.35 kB │ gzip:   4.45 kB
dist/client/assets/houston-CsvMBhTu.js                                             35.41 kB │ gzip:   5.76 kB
dist/client/assets/createServerFn-DA9eazIA.js                                      35.57 kB │ gzip:  11.60 kB
dist/client/assets/tokyo-night-oM2G3aXe.js                                         35.66 kB │ gzip:   6.22 kB
dist/client/assets/erlang-Cphh6RMH.js                                              37.47 kB │ gzip:   4.36 kB
dist/client/assets/web-support-contract-BHk8VV9j.js                                38.07 kB │ gzip:   8.38 kB
dist/client/assets/cobol-BlADxxBY.js                                               39.07 kB │ gzip:  10.89 kB
dist/client/assets/asm-Cmm7eHzH.js                                                 40.71 kB │ gzip:   8.16 kB
dist/client/assets/haskell-D8IpX4py.js                                             41.48 kB │ gzip:   6.41 kB
dist/client/assets/shellscript-DN6UGIou.js                                         41.54 kB │ gzip:   6.13 kB
dist/client/assets/perl-BAYYF4zM.js                                                43.14 kB │ gzip:   4.64 kB
dist/client/assets/d-qD-0Kul2.js                                                   43.78 kB │ gzip:   8.43 kB
dist/client/assets/_productId-C3sLxvPj.js                                          44.68 kB │ gzip:  15.09 kB
dist/client/assets/ruby-Dnpsd6R8.js                                                46.60 kB │ gzip:   5.71 kB
dist/client/assets/go-rLFTqkRN.js                                                  46.81 kB │ gzip:   5.14 kB
dist/client/assets/catppuccin-mocha-DYhrFGRu.js                                    47.25 kB │ gzip:   7.98 kB
dist/client/assets/catppuccin-latte-DwIHMF0Q.js                                    47.25 kB │ gzip:   7.98 kB
dist/client/assets/catppuccin-frappe-3VR1Za6u.js                                   47.25 kB │ gzip:   7.99 kB
dist/client/assets/catppuccin-macchiato-DYnBP6_5.js                                47.26 kB │ gzip:   7.99 kB
dist/client/assets/apex-VAyPSnFM.js                                                47.76 kB │ gzip:   6.81 kB
dist/client/assets/ada-C5qYipkI.js                                                 48.07 kB │ gzip:   5.96 kB
dist/client/assets/css-BbkkzYil.js                                                 49.10 kB │ gzip:  11.96 kB
dist/client/assets/imba-DsUTQ-LC.js                                                49.92 kB │ gzip:   9.47 kB
dist/client/assets/everforest-dark-sB-x3p7T.js                                     53.74 kB │ gzip:   8.37 kB
dist/client/assets/everforest-light-Df2xbC6M.js                                    53.74 kB │ gzip:   8.36 kB
dist/client/assets/wikitext-ClFFjSW2.js                                            55.87 kB │ gzip:   4.81 kB
dist/client/assets/stata-6PNHbGdU.js                                               56.99 kB │ gzip:  12.39 kB
dist/client/assets/html-DFY5a9NU.js                                                57.32 kB │ gzip:  11.78 kB
dist/client/assets/useForm-CzjFi3gp.js                                             58.67 kB │ gzip:  14.16 kB
dist/client/assets/ballerina-B7ZEbQpA.js                                           58.68 kB │ gzip:   8.10 kB
dist/client/assets/markdown-BYOwaDjH.js                                            59.32 kB │ gzip:   5.66 kB
dist/client/assets/ocaml-O90oeIOV.js                                               62.44 kB │ gzip:   5.04 kB
dist/client/assets/select-C87H1YKz.js                                              68.87 kB │ gzip:  23.08 kB
dist/client/assets/mojo-BgCJLMeH.js                                                69.79 kB │ gzip:   9.21 kB
dist/client/assets/schemas-Bn6TbC5B.js                                             69.91 kB │ gzip:  18.61 kB
dist/client/assets/python-gzcpVVnB.js                                              69.94 kB │ gzip:   9.09 kB
dist/client/assets/account-sections-C2k1Iaxd.js                                    71.22 kB │ gzip:  21.79 kB
dist/client/assets/c-C30chsQQ.js                                                   72.17 kB │ gzip:  10.55 kB
dist/client/assets/latex-DumQiFCf.js                                               72.87 kB │ gzip:   6.74 kB
dist/client/assets/vyper-CgoNMtux.js                                               74.64 kB │ gzip:  10.69 kB
dist/client/assets/hack-CceX7QQt.js                                                81.05 kB │ gzip:  26.43 kB
dist/client/assets/route-BWkwWXRr.js                                               85.55 kB │ gzip:  32.00 kB
dist/client/assets/swift-DonLKvLd.js                                               86.68 kB │ gzip:  14.69 kB
dist/client/assets/fortran-free-form-CYNrtFtB.js                                   88.96 kB │ gzip:  11.18 kB
dist/client/assets/csharp-oqKa8noW.js                                              90.18 kB │ gzip:  10.71 kB
dist/client/assets/route-BAN7X3k4.js                                               90.27 kB │ gzip:  23.72 kB
dist/client/assets/racket-DcIDlBhZ.js                                              92.38 kB │ gzip:  15.07 kB
dist/client/assets/less-DVTAwKKz.js                                                97.62 kB │ gzip:  14.84 kB
dist/client/assets/blade-BWXQ67zd.js                                              104.97 kB │ gzip:  28.30 kB
dist/client/assets/objective-c-D1A_Heim.js                                        105.40 kB │ gzip:  23.63 kB
dist/client/assets/product-editor-CaVUaAAY.js                                     108.75 kB │ gzip:  36.95 kB
dist/client/assets/php-BJu8sUlz.js                                                113.08 kB │ gzip:  28.85 kB
dist/client/assets/form-bVw88Rz8.js                                               127.16 kB │ gzip:  38.12 kB
dist/client/assets/asciidoc-DE70LPWp.js                                           131.52 kB │ gzip:   9.31 kB
dist/client/assets/mdx-DQZ5AkYe.js                                                136.10 kB │ gzip:  23.54 kB
dist/client/assets/objective-cpp-BsSzOQcm.js                                      171.96 kB │ gzip:  30.98 kB
dist/client/assets/javascript-BCdz0Vdv.js                                         174.89 kB │ gzip:  16.68 kB
dist/client/assets/tsx-C8SCxxRM.js                                                175.60 kB │ gzip:  16.67 kB
dist/client/assets/jsx-BInicPx4.js                                                177.85 kB │ gzip:  16.77 kB
dist/client/assets/typescript-D7JPGPxO.js                                         181.14 kB │ gzip:  16.29 kB
dist/client/assets/angular-ts-WHX5nyua.js                                         183.73 kB │ gzip:  16.78 kB
dist/client/assets/vue-vine-BHGavUqe.js                                           190.05 kB │ gzip:  18.07 kB
dist/client/assets/wolfram-DLL8P-h_.js                                            262.38 kB │ gzip:  77.63 kB
dist/client/assets/chart-Dan0uYmE.js                                              370.04 kB │ gzip: 106.97 kB
dist/client/assets/index-CGowljpN.js                                              500.06 kB │ gzip: 156.42 kB
dist/client/assets/wasm-BnjxR4X6.js                                               622.32 kB │ gzip: 232.09 kB
dist/client/assets/cpp-Bn1KUhbt.js                                                626.13 kB │ gzip:  48.09 kB
dist/client/assets/emacs-lisp-B4R74twV.js                                         779.87 kB │ gzip: 197.55 kB
dist/client/assets/client-Drp35Uge.js                                           2,315.80 kB │ gzip: 775.33 kB

✓ built in 18.09s
[plugin builtin:vite-reporter] 
(!) Some chunks are larger than 500 kB after minification. Consider:
- Using dynamic import() to code-split the application
- Use build.rolldownOptions.output.codeSplitting to improve chunking: https://rolldown.rs/reference/OutputOptions.codeSplitting
- Adjust chunk size limit for this warning via build.chunkSizeWarningLimit.
vite v8.1.4 building ssr environment for production...
ℹ [paraglide-js] Compilation skipped — inputs unchanged (message-modules)
[2Ktransforming...✓ 10175 modules transformed.
rendering chunks...
computing gzip size...
dist/server/wrangler.json                                                         1.87 kB │ gzip:   0.90 kB
dist/server/assets/manrope-cyrillic-wght-normal-Dvxsihut.woff2                   14.50 kB
dist/server/assets/inter-cyrillic-wght-normal-DqGufNeO.woff2                     18.74 kB
dist/server/assets/noto-sans-cyrillic-wght-normal-B2hlT84T.woff2                 20.08 kB
dist/server/assets/nunito-cyrillic-wght-normal-CY6AOgYE.woff2                    20.77 kB
dist/server/assets/manrope-latin-wght-normal-DHIcAJRg.woff2                      24.83 kB
dist/server/assets/noto-sans-latin-wght-normal-BYSzYMf3.woff2                    35.82 kB
dist/server/assets/nunito-latin-wght-normal-BzFMHfZw.woff2                       39.12 kB
dist/server/assets/inter-latin-wght-normal-Dx4kXJAl.woff2                        48.25 kB
dist/server/.vite/manifest.json                                                 204.79 kB │ gzip:  26.88 kB
dist/server/assets/global-lhLL-9DU.css                                          183.69 kB │ gzip:  28.22 kB
dist/server/assets/kysely-adapter-Bq1Zvm7A.js                                     0.13 kB │ gzip:   0.10 kB
dist/server/assets/queryOptions-B2ZW5DUX.js                                       0.19 kB │ gzip:   0.16 kB
dist/server/assets/dist-wYSgn2Cb.js                                               0.19 kB │ gzip:   0.17 kB
dist/server/assets/schema-BczROSCd.js                                             0.20 kB │ gzip:   0.17 kB
dist/server/assets/500-DqxdC16L.js                                                0.21 kB │ gzip:   0.16 kB
dist/server/assets/admin-C4ZnFkR4.js                                              0.21 kB │ gzip:   0.16 kB
dist/server/assets/products-ChZO1_TZ.js                                           0.21 kB │ gzip:   0.16 kB
dist/server/assets/404-Dl_ERlLs.js                                                0.21 kB │ gzip:   0.16 kB
dist/server/assets/site-brand-CNSZ18sB.js                                         0.24 kB │ gzip:   0.20 kB
dist/server/assets/sessions-CjXfpL2C.js                                           0.24 kB │ gzip:   0.17 kB
dist/server/assets/reauthentication-schema-Dv6yrI_j.js                            0.24 kB │ gzip:   0.19 kB
dist/server/assets/modules-Df__U-NN.js                                            0.24 kB │ gzip:   0.17 kB
dist/server/assets/empty-plugin-adapters-De36uHlq.js                              0.25 kB │ gzip:   0.18 kB
dist/server/assets/permission-bits-3rWpPtKN.js                                    0.25 kB │ gzip:   0.17 kB
dist/server/assets/domain-error-CPdvMkjT.js                                       0.26 kB │ gzip:   0.18 kB
dist/server/assets/error-YEm8YC46.js                                              0.31 kB │ gzip:   0.21 kB
dist/server/assets/useQuery-BB4FM-JQ.js                                           0.32 kB │ gzip:   0.22 kB
dist/server/assets/locales-6qnNRrQN.js                                            0.35 kB │ gzip:   0.27 kB
dist/server/assets/_orderId-aNJ17IhQ.js                                           0.38 kB │ gzip:   0.22 kB
dist/server/assets/route-CB_xZnM9.js                                              0.38 kB │ gzip:   0.25 kB
dist/server/assets/chevron-down-CaEHNQXl.js                                       0.38 kB │ gzip:   0.27 kB
dist/server/assets/chevron-left-ecsZfWP4.js                                       0.38 kB │ gzip:   0.28 kB
dist/server/assets/chevron-right-PQMifaMy.js                                      0.38 kB │ gzip:   0.27 kB
dist/server/assets/route-1yMtcidn.js                                              0.39 kB │ gzip:   0.26 kB
dist/server/assets/edit-BX34C06N.js                                               0.39 kB │ gzip:   0.23 kB
dist/server/assets/_productId-BP1Bxg-1.js                                         0.39 kB │ gzip:   0.23 kB
dist/server/assets/_productId-BvtV7ojV.js                                         0.39 kB │ gzip:   0.23 kB
dist/server/assets/site-assets-CiSu7ETc.js                                        0.39 kB │ gzip:   0.23 kB
dist/server/assets/x-DsBhoQfJ.js                                                  0.40 kB │ gzip:   0.28 kB
dist/server/assets/trash-Cz9QnHXE.js                                              0.40 kB │ gzip:   0.25 kB
dist/server/assets/plus-kZWv10Q6.js                                               0.40 kB │ gzip:   0.28 kB
dist/server/assets/public-CfHACHV9.js                                             0.41 kB │ gzip:   0.27 kB
dist/server/assets/access-DlR1tr2Q.js                                             0.42 kB │ gzip:   0.25 kB
dist/server/assets/orders-Cf8C9ozx.js                                             0.42 kB │ gzip:   0.25 kB
dist/server/assets/secrets-C-4nZb_i.js                                            0.42 kB │ gzip:   0.25 kB
dist/server/assets/commerce-BaVnu5bU.js                                           0.42 kB │ gzip:   0.25 kB
dist/server/assets/createServerRpc-B66idmE5.js                                    0.42 kB │ gzip:   0.29 kB
dist/server/assets/retention-BPIKaHkJ.js                                          0.42 kB │ gzip:   0.25 kB
dist/server/assets/arrow-left-BDWhjnmQ.js                                         0.42 kB │ gzip:   0.29 kB
dist/server/assets/operations-CD-BNLUi.js                                         0.42 kB │ gzip:   0.25 kB
dist/server/assets/arrow-right-CyZnqTpT.js                                        0.42 kB │ gzip:   0.29 kB
dist/server/assets/fulfillment-BKNCmzC6.js                                        0.43 kB │ gzip:   0.25 kB
dist/server/assets/clock-3-DHgDZeyn.js                                            0.43 kB │ gzip:   0.29 kB
dist/server/assets/play-DQpsiuLB.js                                               0.43 kB │ gzip:   0.31 kB
dist/server/assets/queries-CfgFUfMf.js                                            0.43 kB │ gzip:   0.24 kB
dist/server/assets/search-B0MGdtXh.js                                             0.43 kB │ gzip:   0.30 kB
dist/server/assets/circle-check-GXj681Fn.js                                       0.45 kB │ gzip:   0.30 kB
dist/server/assets/skeleton-DwC1gRDg.js                                           0.46 kB │ gzip:   0.30 kB
dist/server/assets/rotate-ccw-B9JqRm7h.js                                         0.46 kB │ gzip:   0.31 kB
dist/server/assets/queries-DKIH2Q9V.js                                            0.46 kB │ gzip:   0.25 kB
dist/server/assets/secrets-BZ5t0DCn.js                                            0.46 kB │ gzip:   0.22 kB
dist/server/assets/matchContext-BILXWDSj.js                                       0.46 kB │ gzip:   0.27 kB
dist/server/assets/mail-D-QSmmjp.js                                               0.47 kB │ gzip:   0.33 kB
dist/server/assets/payment-region-6lIrYiAD.js                                     0.48 kB │ gzip:   0.28 kB
dist/server/assets/activity-B1VPzLMM.js                                           0.48 kB │ gzip:   0.33 kB
dist/server/assets/context-DwefvWrW.js                                            0.48 kB │ gzip:   0.28 kB
dist/server/assets/_orderNumber-CKYswwTs.js                                       0.48 kB │ gzip:   0.28 kB
dist/server/assets/info-BpWMllSe.js                                               0.48 kB │ gzip:   0.31 kB
dist/server/assets/after-sale-status-CKYy7fnf.js                                  0.48 kB │ gzip:   0.26 kB
dist/server/assets/credit-card-BA8Csoke.js                                        0.49 kB │ gzip:   0.32 kB
dist/server/assets/cache-observability-B1ZDT-cx.js                                0.49 kB │ gzip:   0.31 kB
dist/server/assets/copy-DPrsF51R.js                                               0.50 kB │ gzip:   0.34 kB
dist/server/assets/zap-CAT6r-Uv.js                                                0.50 kB │ gzip:   0.34 kB
dist/server/assets/coerce-CUE2mQPH.js                                             0.50 kB │ gzip:   0.27 kB
dist/server/assets/new-CR8xovzj.js                                                0.50 kB │ gzip:   0.30 kB
dist/server/assets/log-in-sDs4V01u.js                                             0.50 kB │ gzip:   0.32 kB
dist/server/assets/download-K_4CNL52.js                                           0.51 kB │ gzip:   0.32 kB
dist/server/assets/edit-BdnuYBrX.js                                               0.52 kB │ gzip:   0.29 kB
dist/server/assets/pencil-DLhcIjJl.js                                             0.53 kB │ gzip:   0.36 kB
dist/server/assets/external-link-CD3O1JO2.js                                      0.54 kB │ gzip:   0.34 kB
dist/server/assets/send-CVFqxP1j.js                                               0.54 kB │ gzip:   0.36 kB
dist/server/assets/triangle-alert-DDxSG9g1.js                                     0.55 kB │ gzip:   0.35 kB
dist/server/assets/new-D4RukTDI.js                                                0.55 kB │ gzip:   0.32 kB
dist/server/assets/laptop-CXimMPJg.js                                             0.56 kB │ gzip:   0.36 kB
dist/server/assets/settings-c40yMswV.js                                           0.56 kB │ gzip:   0.31 kB
dist/server/assets/identity-email-pr5vP0Rp.js                                     0.56 kB │ gzip:   0.27 kB
dist/server/assets/account-Bnly0pIy.js                                            0.56 kB │ gzip:   0.32 kB
dist/server/assets/settings-2-CV2QDB5a.js                                         0.56 kB │ gzip:   0.33 kB
dist/server/assets/orders-DMwXFVth.js                                             0.56 kB │ gzip:   0.32 kB
dist/server/assets/session-CpJpFLas.js                                            0.56 kB │ gzip:   0.33 kB
dist/server/assets/string-DQrlv60C.js                                             0.57 kB │ gzip:   0.36 kB
dist/server/assets/notifications-CS_gHeju.js                                      0.57 kB │ gzip:   0.31 kB
dist/server/assets/shield-check-CpI20toI.js                                       0.58 kB │ gzip:   0.38 kB
dist/server/assets/entitlements-CbOUkD3a.js                                       0.59 kB │ gzip:   0.32 kB
dist/server/assets/wallet-cards-GbGlGKlL.js                                       0.59 kB │ gzip:   0.37 kB
dist/server/assets/save-BF1trMfA.js                                               0.60 kB │ gzip:   0.36 kB
dist/server/assets/users-993XMYkp.js                                              0.60 kB │ gzip:   0.36 kB
dist/server/assets/_orderNumber-TEpKL3Ye.js                                       0.60 kB │ gzip:   0.34 kB
dist/server/assets/refresh-cw-5L8Bw_et.js                                         0.61 kB │ gzip:   0.36 kB
dist/server/assets/dist-Kwory-DS.js                                               0.62 kB │ gzip:   0.36 kB
dist/server/assets/key-round-BxAWujDh.js                                          0.62 kB │ gzip:   0.39 kB
dist/server/assets/shopping-bag-81SR3QHY.js                                       0.62 kB │ gzip:   0.38 kB
dist/server/assets/createSsrRpc-ByoMrLsP.js                                       0.63 kB │ gzip:   0.39 kB
dist/server/assets/trash-2-DfE3YLv9.js                                            0.63 kB │ gzip:   0.35 kB
dist/server/assets/user-plus-wfiVGKeb.js                                          0.63 kB │ gzip:   0.38 kB
dist/server/assets/client-DlRjx3IJ.js                                             0.64 kB │ gzip:   0.38 kB
dist/server/assets/schema-D75bRI9u.js                                             0.65 kB │ gzip:   0.36 kB
dist/server/assets/hammer-C9o9cf-1.js                                             0.67 kB │ gzip:   0.42 kB
dist/server/assets/reauthenticate-qk1Qhn8j.js                                     0.68 kB │ gzip:   0.41 kB
dist/server/assets/common_new-CsO4lAbc.js                                         0.69 kB │ gzip:   0.38 kB
dist/server/assets/earth-DcG0zmSU.js                                              0.69 kB │ gzip:   0.40 kB
dist/server/assets/audit_time-NkjdT2K8.js                                         0.69 kB │ gzip:   0.37 kB
dist/server/assets/bell-ring-E6Zbqe-f.js                                          0.69 kB │ gzip:   0.42 kB
dist/server/assets/common_copy-kl3UzHiR.js                                        0.70 kB │ gzip:   0.38 kB
dist/server/assets/common_edit-73eVeVSe.js                                        0.70 kB │ gzip:   0.38 kB
dist/server/assets/common_name-DwIpEX1B.js                                        0.70 kB │ gzip:   0.38 kB
dist/server/assets/auth_submit-DxwN3rNS.js                                        0.70 kB │ gzip:   0.38 kB
dist/server/assets/nav_coupons-DSLZ1hEA.js                                        0.71 kB │ gzip:   0.38 kB
dist/server/assets/common_close-BEK5Nvpg.js                                       0.71 kB │ gzip:   0.38 kB
dist/server/assets/common_email-BPRX9ZtR.js                                       0.71 kB │ gzip:   0.38 kB
dist/server/assets/common_retry-DbcYCzpt.js                                       0.71 kB │ gzip:   0.38 kB
dist/server/assets/audit_export-CdVPYgO6.js                                       0.71 kB │ gzip:   0.38 kB
dist/server/assets/unit_minutes-BNjxRg6l.js                                       0.71 kB │ gzip:   0.38 kB
dist/server/assets/nav_products-DECnugMa.js                                       0.71 kB │ gzip:   0.38 kB
dist/server/assets/scan-search-QEMbfdiR.js                                        0.72 kB │ gzip:   0.39 kB
dist/server/assets/_orderNumber-7ZEtQPec.js                                       0.72 kB │ gzip:   0.39 kB
dist/server/assets/common_cancel-CIhh-F8R.js                                      0.72 kB │ gzip:   0.38 kB
dist/server/assets/common_delete-DYSVpBjT.js                                      0.72 kB │ gzip:   0.38 kB
dist/server/assets/common_search-BxUT7uBC.js                                      0.72 kB │ gzip:   0.38 kB
dist/server/assets/common_status-2nHFX_2a.js                                      0.72 kB │ gzip:   0.38 kB
dist/server/assets/status_failed-BlBTlYND.js                                      0.72 kB │ gzip:   0.38 kB
dist/server/assets/store_my_title-DnfssogC.js                                     0.72 kB │ gzip:   0.39 kB
dist/server/assets/coupons_value-hxLxx0J7.js                                      0.72 kB │ gzip:   0.39 kB
dist/server/assets/store_nav_shop-DNbdpsb-.js                                     0.72 kB │ gzip:   0.38 kB
dist/server/assets/common_actions-cchdWPay.js                                     0.73 kB │ gzip:   0.38 kB
dist/server/assets/common_enabled-DraSvTza.js                                     0.73 kB │ gzip:   0.39 kB
dist/server/assets/common_goback1-61nLk7lI.js                                     0.73 kB │ gzip:   0.39 kB
dist/server/assets/common_refresh-KGvOeDZ4.js                                     0.73 kB │ gzip:   0.38 kB
dist/server/assets/public_sign_in-DQ4opJMa.js                                     0.73 kB │ gzip:   0.39 kB
dist/server/assets/status_unknown-r1jPPTBi.js                                     0.73 kB │ gzip:   0.38 kB
dist/server/assets/status-D0bN08QA.js                                             0.73 kB │ gzip:   0.40 kB
dist/server/assets/common_created-OqES8rRm.js                                     0.74 kB │ gzip:   0.40 kB
dist/server/assets/common_password-BdxIY778.js                                    0.74 kB │ gzip:   0.38 kB
dist/server/assets/common_loading-D3Sc0vLl.js                                     0.74 kB │ gzip:   0.40 kB
dist/server/assets/nav_audit_logs-MRY9ImO4.js                                     0.74 kB │ gzip:   0.40 kB
dist/server/assets/route-JU8WLMlr.js                                              0.74 kB │ gzip:   0.39 kB
dist/server/assets/settings-CHO9ImiL.js                                           0.75 kB │ gzip:   0.39 kB
dist/server/assets/webhook-url-CLP6q7id.js                                        0.75 kB │ gzip:   0.43 kB
dist/server/assets/site-brand-provider-B-MMRowA.js                                0.75 kB │ gzip:   0.38 kB
dist/server/assets/shop_orders_order-GG6MXcCb.js                                  0.75 kB │ gzip:   0.38 kB
dist/server/assets/shop_orders_items-BrLmSYf1.js                                  0.76 kB │ gzip:   0.40 kB
dist/server/assets/shop_orders_view-CLR10T41.js                                   0.76 kB │ gzip:   0.41 kB
dist/server/assets/store_cart_title-BMO1xD3V.js                                   0.76 kB │ gzip:   0.40 kB
dist/server/assets/commerce-events-DXQiq1sh.js                                    0.76 kB │ gzip:   0.41 kB
dist/server/assets/store_nav_orders-DDTH_RTd.js                                   0.76 kB │ gzip:   0.41 kB
dist/server/assets/functions-BXN7Q7iJ.js                                          0.77 kB │ gzip:   0.46 kB
dist/server/assets/common_last_error-DlxPJo_n.js                                  0.77 kB │ gzip:   0.40 kB
dist/server/assets/catalog_price_minor-D0CDUqap.js                                0.77 kB │ gzip:   0.39 kB
dist/server/assets/notifications_event-DKiyXvnu.js                                0.77 kB │ gzip:   0.39 kB
dist/server/assets/store_order_total-BkhMHGQU.js                                  0.77 kB │ gzip:   0.40 kB
dist/server/assets/catalog-DuimLTYn.js                                            0.77 kB │ gzip:   0.40 kB
dist/server/assets/catalog_updated_at-B25_iAlx.js                                 0.77 kB │ gzip:   0.40 kB
dist/server/assets/system_nav_orders-BhNXEgTG.js                                  0.78 kB │ gzip:   0.41 kB
dist/server/assets/auth_signinfailed2-DEWQ2vs9.js                                 0.79 kB │ gzip:   0.41 kB
dist/server/assets/catalog_recycle_bin-BLrd3v2Z.js                                0.79 kB │ gzip:   0.40 kB
dist/server/assets/shop_dashboard_title-DAVoljPW.js                               0.79 kB │ gzip:   0.40 kB
dist/server/assets/nav_scheduled_tasks-BK9xPdgh.js                                0.80 kB │ gzip:   0.41 kB
dist/server/assets/nav_user_management-C4BA7vpb.js                                0.80 kB │ gzip:   0.41 kB
dist/server/assets/store_checkout_items-BiSFgrQa.js                               0.80 kB │ gzip:   0.41 kB
dist/server/assets/catalog_product_edit-D9-ZMBXJ.js                               0.80 kB │ gzip:   0.41 kB
dist/server/assets/settings_group_brand-CXYF03ev.js                               0.80 kB │ gzip:   0.41 kB
dist/server/assets/auth_back_to_sign_in-Dznto4pN.js                               0.81 kB │ gzip:   0.42 kB
dist/server/assets/errors_back_to_store-DriJMWxA.js                               0.81 kB │ gzip:   0.41 kB
dist/server/assets/store_lookup_title-Dje-UKjs.js                                 0.81 kB │ gzip:   0.42 kB
dist/server/assets/nav_queue_monitoring-C9uxLc7w.js                               0.81 kB │ gzip:   0.41 kB
dist/server/assets/shop_orders_created_at-DWxP05M6.js                             0.81 kB │ gzip:   0.41 kB
dist/server/assets/auth_forgot_password-BUmb4Z2d.js                               0.81 kB │ gzip:   0.42 kB
dist/server/assets/delivery_center_title-DxlBB9tt.js                              0.82 kB │ gzip:   0.41 kB
dist/server/assets/supplier_orders_title-R3QqIlkj.js                              0.82 kB │ gzip:   0.41 kB
dist/server/assets/auth_confirm_password-CODBNq4s.js                              0.82 kB │ gzip:   0.41 kB
dist/server/assets/nav_payment_channels-BirR2n8e.js                               0.82 kB │ gzip:   0.42 kB
dist/server/assets/money-input-DUVcqLTR.js                                        0.83 kB │ gzip:   0.42 kB
dist/server/assets/rate-limit-CTCAOIRm.js                                         0.83 kB │ gzip:   0.46 kB
dist/server/assets/inventory_usage_url-BEOUO8GF.js                                0.83 kB │ gzip:   0.44 kB
dist/server/assets/common_operation_failed-BopTB2Gk.js                            0.84 kB │ gzip:   0.41 kB
dist/server/assets/notifications_deliveries-2n3bg3ON.js                           0.84 kB │ gzip:   0.41 kB
dist/server/assets/automation_center_title-C45HssID.js                            0.84 kB │ gzip:   0.42 kB
dist/server/assets/supplier_accounts_title-DQqG7i4m.js                            0.84 kB │ gzip:   0.42 kB
dist/server/assets/supplier_products_title-Be21jU4k.js                            0.84 kB │ gzip:   0.41 kB
dist/server/assets/aisou_inventory_title-rc3CJVb2.js                              0.84 kB │ gzip:   0.42 kB
dist/server/assets/store_checkout_failed-DCYkSI8y.js                              0.84 kB │ gzip:   0.43 kB
dist/server/assets/payment-url-BPlYFJh3.js                                        0.85 kB │ gzip:   0.41 kB
dist/server/assets/supplier_upstream_details-C8iOlxho.js                          0.85 kB │ gzip:   0.41 kB
dist/server/assets/store_account_entitlements-CPwwIcc9.js                         0.85 kB │ gzip:   0.41 kB
dist/server/assets/redeem_warehouse_title-DwgdtiaN.js                             0.86 kB │ gzip:   0.43 kB
dist/server/assets/status-CrrcFZ5b.js                                             0.86 kB │ gzip:   0.41 kB
dist/server/assets/notifications_email_channel-KrRhIMoy.js                        0.87 kB │ gzip:   0.41 kB
dist/server/assets/functions-CWbv3nqz.js                                          0.88 kB │ gzip:   0.43 kB
dist/server/assets/package-open-BnzvY15V.js                                       0.88 kB │ gzip:   0.48 kB
dist/server/assets/web_support_failed-D0aRiwmG.js                                 0.88 kB │ gzip:   0.47 kB
dist/server/assets/supplier_provider_gmshop_edge-BN4nABwD.js                      0.88 kB │ gzip:   0.39 kB
dist/server/assets/notifications_email_templates-DqeapYpy.js                      0.89 kB │ gzip:   0.42 kB
dist/server/assets/_orderNumber-k431OhGx.js                                       0.89 kB │ gzip:   0.46 kB
dist/server/assets/catalog_operation_failed-BUjU8u44.js                           0.90 kB │ gzip:   0.44 kB
dist/server/assets/settings_supplier_api_enabled-DL8odGLR.js                      0.91 kB │ gzip:   0.43 kB
dist/server/assets/schema-DY4tjsfd.js                                             0.91 kB │ gzip:   0.46 kB
dist/server/assets/settings_error_asset_too_large-C1ZdkpeI.js                     0.92 kB │ gzip:   0.44 kB
dist/server/assets/app_title_description-CmT6MpaU.js                              0.92 kB │ gzip:   0.48 kB
dist/server/assets/auth_error_invalid_credentials-DRjyT1Rc.js                     0.95 kB │ gzip:   0.46 kB
dist/server/assets/site-brand-entry-BxXmHYAZ.js                                   0.96 kB │ gzip:   0.46 kB
dist/server/assets/settings_secret_configured-CM8FtKDs.js                         0.96 kB │ gzip:   0.48 kB
dist/server/assets/access_description-Dbpxgpkq.js                                 0.96 kB │ gzip:   0.51 kB
dist/server/assets/receipt-text-B1ErBlgC.js                                       0.96 kB │ gzip:   0.42 kB
dist/server/assets/store_account_notification_refund_failed-CB5s5IE0.js           0.98 kB │ gzip:   0.43 kB
dist/server/assets/store_my_description-Dd_a2rr2.js                               0.99 kB │ gzip:   0.53 kB
dist/server/assets/kysely-migration-tables-JkVUjPF_-BbXcaMGs.js                   1.00 kB │ gzip:   0.56 kB
dist/server/assets/useSearch-D9T6c9H_.js                                          1.02 kB │ gzip:   0.56 kB
dist/server/assets/dist-KCd9Nm7h.js                                               1.03 kB │ gzip:   0.57 kB
dist/server/assets/input-DxZMWV7i.js                                              1.06 kB │ gzip:   0.57 kB
dist/server/assets/secrets-mwLyQ-hR.js                                            1.07 kB │ gzip:   0.29 kB
dist/server/assets/account_change_password_old_password_required-D-n51223.js      1.08 kB │ gzip:   0.46 kB
dist/server/assets/root-3DwEivIH.js                                               1.13 kB │ gzip:   0.57 kB
dist/server/assets/useNavigate-Pz8MBylE.js                                        1.15 kB │ gzip:   0.64 kB
dist/server/assets/useRouterState-SRIVWimu.js                                     1.16 kB │ gzip:   0.60 kB
dist/server/assets/auth-animation-context-ZooVWXac.js                             1.17 kB │ gzip:   0.50 kB
dist/server/assets/schema-C8__R1-p2.js                                            1.23 kB │ gzip:   0.50 kB
dist/server/assets/boxes-0yq2OaF1.js                                              1.24 kB │ gzip:   0.54 kB
dist/server/assets/source-url-CzhDbUI1.js                                         1.26 kB │ gzip:   0.57 kB
dist/server/assets/outbox-NH0Co1eA.js                                             1.27 kB │ gzip:   0.68 kB
dist/server/assets/fees-zMJSrv6K.js                                               1.28 kB │ gzip:   0.46 kB
dist/server/assets/root-protection-Cjp-arUL.js                                    1.29 kB │ gzip:   0.60 kB
dist/server/assets/server-timing-Bz41MIVz.js                                      1.34 kB │ gzip:   0.58 kB
dist/server/assets/outbox-BS8J2fdg.js                                             1.35 kB │ gzip:   0.71 kB
dist/server/assets/rbac-json-O7QwhLdN.js                                          1.36 kB │ gzip:   0.65 kB
dist/server/assets/label-SJ4eUEBi.js                                              1.38 kB │ gzip:   0.69 kB
dist/server/assets/rates-3R79vUSB.js                                              1.38 kB │ gzip:   0.60 kB
dist/server/assets/rolldown-runtime-B-1-B7_t.js                                   1.40 kB │ gzip:   0.66 kB
dist/server/assets/account-navigation-B5_Exq95.js                                 1.41 kB │ gzip:   0.48 kB
dist/server/assets/dist-EMHibFKd.js                                               1.42 kB │ gzip:   0.69 kB
dist/server/assets/status_running-DAuxYOwH.js                                     1.42 kB │ gzip:   0.47 kB
dist/server/assets/package-search-lRJXOyxr.js                                     1.44 kB │ gzip:   0.57 kB
dist/server/assets/switch-BDCqPpWd.js                                             1.45 kB │ gzip:   0.67 kB
dist/server/assets/functions-BJ9k7_1m.js                                          1.45 kB │ gzip:   0.71 kB
dist/server/assets/wallet_balance-BvfXHVAx.js                                     1.45 kB │ gzip:   0.48 kB
dist/server/assets/supplier_api_secret-Cg1jp68F.js                                1.47 kB │ gzip:   0.45 kB
dist/server/assets/store_find_order-BjO2O_CY.js                                   1.48 kB │ gzip:   0.48 kB
dist/server/assets/qr-code-BmCH508O.js                                            1.49 kB │ gzip:   0.53 kB
dist/server/assets/shop_orders_timeline-CGT7OEW_.js                               1.49 kB │ gzip:   0.48 kB
dist/server/assets/context-ePvZFbfq.js                                            1.49 kB │ gzip:   0.55 kB
dist/server/assets/settings_save_changes-CnG_JS_4.js                              1.50 kB │ gzip:   0.48 kB
dist/server/assets/store_continue_shopping-aDk-MNE-.js                            1.51 kB │ gzip:   0.48 kB
dist/server/assets/catalog_currency_decimals-DwSB9JmI.js                          1.54 kB │ gzip:   0.49 kB
dist/server/assets/catalog_editor_title-BXdr-DWk.js                               1.55 kB │ gzip:   0.50 kB
dist/server/assets/auth_password_required-BS7QvMhP.js                             1.60 kB │ gzip:   0.50 kB
dist/server/assets/supplier_status_unavailable-CVwF2z4X.js                        1.61 kB │ gzip:   0.48 kB
dist/server/assets/access_permission_bits-BKG-ziIA.js                             1.62 kB │ gzip:   0.48 kB
dist/server/assets/badge-CWrNI5O8.js                                              1.62 kB │ gzip:   0.75 kB
dist/server/assets/install_description-CgouVUv7.js                                1.63 kB │ gzip:   0.56 kB
dist/server/assets/automation_center_open_run-BSmTHoWo.js                         1.63 kB │ gzip:   0.52 kB
dist/server/assets/pro_pagination_nextpage1-CXWbBKYY.js                           1.64 kB │ gzip:   0.48 kB
dist/server/assets/store_account_notifications-DD1Lvni1.js                        1.64 kB │ gzip:   0.50 kB
dist/server/assets/tasks-di8TxddH.js                                              1.64 kB │ gzip:   0.73 kB
dist/server/assets/route-CEGcFtKq.js                                              1.66 kB │ gzip:   0.79 kB
dist/server/assets/settings_site_logo_square-CiyZ7AtE.js                          1.66 kB │ gzip:   0.55 kB
dist/server/assets/settings_site_logo_title-C0jzNS0H.js                           1.67 kB │ gzip:   0.52 kB
dist/server/assets/route-DEJhLEKq.js                                              1.69 kB │ gzip:   0.76 kB
dist/server/assets/audit-LXpmPc52.js                                              1.70 kB │ gzip:   0.77 kB
dist/server/assets/admin-Ci2kHM9O.js                                              1.70 kB │ gzip:   0.77 kB
dist/server/assets/dist-D2nnKUON.js                                               1.71 kB │ gzip:   0.80 kB
dist/server/assets/quick-settings-BDHxM9tt.js                                     1.71 kB │ gzip:   0.70 kB
dist/server/assets/route-Zuc8vNmV.js                                              1.73 kB │ gzip:   0.77 kB
dist/server/assets/route-DlQsv287.js                                              1.74 kB │ gzip:   0.79 kB
dist/server/assets/ip_intro-DUAA6Dy1.js                                           1.77 kB │ gzip:   0.74 kB
dist/server/assets/separator-B2KMCV-w.js                                          1.80 kB │ gzip:   0.76 kB
dist/server/assets/functions-DLYkY9ks.js                                          1.81 kB │ gzip:   0.74 kB
dist/server/assets/tooltip-B6q9vLtN.js                                            1.83 kB │ gzip:   0.71 kB
dist/server/assets/page-header-Doux7pkO.js                                        1.89 kB │ gzip:   0.64 kB
dist/server/assets/useMatch-BHlbkpxB.js                                           1.89 kB │ gzip:   0.81 kB
dist/server/assets/ClientOnly-CreC5EF_.js                                         1.90 kB │ gzip:   0.87 kB
dist/server/assets/store_sign_in_to_purchase-Ipj5XY3k.js                          1.93 kB │ gzip:   0.64 kB
dist/server/assets/schema-7QEUFNFH.js                                             1.98 kB │ gzip:   0.74 kB
dist/server/assets/bounded-stream-DLZb1KSZ.js                                     1.99 kB │ gzip:   0.75 kB
dist/server/assets/signatures-DAceji4R.js                                         2.04 kB │ gzip:   0.78 kB
dist/server/assets/account-CZwSbX-6.js                                            2.06 kB │ gzip:   0.83 kB
dist/server/assets/public-CMqWwWAT.js                                             2.08 kB │ gzip:   0.90 kB
dist/server/assets/order-access-storage-CXzapLbE.js                               2.09 kB │ gzip:   0.81 kB
dist/server/assets/inventory-secrets-BSkOelRQ.js                                  2.09 kB │ gzip:   0.94 kB
dist/server/assets/queries-kF9rpl-N.js                                            2.09 kB │ gzip:   0.98 kB
dist/server/assets/card-Cgyoe57z.js                                               2.09 kB │ gzip:   0.74 kB
dist/server/assets/session-CdQe83AQ.js                                            2.12 kB │ gzip:   0.77 kB
dist/server/assets/collapsible-BqS0JrBb.js                                        2.12 kB │ gzip:   0.88 kB
dist/server/assets/warehouse-client-Bm845gyD.js                                   2.15 kB │ gzip:   0.99 kB
dist/server/assets/button-Dfwmn1aG.js                                             2.18 kB │ gzip:   0.92 kB
dist/server/assets/product-quantity-CLqifuNH.js                                   2.18 kB │ gzip:   0.75 kB
dist/server/assets/stock-availability-M24usvSI.js                                 2.19 kB │ gzip:   0.84 kB
dist/server/assets/sqlite-adapter-DzddKjcC.js                                     2.19 kB │ gzip:   0.84 kB
dist/server/assets/functions-hvtScQwr.js                                          2.24 kB │ gzip:   0.88 kB
dist/server/assets/system-rbac-wyNtSkoh.js                                        2.26 kB │ gzip:   0.85 kB
dist/server/assets/store_account_settings-cvf8s-dF.js                             2.28 kB │ gzip:   0.55 kB
dist/server/assets/provider-admin-jEG3hbVy.js                                     2.28 kB │ gzip:   0.82 kB
dist/server/assets/admin-Bq-jsPRJ.js                                              2.29 kB │ gzip:   0.79 kB
dist/server/assets/redirect-DLpv7ZcC.js                                           2.30 kB │ gzip:   0.97 kB
dist/server/assets/infrastructure_health_unknown-BRZC_Zz-.js                      2.37 kB │ gzip:   0.54 kB
dist/server/assets/functions-bpZ0W4ni.js                                          2.38 kB │ gzip:   0.87 kB
dist/server/assets/package-plus-BkGnXsa6.js                                       2.39 kB │ gzip:   0.89 kB
dist/server/assets/api-boundaries-BOer58Kn.js                                     2.39 kB │ gzip:   0.81 kB
dist/server/assets/exchange_rates_sync_now-Dg7jxWFv.js                            2.41 kB │ gzip:   0.57 kB
dist/server/assets/route-Bkz_r0dW.js                                              2.43 kB │ gzip:   1.01 kB
dist/server/assets/storefront-access-icsC4eUK.js                                  2.48 kB │ gzip:   1.10 kB
dist/server/assets/ip-address-C9ysFHVm.js                                         2.48 kB │ gzip:   0.96 kB
dist/server/assets/popover-CIUQOmxk.js                                            2.62 kB │ gzip:   0.95 kB
dist/server/assets/error-message-Dplki0dp.js                                      2.65 kB │ gzip:   0.81 kB
dist/server/assets/provider-D96rdZpO.js                                           2.73 kB │ gzip:   1.04 kB
dist/server/assets/units-DT608OXv.js                                              2.79 kB │ gzip:   0.98 kB
dist/server/assets/status_dispatching-0kZd73XL.js                                 2.80 kB │ gzip:   0.61 kB
dist/server/assets/(public)-BRlqHz5z.js                                           2.87 kB │ gzip:   1.23 kB
dist/server/assets/supplier_status_available-BkoUbcYk.js                          2.94 kB │ gzip:   0.63 kB
dist/server/assets/schema-B1DrZeSP.js                                             2.99 kB │ gzip:   1.13 kB
dist/server/assets/pro-table-url-state-Bvc3IoZ7.js                                3.00 kB │ gzip:   1.23 kB
dist/server/assets/inventory_revealed_title-DkavAB7m.js                           3.01 kB │ gzip:   0.61 kB
dist/server/assets/lazyRouteComponent-BxzKrbmb.js                                 3.08 kB │ gzip:   1.33 kB
dist/server/assets/general-error-NRP0ZFmk.js                                      3.09 kB │ gzip:   1.12 kB
dist/server/assets/cart-storage-XdnN13TG.js                                       3.12 kB │ gzip:   1.26 kB
dist/server/assets/account-functions-CTmO-v2N.js                                  3.22 kB │ gzip:   1.19 kB
dist/server/assets/createCsrfMiddleware-Bqj4BZso.js                               3.24 kB │ gzip:   1.03 kB
dist/server/assets/sign-in-D5x-Hxut.js                                            3.25 kB │ gzip:   1.21 kB
dist/server/assets/503-jIVJMmoH.js                                                3.25 kB │ gzip:   1.27 kB
dist/server/assets/catalog_preview-CG7yUwkK.js                                    3.26 kB │ gzip:   0.69 kB
dist/server/assets/401-CmIubSqf.js                                                3.30 kB │ gzip:   1.14 kB
dist/server/assets/sign-out-dialog-C60Q7T3c.js                                    3.31 kB │ gzip:   1.40 kB
dist/server/assets/health-CJ0rl3tM.js                                             3.38 kB │ gzip:   1.29 kB
dist/server/assets/seo-DHPRfzZA.js                                                3.39 kB │ gzip:   1.22 kB
dist/server/assets/format-K7FMCy3w.js                                             3.39 kB │ gzip:   0.98 kB
dist/server/assets/dropdown-menu-DebkJM_K.js                                      3.44 kB │ gzip:   1.07 kB
dist/server/assets/convert-delivery-hi8oa1Dh.js                                   3.46 kB │ gzip:   1.50 kB
dist/server/assets/image-dimensions-Dq7ragtI.js                                   3.47 kB │ gzip:   1.07 kB
dist/server/assets/currency-context-eg56_BhH.js                                   3.50 kB │ gzip:   1.18 kB
dist/server/assets/schema-DBSQDONZ.js                                             3.51 kB │ gzip:   1.28 kB
dist/server/assets/not-found-error-C4KQadRf.js                                    3.60 kB │ gzip:   1.36 kB
dist/server/assets/dist-FG0qn0rA.js                                               3.60 kB │ gzip:   1.13 kB
dist/server/assets/sync-settings-BC9zFGKc.js                                      3.64 kB │ gzip:   1.42 kB
dist/server/assets/auth-vgBafbQ6.js                                               3.65 kB │ gzip:   1.55 kB
dist/server/assets/schema-D0UKBhod.js                                             3.69 kB │ gzip:   1.17 kB
dist/server/assets/error-page-CsndXpMA.js                                         3.72 kB │ gzip:   1.36 kB
dist/server/assets/schema-DWOf--_V.js                                             3.79 kB │ gzip:   1.23 kB
dist/server/assets/ledger-DBeNAOHc.js                                             3.82 kB │ gzip:   1.42 kB
dist/server/assets/403-DTpEyLDO.js                                                3.84 kB │ gzip:   1.46 kB
dist/server/assets/route-BAou70OL.js                                              3.94 kB │ gzip:   1.27 kB
dist/server/assets/d1-sqlite-dialect-BLC8LXE6-COi1pcgR.js                         3.96 kB │ gzip:   1.48 kB
dist/server/assets/check-CGBn3SCK.js                                              3.98 kB │ gzip:   1.88 kB
dist/server/assets/image-CzI7xuJE.js                                              4.01 kB │ gzip:   1.23 kB
dist/server/assets/admin-D_JofPVi.js                                              4.13 kB │ gzip:   1.48 kB
dist/server/assets/dialog-D5-8v7WI.js                                             4.27 kB │ gzip:   1.20 kB
dist/server/assets/editor-schema-zOra7yJM.js                                      4.29 kB │ gzip:   1.31 kB
dist/server/assets/run-task-CqhYD9KH.js                                           4.32 kB │ gzip:   1.67 kB
dist/server/assets/settings-Bwo_2J4H.js                                           4.36 kB │ gzip:   1.33 kB
dist/server/assets/nav_automation-BK4dUvss.js                                     4.49 kB │ gzip:   0.82 kB
dist/server/assets/schema-Cu1DSkuH.js                                             4.57 kB │ gzip:   1.27 kB
dist/server/assets/useMutation-NDti7nCT.js                                        4.60 kB │ gzip:   1.42 kB
dist/server/assets/bun-sqlite-dialect-BW9W1_Ps-BJy_KRf1.js                        4.63 kB │ gzip:   1.66 kB
dist/server/assets/node-sqlite-dialect-CWYwPY9o.js                                4.64 kB │ gzip:   1.64 kB
dist/server/assets/templates-BIpyT0VU.js                                          4.68 kB │ gzip:   1.52 kB
dist/server/assets/schema-C-zjQlGa.js                                             4.92 kB │ gzip:   1.57 kB
dist/server/assets/center-4ESdoERt.js                                             4.94 kB │ gzip:   1.72 kB
dist/server/assets/admin-Dy-_H44n.js                                              5.01 kB │ gzip:   1.53 kB
dist/server/assets/createLucideIcon-C3l99uNs.js                                   5.27 kB │ gzip:   1.37 kB
dist/server/assets/dist-CJTD_C2P.js                                               5.33 kB │ gzip:   1.60 kB
dist/server/assets/configuration-logo-field-Z0t17n6R.js                           5.39 kB │ gzip:   1.98 kB
dist/server/assets/start-pWFtlYBF.js                                              5.47 kB │ gzip:   1.96 kB
dist/server/assets/after-sales-BwhDw7Ah.js                                        5.50 kB │ gzip:   1.75 kB
dist/server/assets/provider-runtime-YAwBgocQ.js                                   5.50 kB │ gzip:   1.86 kB
dist/server/assets/settings_group_commerce-DRXN-lA8.js                            5.50 kB │ gzip:   0.89 kB
dist/server/assets/orders-admin-QXbovdd4.js                                       5.60 kB │ gzip:   2.04 kB
dist/server/assets/select-Cu95hAQu.js                                             5.60 kB │ gzip:   1.61 kB
dist/server/assets/configuration-logo-Ctn25OKo.js                                 5.71 kB │ gzip:   2.00 kB
dist/server/assets/mutation-CSR3quXg.js                                           5.73 kB │ gzip:   1.54 kB
dist/server/assets/site-brand-C9z7KE_W.js                                         5.83 kB │ gzip:   1.78 kB
dist/server/assets/workspace-CJIQWAMn.js                                          5.84 kB │ gzip:   1.74 kB
dist/server/assets/with-selector-CVVDffYq.js                                      6.20 kB │ gzip:   1.71 kB
dist/server/assets/module-navigation-D9U9JmZ6.js                                  6.28 kB │ gzip:   1.84 kB
dist/server/assets/keys-Dm80Ra0f.js                                               6.32 kB │ gzip:   2.11 kB
dist/server/assets/admin-dU9mAgCg.js                                              6.33 kB │ gzip:   2.25 kB
dist/server/assets/react-dom-BNdZ_-Oh.js                                          6.63 kB │ gzip:   1.97 kB
dist/server/assets/schema-Bl5kIh3-.js                                             6.67 kB │ gzip:   1.76 kB
dist/server/assets/labels-DABCMSBk.js                                             6.69 kB │ gzip:   1.01 kB
dist/server/assets/cart-CPtdCCfO.js                                               6.81 kB │ gzip:   2.30 kB
dist/server/assets/store_account_notification_entitlement_expiring-CIBYlD9L.js    6.82 kB │ gzip:   0.98 kB
dist/server/assets/env-impl-DDEAutE-.js                                           6.83 kB │ gzip:   2.56 kB
dist/server/assets/labels-CZ3HYfZE.js                                             6.96 kB │ gzip:   1.36 kB
dist/server/assets/store_cart_issue_price_changed-aAPAjPxw.js                     7.00 kB │ gzip:   1.29 kB
dist/server/assets/install-CCxszZ7A.js                                            7.04 kB │ gzip:   2.30 kB
dist/server/assets/admin-Cn-Eicvs.js                                              7.08 kB │ gzip:   2.13 kB
dist/server/assets/admin-C6ISFJ_z.js                                              7.11 kB │ gzip:   1.92 kB
dist/server/assets/verify-email-sent-CDlyAS5E.js                                  7.53 kB │ gzip:   2.06 kB
dist/server/assets/labels-C5GMx-z3.js                                             7.54 kB │ gzip:   1.02 kB
dist/server/assets/job-actions-DI0ee8dS.js                                        7.56 kB │ gzip:   2.03 kB
dist/server/assets/theme-provider-BUnw7v3H.js                                     7.66 kB │ gzip:   2.21 kB
dist/server/assets/require-admin-C5zb28GL.js                                      8.03 kB │ gzip:   2.53 kB
dist/server/assets/upload-EiXA0WM7.js                                             8.04 kB │ gzip:   2.74 kB
dist/server/assets/runtime-config-bwfWKyWe.js                                     8.05 kB │ gzip:   2.21 kB
dist/server/assets/admin-DTenH24E.js                                              8.25 kB │ gzip:   2.60 kB
dist/server/assets/admin-permission-registry-D9amDQlx.js                          8.28 kB │ gzip:   1.72 kB
dist/server/assets/records-SIitNNN9.js                                            8.39 kB │ gzip:   2.20 kB
dist/server/assets/feishu-alerts-BYbnMZFz.js                                      8.79 kB │ gzip:   2.85 kB
dist/server/assets/admin-D84iL7-02.js                                             8.96 kB │ gzip:   2.71 kB
dist/server/assets/dist-BnETjvWd.js                                               9.44 kB │ gzip:   2.70 kB
dist/server/assets/sync-tpFEacoO.js                                               9.44 kB │ gzip:   3.09 kB
dist/server/assets/source-sync-DjUpHu9q.js                                        9.90 kB │ gzip:   3.25 kB
dist/server/assets/useStore-AyGpihCR.js                                           9.93 kB │ gzip:   3.91 kB
dist/server/assets/dist-BBdazlyd.js                                              10.14 kB │ gzip:   2.37 kB
dist/server/assets/admin-C9gfjop72.js                                            10.19 kB │ gzip:   3.06 kB
dist/server/assets/delivery-reveal-content-BOzuCIf-.js                           10.42 kB │ gzip:   2.76 kB
dist/server/assets/dist-BTx26sob.js                                              10.72 kB │ gzip:   2.54 kB
dist/server/assets/provider-settings-YltQTfJJ.js                                 10.97 kB │ gzip:   2.69 kB
dist/server/assets/templates-D_Nxdw9C.js                                         11.07 kB │ gzip:   2.96 kB
dist/server/assets/orders-DhBD80kv.js                                            11.15 kB │ gzip:   2.75 kB
dist/server/assets/change-password-dialog-B2W127rd.js                            11.21 kB │ gzip:   1.83 kB
dist/server/assets/outbox-cykM6Dhu.js                                            11.26 kB │ gzip:   3.27 kB
dist/server/assets/confirm-dialog-CUnpewsA.js                                    11.30 kB │ gzip:   2.65 kB
dist/server/assets/error-label-CrnCdxwO.js                                       11.82 kB │ gzip:   1.55 kB
dist/server/assets/admin-2daIeEtI.js                                             11.88 kB │ gzip:   3.56 kB
dist/server/assets/createServerFn-aFFZeYLy.js                                    12.07 kB │ gzip:   3.60 kB
dist/server/assets/route-2Wvq_uiA.js                                             12.10 kB │ gzip:   2.83 kB
dist/server/assets/admin-BR5t5YDj.js                                             12.38 kB │ gzip:   3.67 kB
dist/server/assets/accordion-CaxayuFH.js                                         12.49 kB │ gzip:   3.07 kB
dist/server/assets/product-card-CWeDNtul.js                                      12.50 kB │ gzip:   2.63 kB
dist/server/assets/_orderId-DvxFvdkF.js                                          12.61 kB │ gzip:   2.79 kB
dist/server/assets/useSelector-BPeAMJ3b.js                                       12.88 kB │ gzip:   3.29 kB
dist/server/assets/register-B1tOMhyP.js                                          13.08 kB │ gzip:   3.07 kB
dist/server/assets/queues-DVFxmCAp.js                                            13.12 kB │ gzip:   2.90 kB
dist/server/assets/audit-logs-XJuMcsUw.js                                        13.48 kB │ gzip:   2.97 kB
dist/server/assets/supplier-api-CEKjr5Yj.js                                      13.64 kB │ gzip:   3.47 kB
dist/server/assets/process-BcrOu1HD.js                                           14.08 kB │ gzip:   3.09 kB
dist/server/assets/admin-CpZjTCB6.js                                             14.16 kB │ gzip:   4.04 kB
dist/server/assets/automation-DCUqX1GN.js                                        14.22 kB │ gzip:   3.56 kB
dist/server/assets/editor-BZu4adVr.js                                            14.54 kB │ gzip:   3.02 kB
dist/server/assets/dist-BQlCsSti.js                                              14.58 kB │ gzip:   4.10 kB
dist/server/assets/cart-btUZMc_9.js                                              14.63 kB │ gzip:   3.41 kB
dist/server/assets/error-message-SgXa-CoP.js                                     14.91 kB │ gzip:   2.36 kB
dist/server/assets/admin-CEIfckKe.js                                             15.00 kB │ gzip:   4.45 kB
dist/server/assets/order-query-BOKOqUxj.js                                       15.31 kB │ gzip:   4.13 kB
dist/server/assets/restock-api-gosAHiip.js                                       15.34 kB │ gzip:   4.11 kB
dist/server/assets/admin-Cfsnpk3H.js                                             15.45 kB │ gzip:   3.93 kB
dist/server/assets/admin-DJc76-jK.js                                             15.51 kB │ gzip:   4.57 kB
dist/server/assets/link-BuxC0FkW.js                                              15.98 kB │ gzip:   4.39 kB
dist/server/assets/functions-tphkqePF.js                                         16.11 kB │ gzip:   4.06 kB
dist/server/assets/admin-qv3lZKUD.js                                             16.45 kB │ gzip:   4.15 kB
dist/server/assets/Match-DW_8VQ0j.js                                             16.46 kB │ gzip:   3.80 kB
dist/server/assets/admin-D1leuXBo.js                                             16.61 kB │ gzip:   4.26 kB
dist/server/assets/delivery-Bxzwppe8.js                                          16.80 kB │ gzip:   4.18 kB
dist/server/assets/manual-refund-confirmation-modal-D92gAU0W.js                  16.81 kB │ gzip:   3.26 kB
dist/server/assets/jsx-runtime-BAQ_rhdF.js                                       17.11 kB │ gzip:   4.49 kB
dist/server/assets/forgot-password-C-grdELv.js                                   17.11 kB │ gzip:   3.08 kB
dist/server/assets/checkbox-CoKocXgE.js                                          17.85 kB │ gzip:   3.85 kB
dist/server/assets/QueryClientProvider-BNaOQ5ey.js                               18.35 kB │ gzip:   5.08 kB
dist/server/assets/status-badge-C_LWE-Bc.js                                      18.77 kB │ gzip:   2.51 kB
dist/server/assets/admin-D-kLqIEn.js                                             19.16 kB │ gzip:   4.57 kB
dist/server/assets/admin-CX1N0eyW.js                                             19.20 kB │ gzip:   4.37 kB
dist/server/assets/account-functions-iqT7SufB.js                                 20.46 kB │ gzip:   5.14 kB
dist/server/assets/maintenance-CT4H2fRa.js                                       20.67 kB │ gzip:   5.25 kB
dist/server/assets/server-4vJQUbf3.js                                            20.84 kB │ gzip:   6.06 kB
dist/server/assets/admin-BUyrifWD.js                                             20.99 kB │ gzip:   5.40 kB
dist/server/assets/roles-BD8ueK1b.js                                             21.42 kB │ gzip:   4.84 kB
dist/server/assets/admin-DVHIgEGU2.js                                            21.54 kB │ gzip:   4.96 kB
dist/server/assets/admin-DnEn97WA.js                                             21.55 kB │ gzip:   5.12 kB
dist/server/assets/sign-in-DlKIJkLt.js                                           21.69 kB │ gzip:   4.50 kB
dist/server/assets/aisou-inventory-B94MlZsu.js                                   22.21 kB │ gzip:   4.74 kB
dist/server/assets/catalog-admin-y_G_jELZ.js                                     22.28 kB │ gzip:   5.44 kB
dist/server/assets/scheduled-COKeNz-r.js                                         22.38 kB │ gzip:   4.18 kB
dist/server/assets/sidebar-data-N7qj6A1u.js                                      23.56 kB │ gzip:   4.99 kB
dist/server/assets/status-DT0CLsTz.js                                            23.96 kB │ gzip:   4.12 kB
dist/server/assets/dist-DFPf9wLA.js                                              24.29 kB │ gzip:   5.66 kB
dist/server/assets/provider-logo-OwXABQRI.js                                     24.33 kB │ gzip:   7.29 kB
dist/server/assets/cart-mNPttVtC.js                                              24.83 kB │ gzip:   5.56 kB
dist/server/assets/_productId-BFum1plK.js                                        24.94 kB │ gzip:   4.15 kB
dist/server/assets/install-UgUSeNQv.js                                           25.14 kB │ gzip:   4.83 kB
dist/server/assets/settings-DRyMHN1e.js                                          25.61 kB │ gzip:   5.63 kB
dist/server/assets/catalog-B0otltR7.js                                           25.66 kB │ gzip:   7.17 kB
dist/server/assets/button-D3Qb9-vm.js                                            26.17 kB │ gzip:   6.70 kB
dist/server/assets/products-CKPzkvSc.js                                          26.85 kB │ gzip:   5.08 kB
dist/server/assets/provider-admin-CMx6zf4y.js                                    27.04 kB │ gzip:   5.86 kB
dist/server/assets/orders-Dq2azrsU.js                                            27.39 kB │ gzip:   5.08 kB
dist/server/assets/editor-VnZgHhHE.js                                            27.62 kB │ gzip:   6.67 kB
dist/server/assets/multi-order-fvP2Zf4Z.js                                       28.05 kB │ gzip:   7.33 kB
dist/server/assets/invoice-BesOUqou.js                                           28.57 kB │ gzip:   5.36 kB
dist/server/assets/admin-D2_6ZYob.js                                             28.68 kB │ gzip:   5.15 kB
dist/server/assets/refunds-B5-Y7osr.js                                           28.91 kB │ gzip:   6.10 kB
dist/server/assets/account-settings-panel-oPv6-ZSa.js                            29.49 kB │ gzip:   6.75 kB
dist/server/assets/email-CbKWNF2q.js                                             29.54 kB │ gzip:   5.39 kB
dist/server/assets/scroll-area-Diesfio6.js                                       29.82 kB │ gzip:   6.19 kB
dist/server/assets/telegram_support_topic_closed-BkefD1k7.js                     30.70 kB │ gzip:   8.45 kB
dist/server/assets/me-DlQbmCnr.js                                                31.27 kB │ gzip:   6.24 kB
dist/server/assets/runtime-D4Av-D0B.js                                           31.35 kB │ gzip:   8.32 kB
dist/server/assets/esm-p7a_Lk31.js                                               31.50 kB │ gzip:   8.29 kB
dist/server/assets/redeem-inventory-BO1rblYQ.js                                  32.68 kB │ gzip:   5.96 kB
dist/server/assets/useBaseQuery-DxplcU5O.js                                      33.82 kB │ gzip:   7.91 kB
dist/server/assets/__23tanstack-start-server-fn-resolver-ETIUKykW.js             33.95 kB │ gzip:   9.39 kB
dist/server/assets/path-haDQUUmP.js                                              35.69 kB │ gzip:   9.05 kB
dist/server/assets/(public)-vgzPiIJ_.js                                          36.59 kB │ gzip:   6.61 kB
dist/server/assets/error-codes-fdIm8VrB.js                                       38.24 kB │ gzip:  10.77 kB
dist/server/assets/auth-client-BmWHEan9.js                                       39.03 kB │ gzip:  10.40 kB
dist/server/assets/coupons-CPBr-b25.js                                           39.26 kB │ gzip:   7.12 kB
dist/server/assets/es2015-DtWxeu-k.js                                            39.41 kB │ gzip:  10.64 kB
dist/server/assets/input-BGuHOftP.js                                             39.66 kB │ gzip:   9.28 kB
dist/server/assets/accounts-CmLu33g4.js                                          40.73 kB │ gzip:   7.51 kB
dist/server/assets/dist-BaCbRDCa.js                                              41.62 kB │ gzip:   7.69 kB
dist/server/assets/_tanstack-start-manifest_v-nulkaUBB.js                        41.89 kB │ gzip:   6.93 kB
dist/server/assets/admin-CJkabDzx.js                                             42.77 kB │ gzip:   9.53 kB
dist/server/assets/auth-B2WDZHU-.js                                              44.25 kB │ gzip:   7.96 kB
dist/server/assets/default-query-compiler-CaK2hRJl.js                            45.22 kB │ gzip:   7.94 kB
dist/server/assets/dist-OFoDVrAs.js                                              45.33 kB │ gzip:   9.75 kB
dist/server/assets/service-Clcf8iEz.js                                           45.73 kB │ gzip:   9.76 kB
dist/server/assets/orders-37vcPhjN.js                                            48.03 kB │ gzip:   8.60 kB
dist/server/assets/rate-limit-BKnufIBf.js                                        50.62 kB │ gzip:  12.16 kB
dist/server/assets/dist-CO32Wk0v.js                                              51.98 kB │ gzip:  11.81 kB
dist/server/assets/claude-purchase-guide-BlcOfJDl.js                             53.67 kB │ gzip:   7.51 kB
dist/server/assets/products-Baw-MRsK.js                                          58.59 kB │ gzip:  10.93 kB
dist/server/assets/providers-CUKL699X.js                                         60.41 kB │ gzip:  13.97 kB
dist/server/assets/ip-check-II4-P3tq.js                                          60.96 kB │ gzip:  12.02 kB
dist/server/assets/route-BN7_NNLG.js                                             62.81 kB │ gzip:  13.21 kB
dist/server/assets/web-support-contract-BJe3pMfi.js                              63.96 kB │ gzip:  12.64 kB
dist/server/assets/checkout-kA36eV73.js                                          66.62 kB │ gzip:  12.36 kB
dist/server/assets/factory-CTrHU34b.js                                           68.40 kB │ gzip:  14.83 kB
dist/server/assets/dist-B7b6usEJ.js                                              70.18 kB │ gzip:  16.42 kB
dist/server/assets/order-CE70Szap.js                                             81.20 kB │ gzip:  13.13 kB
dist/server/assets/users-Dvn6iW_1.js                                             84.05 kB │ gzip:  13.87 kB
dist/server/assets/payment-configurations-mfLT81P2.js                            84.32 kB │ gzip:  12.59 kB
dist/server/assets/scroll-restoration-Bvm_Nltd.js                                85.70 kB │ gzip:  20.68 kB
dist/server/assets/telegram-Bgpb9_Ja.js                                          87.16 kB │ gzip:  11.70 kB
dist/server/assets/fp.esm-COJl5RZk.js                                            87.55 kB │ gzip:  28.02 kB
dist/server/assets/_md-kYFbSp0E.js                                               90.74 kB │ gzip:  23.84 kB
dist/server/assets/dist-cJcsqsZX.js                                              97.44 kB │ gzip:  18.63 kB
dist/server/assets/_productId-K2nFLmAQ.js                                       105.86 kB │ gzip:  16.95 kB
dist/server/assets/admin-CRSotiqv.js                                            109.96 kB │ gzip:  17.76 kB
dist/server/assets/useForm-CrdtNlw1.js                                          118.63 kB │ gzip:  21.97 kB
dist/server/assets/route-DltpEO87.js                                            132.32 kB │ gzip:  20.19 kB
dist/server/assets/select-DhoK891j.js                                           138.45 kB │ gzip:  32.03 kB
dist/server/assets/schemas-DERgsjje.js                                          138.75 kB │ gzip:  26.76 kB
dist/server/assets/support-admins-B7IwMfgS.js                                   161.83 kB │ gzip:  33.55 kB
dist/server/assets/account-sections-C9cMgSAI.js                                 172.01 kB │ gzip:  25.09 kB
dist/server/assets/route-Dl1qmRvc2.js                                           182.83 kB │ gzip:  47.00 kB
dist/server/assets/dist-D_96NOeP.js                                             206.56 kB │ gzip:  35.13 kB
dist/server/assets/table-Bkypoey7.js                                            219.62 kB │ gzip:  44.28 kB
dist/server/assets/db.server-CsY7dnIb.js                                        224.58 kB │ gzip:  42.33 kB
dist/server/assets/compiled-query-5hwnXnLF.js                                   238.61 kB │ gzip:  39.32 kB
dist/server/assets/product-editor-CR0O23mA.js                                   250.96 kB │ gzip:  37.94 kB
dist/server/assets/form--YB9vU6a.js                                             345.85 kB │ gzip:  65.92 kB
dist/server/assets/router-C2VmnBtG.js                                           358.72 kB │ gzip:  78.72 kB
dist/server/index.js                                                            645.14 kB │ gzip: 138.07 kB
dist/server/assets/auth-vbxFHRss.js                                             804.81 kB │ gzip: 178.73 kB

✓ built in 4.38s
