$ bun --bun vite build --config vite.bun.config.ts
vite v8.1.4 building client environment for production...
✔ [paraglide-js] Compilation complete (message-modules)
[2Ktransforming...✓ 10778 modules transformed.
rendering chunks...
computing gzip size...
.output/public/assets/manrope-cyrillic-wght-normal-Dvxsihut.woff2                     14.50 kB
.output/public/assets/inter-cyrillic-wght-normal-DqGufNeO.woff2                       18.74 kB
.output/public/assets/noto-sans-cyrillic-wght-normal-B2hlT84T.woff2                   20.08 kB
.output/public/assets/nunito-cyrillic-wght-normal-CY6AOgYE.woff2                      20.77 kB
.output/public/assets/manrope-latin-wght-normal-DHIcAJRg.woff2                        24.83 kB
.output/public/assets/noto-sans-latin-wght-normal-BYSzYMf3.woff2                      35.82 kB
.output/public/assets/nunito-latin-wght-normal-BzFMHfZw.woff2                         39.12 kB
.output/public/assets/inter-latin-wght-normal-Dx4kXJAl.woff2                          48.25 kB
.output/public/assets/global-DXCS7m_q.css                                            184.40 kB │ gzip:  28.29 kB
.output/public/assets/root-DLTE-HSj.js                                                 0.03 kB │ gzip:   0.05 kB
.output/public/assets/secrets-CaZOdIyu.js                                              0.03 kB │ gzip:   0.04 kB
.output/public/assets/invariant-DEEwAagU.js                                            0.06 kB │ gzip:   0.08 kB
.output/public/assets/dist-C2J943E6.js                                                 0.06 kB │ gzip:   0.08 kB
.output/public/assets/404-kCI8vpi7.js                                                  0.07 kB │ gzip:   0.08 kB
.output/public/assets/500-BHqOEfJe.js                                                  0.07 kB │ gzip:   0.08 kB
.output/public/assets/admin-B8nzZXVh.js                                                0.07 kB │ gzip:   0.08 kB
.output/public/assets/products-DZf9o78m.js                                             0.07 kB │ gzip:   0.08 kB
.output/public/assets/sessions-B7NQCC2k.js                                             0.08 kB │ gzip:   0.09 kB
.output/public/assets/locales-cC5rgzkn.js                                              0.08 kB │ gzip:   0.10 kB
.output/public/assets/modules-DlsLbVWG.js                                              0.09 kB │ gzip:   0.10 kB
.output/public/assets/permission-bits-C6z5IOWC.js                                      0.09 kB │ gzip:   0.10 kB
.output/public/assets/useQuery-286pei6x.js                                             0.09 kB │ gzip:   0.11 kB
.output/public/assets/error-DLXMQl4x.js                                                0.12 kB │ gzip:   0.11 kB
.output/public/assets/chevron-down-BJzlp1Wh.js                                         0.12 kB │ gzip:   0.14 kB
.output/public/assets/chevron-right-BUyiKwSY.js                                        0.13 kB │ gzip:   0.14 kB
.output/public/assets/common_new-ClStQAq1.js                                           0.13 kB │ gzip:   0.14 kB
.output/public/assets/audit_time-Dub_hJOn.js                                           0.14 kB │ gzip:   0.14 kB
.output/public/assets/common_edit-D22Y5fxB.js                                          0.14 kB │ gzip:   0.14 kB
.output/public/assets/common_name-CPZxNvUX.js                                          0.14 kB │ gzip:   0.14 kB
.output/public/assets/store_nav_shop-CXNB_eta.js                                       0.14 kB │ gzip:   0.14 kB
.output/public/assets/catalog_price_minor-DDGTuA1L.js                                  0.14 kB │ gzip:   0.14 kB
.output/public/assets/common_close-B0PxSOa4.js                                         0.14 kB │ gzip:   0.14 kB
.output/public/assets/common_email-CAKr0fG0.js                                         0.14 kB │ gzip:   0.14 kB
.output/public/assets/common_retry-C859FMZX.js                                         0.14 kB │ gzip:   0.14 kB
.output/public/assets/notifications_event-AJhnE7GY.js                                  0.14 kB │ gzip:   0.14 kB
.output/public/assets/shop_orders_order-BVGsGJU_.js                                    0.14 kB │ gzip:   0.14 kB
.output/public/assets/audit_export-BdVGahv_.js                                         0.14 kB │ gzip:   0.14 kB
.output/public/assets/common_cancel-BKupejjw.js                                        0.14 kB │ gzip:   0.15 kB
.output/public/assets/common_delete-CgfeM25S.js                                        0.14 kB │ gzip:   0.15 kB
.output/public/assets/common_search-CZhjzR9H.js                                        0.14 kB │ gzip:   0.15 kB
.output/public/assets/common_status-CvpEBOCX.js                                        0.14 kB │ gzip:   0.14 kB
.output/public/assets/status_failed-DoH_oG4t.js                                        0.14 kB │ gzip:   0.15 kB
.output/public/assets/auth_submit-BpSivQdz.js                                          0.14 kB │ gzip:   0.15 kB
.output/public/assets/common_actions-CMmtLIOs.js                                       0.14 kB │ gzip:   0.15 kB
.output/public/assets/common_enabled-D9wp4KXa.js                                       0.14 kB │ gzip:   0.15 kB
.output/public/assets/common_goback1-Dk6YNYJA.js                                       0.14 kB │ gzip:   0.15 kB
.output/public/assets/common_refresh-DOQmYtkw.js                                       0.14 kB │ gzip:   0.15 kB
.output/public/assets/public_sign_in-BpSivQdz.js                                       0.14 kB │ gzip:   0.15 kB
.output/public/assets/status_unknown-CcH1-Sj5.js                                       0.14 kB │ gzip:   0.15 kB
.output/public/assets/unit_minutes-D90-Avrb.js                                         0.14 kB │ gzip:   0.15 kB
.output/public/assets/common_password-CAixWlrB.js                                      0.14 kB │ gzip:   0.15 kB
.output/public/assets/coupons_value-Bfcea6b3.js                                        0.14 kB │ gzip:   0.15 kB
.output/public/assets/nav_products-DvnMuony.js                                         0.14 kB │ gzip:   0.15 kB
.output/public/assets/shop_orders_items-qv-H8ljr.js                                    0.14 kB │ gzip:   0.15 kB
.output/public/assets/nav_coupons-qD4ng57y.js                                          0.14 kB │ gzip:   0.15 kB
.output/public/assets/matchContext-CUYrRHah.js                                         0.14 kB │ gzip:   0.13 kB
.output/public/assets/shop_dashboard_title-BfWZsEG4.js                                 0.14 kB │ gzip:   0.15 kB
.output/public/assets/catalog_updated_at-DkNUJbiK.js                                   0.14 kB │ gzip:   0.15 kB
.output/public/assets/common_created-HwcKSC5n.js                                       0.14 kB │ gzip:   0.15 kB
.output/public/assets/shop_orders_created_at-HwcKSC5n.js                               0.14 kB │ gzip:   0.15 kB
.output/public/assets/catalog_recycle_bin-BS72oUa2.js                                  0.15 kB │ gzip:   0.15 kB
.output/public/assets/identity-email-DhYu0Cwa.js                                       0.15 kB │ gzip:   0.13 kB
.output/public/assets/common_last_error-j5KDjtVU.js                                    0.15 kB │ gzip:   0.16 kB
.output/public/assets/common_loading-B6vv9xqL.js                                       0.15 kB │ gzip:   0.15 kB
.output/public/assets/nav_audit_logs-CUMk_hlg.js                                       0.15 kB │ gzip:   0.16 kB
.output/public/assets/shop_orders_view-CP_IV3u9.js                                     0.15 kB │ gzip:   0.16 kB
.output/public/assets/store_cart_title-Ck5pjjKC.js                                     0.15 kB │ gzip:   0.16 kB
.output/public/assets/supplier_provider_gmshop_edge-DbXq6lwz.js                        0.15 kB │ gzip:   0.14 kB
.output/public/assets/plus-CMd7Lk4P.js                                                 0.15 kB │ gzip:   0.15 kB
.output/public/assets/store_order_total-BFmaoCke.js                                    0.15 kB │ gzip:   0.16 kB
.output/public/assets/catalog_product_edit-jiroiUi5.js                                 0.15 kB │ gzip:   0.16 kB
.output/public/assets/store_account_entitlements-CvAZhXSs.js                           0.15 kB │ gzip:   0.16 kB
.output/public/assets/store_nav_orders-Bgq6M352.js                                     0.15 kB │ gzip:   0.16 kB
.output/public/assets/x-CAYdopul.js                                                    0.15 kB │ gzip:   0.15 kB
.output/public/assets/notifications_deliveries-DBWTfG91.js                             0.15 kB │ gzip:   0.16 kB
.output/public/assets/settings_group_brand-Cdt0FvAe.js                                 0.15 kB │ gzip:   0.16 kB
.output/public/assets/notifications_email_channel-CSx7mCQV.js                          0.15 kB │ gzip:   0.16 kB
.output/public/assets/useRouter-CI6OKhyv.js                                            0.15 kB │ gzip:   0.14 kB
.output/public/assets/auth_back_to_sign_in-6P3ypK8s.js                                 0.15 kB │ gzip:   0.16 kB
.output/public/assets/delivery_center_title-BOp2s9c0.js                                0.15 kB │ gzip:   0.16 kB
.output/public/assets/nav_scheduled_tasks-TEahlxAr.js                                  0.15 kB │ gzip:   0.16 kB
.output/public/assets/notifications_email_templates-Cs1ivc5i.js                        0.15 kB │ gzip:   0.16 kB
.output/public/assets/supplier_orders_title-D959cqPc.js                                0.15 kB │ gzip:   0.16 kB
.output/public/assets/auth_confirm_password-C8klJgr5.js                                0.15 kB │ gzip:   0.16 kB
.output/public/assets/common_operation_failed-CJ38Pv6h.js                              0.15 kB │ gzip:   0.16 kB
.output/public/assets/nav_queue_monitoring-BisDpfQk.js                                 0.15 kB │ gzip:   0.16 kB
.output/public/assets/supplier_upstream_details-C7GWMUvu.js                            0.15 kB │ gzip:   0.16 kB
.output/public/assets/system_nav_orders-C8wVs8WS.js                                    0.15 kB │ gzip:   0.16 kB
.output/public/assets/auth_forgot_password-u8Rq7zxU.js                                 0.16 kB │ gzip:   0.17 kB
.output/public/assets/automation_center_title-CRWZZUKl.js                              0.16 kB │ gzip:   0.17 kB
.output/public/assets/supplier_accounts_title-Cwx-a6GC.js                              0.16 kB │ gzip:   0.17 kB
.output/public/assets/supplier_products_title-CJ_CWYPp.js                              0.16 kB │ gzip:   0.16 kB
.output/public/assets/nav_payment_channels-BQJGvkIO.js                                 0.16 kB │ gzip:   0.17 kB
.output/public/assets/arrow-left-BMqUnKt5.js                                           0.16 kB │ gzip:   0.16 kB
.output/public/assets/arrow-right-Cxc9E1vP.js                                          0.16 kB │ gzip:   0.16 kB
.output/public/assets/queries-Dr0zuAfL.js                                              0.16 kB │ gzip:   0.15 kB
.output/public/assets/public-B0rdRP58.js                                               0.16 kB │ gzip:   0.16 kB
.output/public/assets/settings_supplier_api_enabled-B4Twj9Ll.js                        0.16 kB │ gzip:   0.17 kB
.output/public/assets/store_lookup_title-Cv--yK1G.js                                   0.16 kB │ gzip:   0.17 kB
.output/public/assets/settings_error_asset_too_large-B-dxHIpL.js                       0.17 kB │ gzip:   0.17 kB
.output/public/assets/aisou_inventory_title-DwLNuMO-.js                                0.17 kB │ gzip:   0.17 kB
.output/public/assets/search-uISrII_6.js                                               0.17 kB │ gzip:   0.16 kB
.output/public/assets/store_checkout_failed-BOyH1ni-.js                                0.17 kB │ gzip:   0.18 kB
.output/public/assets/redeem_warehouse_title-CDRiLQia.js                               0.17 kB │ gzip:   0.18 kB
.output/public/assets/queries-CUXYj4iJ.js                                              0.18 kB │ gzip:   0.17 kB
.output/public/assets/account_change_password_old_password_required-beULWEPW.js        0.18 kB │ gzip:   0.19 kB
.output/public/assets/auth_error_invalid_credentials-An9QWFOL.js                       0.18 kB │ gzip:   0.19 kB
.output/public/assets/play-BKsq35Kc.js                                                 0.19 kB │ gzip:   0.17 kB
.output/public/assets/catalog_operation_failed-CtlFwDGA.js                             0.19 kB │ gzip:   0.20 kB
.output/public/assets/credit-card-C-NjXU5y.js                                          0.20 kB │ gzip:   0.18 kB
.output/public/assets/runtime-config-DGLHprOB.js                                       0.21 kB │ gzip:   0.21 kB
.output/public/assets/web_support_failed-BDbfq0z1.js                                   0.21 kB │ gzip:   0.22 kB
.output/public/assets/mail-BZl2IhPc.js                                                 0.21 kB │ gzip:   0.20 kB
.output/public/assets/settings_secret_configured-DhovFdGp.js                           0.21 kB │ gzip:   0.22 kB
.output/public/assets/useSearch-Cd2uGTUP.js                                            0.21 kB │ gzip:   0.16 kB
.output/public/assets/app_title_description-0HrZeaA4.js                                0.22 kB │ gzip:   0.22 kB
.output/public/assets/log-in-DlvIETzY.js                                               0.23 kB │ gzip:   0.18 kB
.output/public/assets/download-DH7HkAC_.js                                             0.23 kB │ gzip:   0.19 kB
.output/public/assets/useNavigate-BNSk8jdM.js                                          0.23 kB │ gzip:   0.20 kB
.output/public/assets/wallet_balance-CCDThH7I.js                                       0.23 kB │ gzip:   0.19 kB
.output/public/assets/activity-DrMNApdo.js                                             0.23 kB │ gzip:   0.19 kB
.output/public/assets/copy-BXROj_60.js                                                 0.23 kB │ gzip:   0.20 kB
.output/public/assets/status_running-CwXtyaem.js                                       0.23 kB │ gzip:   0.20 kB
.output/public/assets/supplier_status_unavailable-EpL6-iQY.js                          0.23 kB │ gzip:   0.20 kB
.output/public/assets/supplier_api_secret-C2c0fosC.js                                  0.24 kB │ gzip:   0.17 kB
.output/public/assets/shop_orders_timeline-Cg_4izU2.js                                 0.24 kB │ gzip:   0.20 kB
.output/public/assets/store_continue_shopping-_TduOjms.js                              0.24 kB │ gzip:   0.21 kB
.output/public/assets/store_find_order-CodPpxm2.js                                     0.24 kB │ gzip:   0.20 kB
.output/public/assets/external-link-D7PFFfZ1.js                                        0.25 kB │ gzip:   0.19 kB
.output/public/assets/catalog_currency_decimals-2D-9tAmR.js                            0.25 kB │ gzip:   0.21 kB
.output/public/assets/settings-2-BDoFxFkI.js                                           0.25 kB │ gzip:   0.19 kB
.output/public/assets/catalog_editor_title-BAFeWy2k.js                                 0.25 kB │ gzip:   0.22 kB
.output/public/assets/route-BMuFcH2p.js                                                0.25 kB │ gzip:   0.21 kB
.output/public/assets/route-DnF3tdBd.js                                                0.25 kB │ gzip:   0.21 kB
.output/public/assets/settings_save_changes-G9eTR_SQ.js                                0.25 kB │ gzip:   0.22 kB
.output/public/assets/access_permission_bits-CpUoLyGl.js                               0.26 kB │ gzip:   0.21 kB
.output/public/assets/automation_center_open_run-CSfqf4NP.js                           0.26 kB │ gzip:   0.22 kB
.output/public/assets/dist-DImBFj99.js                                                 0.26 kB │ gzip:   0.19 kB
.output/public/assets/zap-BP94JZ6C.js                                                  0.26 kB │ gzip:   0.20 kB
.output/public/assets/access-BINj6gkh.js                                               0.26 kB │ gzip:   0.22 kB
.output/public/assets/orders-Cliw4NvU.js                                               0.26 kB │ gzip:   0.22 kB
.output/public/assets/secrets-Cc6Gqfxs.js                                              0.26 kB │ gzip:   0.22 kB
.output/public/assets/store_account_notifications-DxBxuPbC.js                          0.26 kB │ gzip:   0.22 kB
.output/public/assets/trash-CuSXz4P9.js                                                0.26 kB │ gzip:   0.22 kB
.output/public/assets/commerce-DYV29cgx.js                                             0.26 kB │ gzip:   0.22 kB
.output/public/assets/triangle-alert-MA178lxg.js                                       0.26 kB │ gzip:   0.21 kB
.output/public/assets/retention-rEKcbJir.js                                            0.26 kB │ gzip:   0.22 kB
.output/public/assets/access_description-C6dY8Ocg.js                                   0.26 kB │ gzip:   0.26 kB
.output/public/assets/operations-BAhaRNeg.js                                           0.26 kB │ gzip:   0.22 kB
.output/public/assets/fulfillment-SR_k08Gk.js                                          0.26 kB │ gzip:   0.22 kB
.output/public/assets/catalog-BFZd7Rru.js                                              0.27 kB │ gzip:   0.22 kB
.output/public/assets/pencil-xOu9yoBy.js                                               0.27 kB │ gzip:   0.22 kB
.output/public/assets/settings_site_logo_title-6VYvCgzY.js                             0.28 kB │ gzip:   0.24 kB
.output/public/assets/auth_password_required-CLNgNjSN.js                               0.28 kB │ gzip:   0.22 kB
.output/public/assets/send-BUA932KR.js                                                 0.29 kB │ gzip:   0.23 kB
.output/public/assets/wallet-cards-DmXxpywS.js                                         0.29 kB │ gzip:   0.23 kB
.output/public/assets/laptop-zYH_EKib.js                                               0.30 kB │ gzip:   0.23 kB
.output/public/assets/settings_site_logo_square-Bo76UYz6.js                            0.30 kB │ gzip:   0.26 kB
.output/public/assets/users-JwEvKqmA.js                                                0.30 kB │ gzip:   0.22 kB
.output/public/assets/user-plus-BoHoxXj6.js                                            0.31 kB │ gzip:   0.23 kB
.output/public/assets/ClientOnly-Q-022Zvg.js                                           0.31 kB │ gzip:   0.22 kB
.output/public/assets/infrastructure_health_unknown-DmO-y63Y.js                        0.31 kB │ gzip:   0.22 kB
.output/public/assets/shield-check-CGjX5s42.js                                         0.32 kB │ gzip:   0.24 kB
.output/public/assets/new-l_cp5fmv.js                                                  0.32 kB │ gzip:   0.24 kB
.output/public/assets/notifications-Dwf0Fwzr.js                                        0.32 kB │ gzip:   0.25 kB
.output/public/assets/orders-BUtkvhBw.js                                               0.32 kB │ gzip:   0.24 kB
.output/public/assets/settings-De0zXGdU.js                                             0.32 kB │ gzip:   0.25 kB
.output/public/assets/save-BZRHCETS.js                                                 0.32 kB │ gzip:   0.22 kB
.output/public/assets/account-DJIqyBqO.js                                              0.32 kB │ gzip:   0.25 kB
.output/public/assets/entitlements-B-s3pUtK.js                                         0.32 kB │ gzip:   0.25 kB
.output/public/assets/trash-2-CfTQRCiD.js                                              0.32 kB │ gzip:   0.21 kB
.output/public/assets/edit-Cg9VCAL2.js                                                 0.32 kB │ gzip:   0.24 kB
.output/public/assets/exchange_rates_sync_now-CjOLP1Yn.js                              0.34 kB │ gzip:   0.24 kB
.output/public/assets/store_account_settings-D8HPjyDi.js                               0.34 kB │ gzip:   0.25 kB
.output/public/assets/key-round-Cu2YWcza.js                                            0.35 kB │ gzip:   0.25 kB
.output/public/assets/_orderNumber-CmMxe0BJ.js                                         0.38 kB │ gzip:   0.28 kB
.output/public/assets/scan-search-sXirHdC0.js                                          0.38 kB │ gzip:   0.25 kB
.output/public/assets/site-brand-provider-BpcVTk-5.js                                  0.39 kB │ gzip:   0.28 kB
.output/public/assets/earth-BjgNB3L5.js                                                0.39 kB │ gzip:   0.26 kB
.output/public/assets/commerce-events-Dz_hF5by.js                                      0.39 kB │ gzip:   0.27 kB
.output/public/assets/hammer-BhzJ9jqz.js                                               0.39 kB │ gzip:   0.27 kB
.output/public/assets/bell-ring-Degbtbof.js                                            0.39 kB │ gzip:   0.27 kB
.output/public/assets/store_sign_in_to_purchase-asLn_WDA.js                            0.39 kB │ gzip:   0.32 kB
.output/public/assets/money-input-CFkPLYTG.js                                          0.40 kB │ gzip:   0.28 kB
.output/public/assets/supplier_status_available-DemhAbF2.js                            0.41 kB │ gzip:   0.26 kB
.output/public/assets/functions-BAGYlXyb.js                                            0.42 kB │ gzip:   0.34 kB
.output/public/assets/status_dispatching-EFE0lQ1x.js                                   0.42 kB │ gzip:   0.27 kB
.output/public/assets/dist-CMTOSaT8.js                                                 0.43 kB │ gzip:   0.32 kB
.output/public/assets/skeleton-ltNLC2v6.js                                             0.43 kB │ gzip:   0.32 kB
.output/public/assets/inventory_revealed_title-DKUV44Ex.js                             0.46 kB │ gzip:   0.27 kB
.output/public/assets/product-quantity-Bb3fWBxN.js                                     0.47 kB │ gzip:   0.33 kB
.output/public/assets/route-DaaeUTq5.js                                                0.47 kB │ gzip:   0.32 kB
.output/public/assets/catalog_preview-C9xVju7_.js                                      0.48 kB │ gzip:   0.32 kB
.output/public/assets/settings-BhYdS3cF.js                                             0.48 kB │ gzip:   0.25 kB
.output/public/assets/_orderNumber-CSyowBm9.js                                         0.50 kB │ gzip:   0.34 kB
.output/public/assets/payment-url-CXKa2fVG.js                                          0.52 kB │ gzip:   0.37 kB
.output/public/assets/codeowners-C8r90Shi.js                                           0.54 kB │ gzip:   0.31 kB
.output/public/assets/package-open-DPyll6Rr.js                                         0.57 kB │ gzip:   0.33 kB
.output/public/assets/admin-BoJ1Aw8I.js                                                0.59 kB │ gzip:   0.36 kB
.output/public/assets/dist-DUxldJAc.js                                                 0.60 kB │ gzip:   0.41 kB
.output/public/assets/queries-CEdRb1VW.js                                              0.61 kB │ gzip:   0.41 kB
.output/public/assets/route-CP3CMJmU.js                                                0.63 kB │ gzip:   0.47 kB
.output/public/assets/wand-sparkles-DC5UzxSp.js                                        0.64 kB │ gzip:   0.39 kB
.output/public/assets/route-DZaiSoRJ.js                                                0.65 kB │ gzip:   0.48 kB
.output/public/assets/receipt-text-kd87u0lO.js                                         0.66 kB │ gzip:   0.28 kB
.output/public/assets/nav_automation-jstxZIOl.js                                       0.67 kB │ gzip:   0.38 kB
.output/public/assets/auth-animation-context-Bjoq7qa4.js                               0.67 kB │ gzip:   0.42 kB
.output/public/assets/dist-B8Bwtm3R.js                                                 0.68 kB │ gzip:   0.44 kB
.output/public/assets/route-81_2BFIK.js                                                0.68 kB │ gzip:   0.51 kB
.output/public/assets/route-CiCPnI9O.js                                                0.68 kB │ gzip:   0.51 kB
.output/public/assets/useMatch-DVWb9AeW.js                                             0.70 kB │ gzip:   0.42 kB
.output/public/assets/shellsession-YZTtBkVt.js                                         0.71 kB │ gzip:   0.43 kB
.output/public/assets/inventory-secrets-ETGEtuJ8.js                                    0.72 kB │ gzip:   0.49 kB
.output/public/assets/tsv-sltzmVWM.js                                                  0.73 kB │ gzip:   0.33 kB
.output/public/assets/error-message-DQAedSe2.js                                        0.74 kB │ gzip:   0.48 kB
.output/public/assets/account-navigation-CmMRq806.js                                   0.77 kB │ gzip:   0.34 kB
.output/public/assets/package-search-C2qSUmGa.js                                       0.77 kB │ gzip:   0.41 kB
.output/public/assets/settings_group_commerce-Bhb2B1v8.js                              0.78 kB │ gzip:   0.44 kB
.output/public/assets/order-access-storage-DIClRQ_g.js                                 0.83 kB │ gzip:   0.45 kB
.output/public/assets/lazyRouteComponent-BJB0P1Vm.js                                   0.83 kB │ gzip:   0.51 kB
.output/public/assets/html-derivative-8aJF9uu2.js                                      0.84 kB │ gzip:   0.46 kB
.output/public/assets/store_account_notification_entitlement_expiring-BSv3B2Dr.js      0.84 kB │ gzip:   0.46 kB
.output/public/assets/boxes-DdD2Q5k5.js                                                0.85 kB │ gzip:   0.39 kB
.output/public/assets/provider-admin-CprVdCA_.js                                       0.89 kB │ gzip:   0.49 kB
.output/public/assets/admin-mVNkhaYe.js                                                0.89 kB │ gzip:   0.48 kB
.output/public/assets/functions-CxS72MVX.js                                            0.90 kB │ gzip:   0.49 kB
.output/public/assets/label-puYSaAPS.js                                                0.90 kB │ gzip:   0.57 kB
.output/public/assets/labels-CJ_f9yNq.js                                               0.95 kB │ gzip:   0.49 kB
.output/public/assets/git-rebase-uxAYxPap.js                                           0.98 kB │ gzip:   0.44 kB
.output/public/assets/qmldir-DCQb3MpD.js                                               0.99 kB │ gzip:   0.44 kB
.output/public/assets/redirect-Coy-z-9D.js                                             1.00 kB │ gzip:   0.54 kB
.output/public/assets/labels-DgYWvxAw.js                                               1.02 kB │ gzip:   0.47 kB
.output/public/assets/account-functions-DYmab3he.js                                    1.02 kB │ gzip:   0.54 kB
.output/public/assets/input-BoixIu3A.js                                                1.07 kB │ gzip:   0.61 kB
.output/public/assets/nav_user_management-CUUsj5R4.js                                  1.11 kB │ gzip:   0.63 kB
.output/public/assets/separator-DMefZTjB.js                                            1.12 kB │ gzip:   0.62 kB
.output/public/assets/csv-Dx-8-gkx.js                                                  1.13 kB │ gzip:   0.36 kB
.output/public/assets/admin-DJSsscSs.js                                                1.15 kB │ gzip:   0.73 kB
.output/public/assets/quick-settings-D3xvmh9w.js                                       1.17 kB │ gzip:   0.64 kB
.output/public/assets/preload-helper-COzTzGja.js                                       1.19 kB │ gzip:   0.67 kB
.output/public/assets/git-commit-BSykSTBG.js                                           1.22 kB │ gzip:   0.52 kB
.output/public/assets/collapsible-BhR9uUkV.js                                          1.24 kB │ gzip:   0.64 kB
.output/public/assets/503-DoagJlrQ.js                                                  1.33 kB │ gzip:   0.87 kB
.output/public/assets/dist-CZjnrSub.js                                                 1.35 kB │ gzip:   0.67 kB
.output/public/assets/xsl-JOkk8fO8.js                                                  1.36 kB │ gzip:   0.50 kB
.output/public/assets/createLucideIcon-AB4mrkg5.js                                     1.39 kB │ gzip:   0.78 kB
.output/public/assets/dotenv-_5a1GRtc.js                                               1.41 kB │ gzip:   0.52 kB
.output/public/assets/seo-DJhes-j7.js                                                  1.44 kB │ gzip:   0.81 kB
.output/public/assets/switch-VJxD_SEM.js                                               1.45 kB │ gzip:   0.75 kB
.output/public/assets/sparql-D_iOobhT.js                                               1.47 kB │ gzip:   0.81 kB
.output/public/assets/labels-Brq1TR4v.js                                               1.48 kB │ gzip:   0.75 kB
.output/public/assets/ini-B5eOa1yu.js                                                  1.51 kB │ gzip:   0.49 kB
.output/public/assets/cart-storage-DDVAuPQY.js                                         1.54 kB │ gzip:   0.80 kB
.output/public/assets/webhook-url-CG6a3JgM.js                                          1.61 kB │ gzip:   0.84 kB
.output/public/assets/with-selector-DAUd0wMs.js                                        1.63 kB │ gzip:   0.72 kB
.output/public/assets/badge-coUC2qNO.js                                                1.64 kB │ gzip:   0.82 kB
.output/public/assets/fortran-fixed-form-DEKoE2YW.js                                   1.66 kB │ gzip:   0.68 kB
.output/public/assets/401-D8nXgtzv.js                                                  1.67 kB │ gzip:   0.98 kB
.output/public/assets/sign-out-dialog-CkSDi1me.js                                      1.70 kB │ gzip:   1.03 kB
.output/public/assets/card-D1EpUkNp.js                                                 1.71 kB │ gzip:   0.52 kB
.output/public/assets/docker-IyjqRm3v.js                                               1.73 kB │ gzip:   0.59 kB
.output/public/assets/schema-zuTZLPX2.js                                               1.73 kB │ gzip:   0.83 kB
.output/public/assets/hxml-B0Qn7Nwc.js                                                 1.74 kB │ gzip:   0.87 kB
.output/public/assets/format-C8GBSrRA.js                                               1.76 kB │ gzip:   0.70 kB
.output/public/assets/desktop-Dlh5hvp9.js                                              1.82 kB │ gzip:   0.75 kB
.output/public/assets/admin-Cq8I5yzi.js                                                1.94 kB │ gzip:   1.10 kB
.output/public/assets/cart-CstqP9D_.js                                                 1.99 kB │ gzip:   1.18 kB
.output/public/assets/403-DazK0bCp.js                                                  1.99 kB │ gzip:   1.19 kB
.output/public/assets/error-label-lNdGsMxv.js                                          2.05 kB │ gzip:   0.84 kB
.output/public/assets/admin-CL8FI0G4.js                                                2.08 kB │ gzip:   0.97 kB
.output/public/assets/erb-DICYAnc4.js                                                  2.13 kB │ gzip:   0.62 kB
.output/public/assets/wenyan-C8pVoKbM.js                                               2.15 kB │ gzip:   1.08 kB
.output/public/assets/schema-AYSfgr5T.js                                               2.16 kB │ gzip:   0.88 kB
.output/public/assets/button-Pm3gpOcI.js                                               2.19 kB │ gzip:   1.01 kB
.output/public/assets/jssm-DXw9l8Rf.js                                                 2.23 kB │ gzip:   0.61 kB
.output/public/assets/useMutation-CbFq6X1u.js                                          2.30 kB │ gzip:   0.96 kB
.output/public/assets/dist-DfGR6ss4.js                                                 2.30 kB │ gzip:   1.01 kB
.output/public/assets/edge-n3ju34iz.js                                                 2.30 kB │ gzip:   0.68 kB
.output/public/assets/reg-CRGYupPL.js                                                  2.33 kB │ gzip:   0.69 kB
.output/public/assets/popover-oKmMM9Tc.js                                              2.45 kB │ gzip:   1.13 kB
.output/public/assets/configuration-logo-field-CRDv9YX3.js                             2.48 kB │ gzip:   1.34 kB
.output/public/assets/diff-woXpYk--.js                                                 2.56 kB │ gzip:   0.68 kB
.output/public/assets/error-page-BOjcM5oQ.js                                           2.56 kB │ gzip:   1.30 kB
.output/public/assets/gleam-CSRkHgEL.js                                                2.57 kB │ gzip:   0.81 kB
.output/public/assets/hy-CZbG8q4J.js                                                   2.64 kB │ gzip:   1.17 kB
.output/public/assets/runtime-CosDjJ_k.js                                              2.70 kB │ gzip:   1.27 kB
.output/public/assets/openscad-BUDT5pXO.js                                             2.81 kB │ gzip:   1.00 kB
.output/public/assets/log-BNLmms1o.js                                                  2.84 kB │ gzip:   0.89 kB
.output/public/assets/change-password-dialog-sWb0oPCc.js                               2.84 kB │ gzip:   1.29 kB
.output/public/assets/json-C3xIMxic.js                                                 2.89 kB │ gzip:   0.82 kB
.output/public/assets/route-DZEWdm-6.js                                                2.89 kB │ gzip:   1.35 kB
.output/public/assets/cairo-DLTphjLi.js                                                2.93 kB │ gzip:   0.80 kB
.output/public/assets/berry-DKpUyyne.js                                                2.99 kB │ gzip:   0.80 kB
.output/public/assets/jsonl-CmCQp5Yx.js                                                3.00 kB │ gzip:   0.78 kB
.output/public/assets/dist-CWviTZkb.js                                                 3.09 kB │ gzip:   1.39 kB
.output/public/assets/jsonc-CYpm1nAK.js                                                3.10 kB │ gzip:   0.78 kB
.output/public/assets/logo-Cluzi2Zq.js                                                 3.12 kB │ gzip:   1.46 kB
.output/public/assets/verify-email-sent-DfY87Jiv.js                                    3.14 kB │ gzip:   1.65 kB
.output/public/assets/error-message-saePu8Bo.js                                        3.18 kB │ gzip:   1.48 kB
.output/public/assets/po-BiJDBrnU.js                                                   3.23 kB │ gzip:   0.90 kB
.output/public/assets/json5-BR5RXkoi.js                                                3.24 kB │ gzip:   0.82 kB
.output/public/assets/mipsasm-BMqwQI7S.js                                              3.25 kB │ gzip:   1.17 kB
.output/public/assets/tasl-DMoTqEGO.js                                                 3.28 kB │ gzip:   0.84 kB
.output/public/assets/genie-CV2tkWYe.js                                                3.34 kB │ gzip:   1.20 kB
.output/public/assets/rel-BtDbiS_P.js                                                  3.36 kB │ gzip:   1.10 kB
.output/public/assets/vala-zf12oZj6.js                                                 3.36 kB │ gzip:   1.18 kB
.output/public/assets/sales-breakdown-chart-C1n0aHl2.js                                3.37 kB │ gzip:   1.66 kB
.output/public/assets/mutation-BR_UFv1l.js                                             3.38 kB │ gzip:   1.13 kB
.output/public/assets/splunk-BC2Px7Mm.js                                               3.42 kB │ gzip:   1.51 kB
.output/public/assets/status-badge-C4HmsoPX.js                                         3.48 kB │ gzip:   1.43 kB
.output/public/assets/hurl-02FLDRMn.js                                                 3.51 kB │ gzip:   1.09 kB
.output/public/assets/react-dom-CgPkdcCv.js                                            3.55 kB │ gzip:   1.34 kB
.output/public/assets/fluent-C03EYrpw.js                                               3.60 kB │ gzip:   0.89 kB
.output/public/assets/ssh-config-BgfXC-Er.js                                           3.61 kB │ gzip:   1.59 kB
.output/public/assets/jsonnet-CJTPZ8u_.js                                              3.61 kB │ gzip:   1.03 kB
.output/public/assets/kdl-CsD5j6eV.js                                                  3.62 kB │ gzip:   1.03 kB
.output/public/assets/currency-context-B9hZ5Mpt.js                                     3.62 kB │ gzip:   1.73 kB
.output/public/assets/narrat-_X_XdTYD.js                                               3.66 kB │ gzip:   1.09 kB
.output/public/assets/dropdown-menu-CVXVxWL5.js                                        3.67 kB │ gzip:   1.36 kB
.output/public/assets/turtle-ByJddavk.js                                               3.69 kB │ gzip:   0.96 kB
.output/public/assets/editor-CFVP5THw.js                                               3.69 kB │ gzip:   1.99 kB
.output/public/assets/glsl-B3sTfZ7W.js                                                 3.69 kB │ gzip:   1.46 kB
.output/public/assets/admin-permission-registry-BJsalyRo.js                            3.81 kB │ gzip:   1.37 kB
.output/public/assets/dist-bi0-MXA_.js                                                 3.86 kB │ gzip:   1.69 kB
.output/public/assets/zenscript-BnlCZFoB.js                                            3.90 kB │ gzip:   1.28 kB
.output/public/assets/ron-VUp2lXgN.js                                                  3.90 kB │ gzip:   0.97 kB
.output/public/assets/useStore-DntaNUIi.js                                             3.91 kB │ gzip:   1.77 kB
.output/public/assets/gn-ilITqXS6.js                                                   3.99 kB │ gzip:   1.47 kB
.output/public/assets/audit-logs-Bsgvz5hz.js                                           4.12 kB │ gzip:   1.85 kB
.output/public/assets/pascal-4ZHwLPI5.js                                               4.14 kB │ gzip:   1.67 kB
.output/public/assets/theme-provider-TixQL8lO.js                                       4.23 kB │ gzip:   1.80 kB
.output/public/assets/records-DHVWGqPJ.js                                              4.24 kB │ gzip:   1.94 kB
.output/public/assets/dist-BvDfdZVq.js                                                 4.31 kB │ gzip:   1.58 kB
.output/public/assets/dialog-BDYyRriQ.js                                               4.32 kB │ gzip:   1.53 kB
.output/public/assets/route-DAJqFNku.js                                                4.33 kB │ gzip:   1.27 kB
.output/public/assets/module-navigation-BmIOm0to.js                                    4.34 kB │ gzip:   2.07 kB
.output/public/assets/local-checks-BgmZItD7.js                                         4.35 kB │ gzip:   2.41 kB
.output/public/assets/http-BWIlnkR1.js                                                 4.41 kB │ gzip:   1.06 kB
.output/public/assets/tcl-CZd0xW_V.js                                                  4.42 kB │ gzip:   1.50 kB
.output/public/assets/manual-refund-confirmation-modal-DxmEaiC7.js                     4.47 kB │ gzip:   2.32 kB
.output/public/assets/link-v1L2B9WN.js                                                 4.49 kB │ gzip:   2.20 kB
.output/public/assets/nextflow-BJtWHP5T.js                                             4.50 kB │ gzip:   1.16 kB
.output/public/assets/rosmsg-CAekHB0j.js                                               4.51 kB │ gzip:   1.05 kB
.output/public/assets/polar-C7UOKdEL.js                                                4.66 kB │ gzip:   1.12 kB
.output/public/assets/sdbl-bTVj8UrX.js                                                 4.69 kB │ gzip:   2.00 kB
.output/public/assets/fennel-DQxkIbk2.js                                               4.76 kB │ gzip:   1.53 kB
.output/public/assets/bibtex-Ci_nEsc7.js                                               4.78 kB │ gzip:   0.83 kB
.output/public/assets/dist-BnbRmIHH.js                                                 4.80 kB │ gzip:   1.72 kB
.output/public/assets/llvm-Cm23YOpf.js                                                 5.04 kB │ gzip:   2.01 kB
.output/public/assets/delivery-reveal-content-B2hxHdyA.js                              5.10 kB │ gzip:   2.43 kB
.output/public/assets/wgsl-BsKzXJz4.js                                                 5.13 kB │ gzip:   1.38 kB
.output/public/assets/gdresource-C0sCabJj.js                                           5.28 kB │ gzip:   1.33 kB
.output/public/assets/orders-BHxQVdTm.js                                               5.29 kB │ gzip:   2.53 kB
.output/public/assets/zig-CMLA9XwU.js                                                  5.33 kB │ gzip:   1.55 kB
.output/public/assets/qml-CNGaBm0x.js                                                  5.33 kB │ gzip:   1.38 kB
.output/public/assets/product-card-CMuCSFXk.js                                         5.34 kB │ gzip:   1.95 kB
.output/public/assets/dax-BkyTk9wS.js                                                  5.35 kB │ gzip:   2.21 kB
.output/public/assets/useSelector-B95MKEdE.js                                          5.36 kB │ gzip:   1.95 kB
.output/public/assets/bicep-CUHmPFLl.js                                                5.37 kB │ gzip:   1.14 kB
.output/public/assets/queues-Zv9a2NDl.js                                               5.42 kB │ gzip:   2.42 kB
.output/public/assets/xml-ByvOEZWv.js                                                  5.44 kB │ gzip:   1.24 kB
.output/public/assets/awk-BWXHIvNe.js                                                  5.45 kB │ gzip:   1.37 kB
.output/public/assets/upload-Be9gYFHw.js                                               5.45 kB │ gzip:   2.72 kB
.output/public/assets/accordion-BELEyWsc.js                                            5.51 kB │ gzip:   2.23 kB
.output/public/assets/coq-BrsZFFmf.js                                                  5.54 kB │ gzip:   1.91 kB
.output/public/assets/jinja-BFHOQCQd.js                                                5.62 kB │ gzip:   1.36 kB
.output/public/assets/lean-CewbzKMR.js                                                 5.77 kB │ gzip:   1.91 kB
.output/public/assets/templates-DNUmMi0m.js                                            5.78 kB │ gzip:   2.74 kB
.output/public/assets/select-D5aeI_Qy.js                                               5.79 kB │ gzip:   2.14 kB
.output/public/assets/moonbit-CaWjb8XO.js                                              5.89 kB │ gzip:   1.67 kB
.output/public/assets/powerquery-DNMTfnFr.js                                           5.89 kB │ gzip:   1.51 kB
.output/public/assets/shaderlab-TOUzSsQk.js                                            5.91 kB │ gzip:   2.08 kB
.output/public/assets/verilog-CiiDBU1e.js                                              5.92 kB │ gzip:   1.89 kB
.output/public/assets/cypher-ClKdZ_lG.js                                               5.94 kB │ gzip:   1.71 kB
.output/public/assets/vb-Djn5o6TS.js                                                   6.08 kB │ gzip:   2.33 kB
.output/public/assets/automation-DGuDxKOT.js                                           6.14 kB │ gzip:   2.70 kB
.output/public/assets/forgot-password-_zV-r1wG.js                                      6.21 kB │ gzip:   2.67 kB
.output/public/assets/red-CJ3rzSJv.js                                                  6.25 kB │ gzip:   1.59 kB
.output/public/assets/min-dark-BSWPekZh.js                                             6.28 kB │ gzip:   1.70 kB
.output/public/assets/gdshader-CBce3t8t.js                                             6.31 kB │ gzip:   1.72 kB
.output/public/assets/prisma-BsRQq5mF.js                                               6.32 kB │ gzip:   1.38 kB
.output/public/assets/ara-4CJ0cIlV.js                                                  6.35 kB │ gzip:   1.80 kB
.output/public/assets/clojure-DqKBuwfJ.js                                              6.40 kB │ gzip:   1.41 kB
.output/public/assets/postcss-BXeXVLqQ.js                                              6.41 kB │ gzip:   1.90 kB
.output/public/assets/toml-CcmNWLt0.js                                                 6.41 kB │ gzip:   1.28 kB
.output/public/assets/solarized-light-DSh2HLQt.js                                      6.47 kB │ gzip:   1.71 kB
.output/public/assets/supplier-api-BNaI5k7m.js                                         6.49 kB │ gzip:   3.12 kB
.output/public/assets/proto-DB4EqR-F.js                                                6.54 kB │ gzip:   1.41 kB
.output/public/assets/smalltalk-B16xEiuN.js                                            6.58 kB │ gzip:   1.61 kB
.output/public/assets/r-BQjpMKbP.js                                                    6.60 kB │ gzip:   1.83 kB
.output/public/assets/talonscript-CohzipZa.js                                          6.75 kB │ gzip:   1.48 kB
.output/public/assets/solarized-dark-DV17i1UV.js                                       6.84 kB │ gzip:   1.78 kB
.output/public/assets/riscv-Ckw8ddFX.js                                                6.90 kB │ gzip:   1.97 kB
.output/public/assets/register-BOhbbh4i.js                                             6.92 kB │ gzip:   2.91 kB
.output/public/assets/soy-C1iNcKG6.js                                                  6.92 kB │ gzip:   1.62 kB
.output/public/assets/min-light-DDpmG2fV.js                                            6.96 kB │ gzip:   1.88 kB
.output/public/assets/scheme-DQCgrYNe.js                                               7.16 kB │ gzip:   2.04 kB
.output/public/assets/hlsl-Cvrh5tZx.js                                                 7.25 kB │ gzip:   2.18 kB
.output/public/assets/qss-Fe1Jh2GI.js                                                  7.46 kB │ gzip:   2.57 kB
.output/public/assets/status-BqztJDs7.js                                               7.62 kB │ gzip:   3.26 kB
.output/public/assets/delivery-C2syHzSu.js                                             7.69 kB │ gzip:   3.43 kB
.output/public/assets/QueryClientProvider-C0peNFIP.js                                  7.75 kB │ gzip:   3.05 kB
.output/public/assets/systemd-BxMlprV5.js                                              7.86 kB │ gzip:   2.54 kB
.output/public/assets/monokai-CdkpiU2Y.js                                              7.88 kB │ gzip:   1.90 kB
.output/public/assets/confirm-dialog-CP4MEa2u.js                                       7.88 kB │ gzip:   2.66 kB
.output/public/assets/regexp-DU6XB3qH.js                                               8.05 kB │ gzip:   1.47 kB
.output/public/assets/haml-ZCm1T5Q_.js                                                 8.33 kB │ gzip:   1.86 kB
.output/public/assets/typst-DI99ib-x.js                                                8.38 kB │ gzip:   1.66 kB
.output/public/assets/invoice-A53_GVBn.js                                              8.46 kB │ gzip:   3.60 kB
.output/public/assets/vue-html-48484HYb.js                                             8.47 kB │ gzip:   1.68 kB
.output/public/assets/plsql-DGHpHOYJ.js                                                8.50 kB │ gzip:   2.99 kB
.output/public/assets/sign-in-c3VGmy1v.js                                              8.51 kB │ gzip:   3.19 kB
.output/public/assets/scheduled-Ba3QCZW-.js                                            8.55 kB │ gzip:   3.59 kB
.output/public/assets/dart-CnvKMtbv.js                                                 8.61 kB │ gzip:   1.99 kB
.output/public/assets/compiler-runtime--XPNi5ZU.js                                     8.70 kB │ gzip:   3.29 kB
.output/public/assets/products-C53QzgSB.js                                             8.76 kB │ gzip:   3.39 kB
.output/public/assets/horizon-CE9ld1lL.js                                              8.77 kB │ gzip:   1.94 kB
.output/public/assets/kotlin-DhhofPvG.js                                               8.77 kB │ gzip:   2.12 kB
.output/public/assets/horizon-bright-DSNQnXHK.js                                       8.78 kB │ gzip:   1.96 kB
.output/public/assets/make-Dixweg8N.js                                                 8.95 kB │ gzip:   1.76 kB
.output/public/assets/andromeeda-vGVdxbeo.js                                           9.01 kB │ gzip:   2.35 kB
.output/public/assets/sas-B4z1iWEc.js                                                  9.06 kB │ gzip:   3.81 kB
.output/public/assets/dark-plus-Cs2F2srj.js                                            9.09 kB │ gzip:   2.10 kB
.output/public/assets/slack-dark-DnToyrRv.js                                           9.11 kB │ gzip:   1.96 kB
.output/public/assets/sass-DXrisJhu.js                                                 9.28 kB │ gzip:   2.48 kB
.output/public/assets/plastic-DQwYfKfQ.js                                              9.29 kB │ gzip:   1.96 kB
.output/public/assets/aisou-inventory-j0XQ22Kw.js                                      9.37 kB │ gzip:   4.06 kB
.output/public/assets/_orderId-0fpdNTHF.js                                             9.39 kB │ gzip:   3.35 kB
.output/public/assets/slack-ochin-B2OO5cIa.js                                          9.42 kB │ gzip:   2.08 kB
.output/public/assets/tex-CAR3YtjU.js                                                  9.67 kB │ gzip:   3.06 kB
.output/public/assets/jison-lUQ7HuXb.js                                                9.69 kB │ gzip:   1.86 kB
.output/public/assets/cmake-Bj61d0ZC.js                                                9.84 kB │ gzip:   3.37 kB
.output/public/assets/light-plus-DVQuIRkW.js                                           9.93 kB │ gzip:   2.27 kB
.output/public/assets/hcl-Dh228itO.js                                                 10.04 kB │ gzip:   1.93 kB
.output/public/assets/sidebar-data-w6vYfkla.js                                        10.10 kB │ gzip:   3.54 kB
.output/public/assets/orders-BDYFkmMZ.js                                              10.13 kB │ gzip:   3.90 kB
.output/public/assets/dist-iNllp1N8.js                                                10.16 kB │ gzip:   3.67 kB
.output/public/assets/install-bGnNXQxT.js                                             10.26 kB │ gzip:   4.19 kB
.output/public/assets/rst-BtYq3R5G.js                                                 10.31 kB │ gzip:   2.24 kB
.output/public/assets/roles-CCwLKkmr.js                                               10.33 kB │ gzip:   4.46 kB
.output/public/assets/pkl-ot-7Btpt.js                                                 10.36 kB │ gzip:   1.37 kB
.output/public/assets/beancount-D-usSTwE.js                                           10.36 kB │ gzip:   1.43 kB
.output/public/assets/settings-sr7QcRMT.js                                            10.41 kB │ gzip:   4.75 kB
.output/public/assets/nextflow-groovy-DJMQeKeT.js                                     10.43 kB │ gzip:   2.13 kB
.output/public/assets/dream-maker-DW3nJb8Q.js                                         10.46 kB │ gzip:   2.25 kB
.output/public/assets/raku-B3gFvitq.js                                                10.46 kB │ gzip:   2.94 kB
.output/public/assets/yaml-DDX6ld7P.js                                                10.57 kB │ gzip:   2.31 kB
.output/public/assets/_productId-VUCOZoce.js                                          10.61 kB │ gzip:   4.11 kB
.output/public/assets/just-DS1se5LE.js                                                10.81 kB │ gzip:   2.61 kB
.output/public/assets/elm-NVKjqFw9.js                                                 10.94 kB │ gzip:   2.09 kB
.output/public/assets/checkbox--cMfc1mY.js                                            11.06 kB │ gzip:   3.72 kB
.output/public/assets/github-light-EUqPIrTm.js                                        11.18 kB │ gzip:   2.49 kB
.output/public/assets/prolog-iXnhIJG7.js                                              11.34 kB │ gzip:   3.84 kB
.output/public/assets/terraform-DswuEJGm.js                                           11.38 kB │ gzip:   2.51 kB
.output/public/assets/github-dark-C-LZuMrd.js                                         11.40 kB │ gzip:   2.53 kB
.output/public/assets/puppet-CDv2pdJW.js                                              11.43 kB │ gzip:   2.10 kB
.output/public/assets/laserwave-C_8bwKvT.js                                           11.49 kB │ gzip:   2.57 kB
.output/public/assets/claude-network-check-XjsxA22h.js                                11.50 kB │ gzip:   6.03 kB
.output/public/assets/cart-QZ9HqIwc.js                                                11.70 kB │ gzip:   4.10 kB
.output/public/assets/gherkin-DExj1W_8.js                                             11.93 kB │ gzip:   5.04 kB
.output/public/assets/wasm-ByWQv1Qj.js                                                12.00 kB │ gzip:   2.17 kB
.output/public/assets/hjson-CxZEssPk.js                                               12.04 kB │ gzip:   1.64 kB
.output/public/assets/handlebars-CoiHOHvz.js                                          12.16 kB │ gzip:   2.38 kB
.output/public/assets/apache-U0d_L8uA.js                                              12.44 kB │ gzip:   3.71 kB
.output/public/assets/email-C-uUwDEu.js                                               12.61 kB │ gzip:   5.05 kB
.output/public/assets/vesper-DdrHHSXu.js                                              12.73 kB │ gzip:   1.99 kB
.output/public/assets/bat-Bo4NYOV-.js                                                 12.88 kB │ gzip:   3.22 kB
.output/public/assets/fish-BJitypiv.js                                                13.03 kB │ gzip:   1.73 kB
.output/public/assets/button-BrxUCUil.js                                              13.09 kB │ gzip:   5.15 kB
.output/public/assets/v-DETTlOr0.js                                                   13.20 kB │ gzip:   2.73 kB
.output/public/assets/utils-1BE2h8-2.js                                               13.49 kB │ gzip:   4.72 kB
.output/public/assets/vitesse-light-VbXTXTou.js                                       13.61 kB │ gzip:   3.03 kB
.output/public/assets/aurora-x-CDeNXAV0.js                                            13.65 kB │ gzip:   2.28 kB
.output/public/assets/vitesse-black-fwtXNY1n.js                                       13.67 kB │ gzip:   3.05 kB
.output/public/assets/vitesse-dark-BZCL-v6S.js                                        13.75 kB │ gzip:   3.06 kB
.output/public/assets/redeem-inventory-SWDBNP6C.js                                    13.77 kB │ gzip:   6.00 kB
.output/public/assets/pug-BqpUUG5y.js                                                 13.84 kB │ gzip:   2.58 kB
.output/public/assets/scroll-area-CiwUA0v-.js                                         14.00 kB │ gzip:   4.53 kB
.output/public/assets/synthwave-84-nFMaYfgc.js                                        14.03 kB │ gzip:   2.85 kB
.output/public/assets/github-light-default-BXViO-2h.js                                14.15 kB │ gzip:   3.02 kB
.output/public/assets/clarity-SemFz856.js                                             14.26 kB │ gzip:   2.46 kB
.output/public/assets/github-light-high-contrast-B68TUdTA.js                          14.27 kB │ gzip:   3.00 kB
.output/public/assets/github-dark-dimmed-Bx1FflLF.js                                  14.43 kB │ gzip:   3.11 kB
.output/public/assets/github-dark-default-DXG-b-1a.js                                 14.43 kB │ gzip:   3.12 kB
.output/public/assets/github-dark-high-contrast-B_tTalzw.js                           14.59 kB │ gzip:   3.07 kB
.output/public/assets/accounts-DIZaxZYX.js                                            14.64 kB │ gzip:   5.89 kB
.output/public/assets/gnuplot-7GGW24-e.js                                             14.77 kB │ gzip:   3.27 kB
.output/public/assets/(public)-C-eL-Bhp.js                                            14.93 kB │ gzip:   6.13 kB
.output/public/assets/rust-Cfkwpbl8.js                                                15.06 kB │ gzip:   2.71 kB
.output/public/assets/kusto-C7mF5XQf.js                                               15.16 kB │ gzip:   3.92 kB
.output/public/assets/actionscript-3--17pq3dv.js                                      15.19 kB │ gzip:   2.67 kB
.output/public/assets/nix-IvuFDN5E.js                                                 15.50 kB │ gzip:   2.47 kB
.output/public/assets/lua-CwJk0jv3.js                                                 15.60 kB │ gzip:   3.19 kB
.output/public/assets/luau-FMPmPwt6.js                                                15.62 kB │ gzip:   3.39 kB
.output/public/assets/abap-CLvhMVsD.js                                                15.84 kB │ gzip:   5.93 kB
.output/public/assets/solidity-CKzVLygQ.js                                            16.06 kB │ gzip:   3.09 kB
.output/public/assets/matlab-D7qyCx1q.js                                              16.07 kB │ gzip:   3.06 kB
.output/public/assets/esm-BgV27-jL.js                                                 16.14 kB │ gzip:   5.99 kB
.output/public/assets/cue-CE9AQfxI.js                                                 16.19 kB │ gzip:   2.04 kB
.output/public/assets/elixir-DVI7VHZe.js                                              16.26 kB │ gzip:   2.76 kB
.output/public/assets/es2015-Db4oDvQB.js                                              16.38 kB │ gzip:   6.25 kB
.output/public/assets/useBaseQuery-DuvIdwHN.js                                        16.40 kB │ gzip:   5.51 kB
.output/public/assets/auth-DSRwWPwH.js                                                16.48 kB │ gzip:   6.14 kB
.output/public/assets/odin-B1RWQWA5.js                                                16.50 kB │ gzip:   2.92 kB
.output/public/assets/ts-tags-B-YiS81D.js                                             16.54 kB │ gzip:   2.05 kB
.output/public/assets/kanagawa-wave-CTweb8Dz.js                                       17.12 kB │ gzip:   2.90 kB
.output/public/assets/kanagawa-lotus-BN08jTvb.js                                      17.12 kB │ gzip:   2.90 kB
.output/public/assets/kanagawa-dragon-CXtmUGW6.js                                     17.12 kB │ gzip:   2.92 kB
.output/public/assets/coupons-mXnlLUoO.js                                             17.32 kB │ gzip:   6.54 kB
.output/public/assets/account-settings-panel-CxiDQ1WE.js                              17.49 kB │ gzip:   6.98 kB
.output/public/assets/move-B1IS1UjX.js                                                17.49 kB │ gzip:   3.06 kB
.output/public/assets/dist-CQSJsDgJ.js                                                17.74 kB │ gzip:   5.23 kB
.output/public/assets/graphql-jeSWgi3n.js                                             18.08 kB │ gzip:   2.54 kB
.output/public/assets/liquid-B_heoyQr.js                                              18.10 kB │ gzip:   3.14 kB
.output/public/assets/provider-logo-N5SU8brS.js                                       18.13 kB │ gzip:   6.89 kB
.output/public/assets/svelte-Co-pD18M.js                                              18.24 kB │ gzip:   3.14 kB
.output/public/assets/order-trend-chart-CFwSvjJo.js                                   18.45 kB │ gzip:   6.15 kB
.output/public/assets/material-theme-Bm3Qr25_.js                                      18.61 kB │ gzip:   3.10 kB
.output/public/assets/material-theme-darker-2IIEA8gg.js                               18.62 kB │ gzip:   3.10 kB
.output/public/assets/material-theme-ocean-CHQ94UKr.js                                18.62 kB │ gzip:   3.12 kB
.output/public/assets/material-theme-lighter-uhdI0v04.js                              18.63 kB │ gzip:   3.10 kB
.output/public/assets/material-theme-palenight-B5W6OYN7.js                            18.63 kB │ gzip:   3.11 kB
.output/public/assets/gdscript-Cp2uCuqX.js                                            18.98 kB │ gzip:   3.75 kB
.output/public/assets/claude-purchase-guide-j5mRQzDf.js                               19.12 kB │ gzip:   6.49 kB
.output/public/assets/dist-Dw_OoDsN.js                                                19.16 kB │ gzip:   6.59 kB
.output/public/assets/groovy-CacY0gHj.js                                              19.17 kB │ gzip:   3.59 kB
.output/public/assets/products-BOAI9OcY.js                                            19.47 kB │ gzip:   7.30 kB
.output/public/assets/mdc-C9z51miu.js                                                 19.54 kB │ gzip:   6.66 kB
.output/public/assets/me-DV6Nvm0G.js                                                  20.06 kB │ gzip:   6.86 kB
.output/public/assets/ayu-dark-DluEY0Gj.js                                            20.07 kB │ gzip:   3.93 kB
.output/public/assets/ayu-mirage-Bqwy1Gya.js                                          20.08 kB │ gzip:   3.91 kB
.output/public/assets/glimmer-js-AhV_N0ac.js                                          20.08 kB │ gzip:   2.94 kB
.output/public/assets/glimmer-ts-DegHscw6.js                                          20.08 kB │ gzip:   2.93 kB
.output/public/assets/powershell-DshXNtvi.js                                          20.14 kB │ gzip:   4.05 kB
.output/public/assets/ayu-light-C3h-C4tm.js                                           20.14 kB │ gzip:   3.89 kB
.output/public/assets/viml-DvXPmvsu.js                                                20.35 kB │ gzip:   6.73 kB
.output/public/assets/nushell-DcLAeLz5.js                                             20.40 kB │ gzip:   5.21 kB
.output/public/assets/snazzy-light-4G7pJPwS.js                                        20.77 kB │ gzip:   3.80 kB
.output/public/assets/twig-B_JbMEiC.js                                                20.90 kB │ gzip:   3.66 kB
.output/public/assets/dracula-BHWKrbxM.js                                             21.06 kB │ gzip:   3.99 kB
.output/public/assets/dracula-soft-5eyTD99u.js                                        21.07 kB │ gzip:   4.02 kB
.output/public/assets/orders-CVKk4k5w.js                                              21.20 kB │ gzip:   7.56 kB
.output/public/assets/wit-DdvCle-K.js                                                 21.46 kB │ gzip:   2.87 kB
.output/public/assets/rose-pine-BthvhNj6.js                                           21.74 kB │ gzip:   3.86 kB
.output/public/assets/rose-pine-moon-hon4tzzS.js                                      21.75 kB │ gzip:   3.87 kB
.output/public/assets/rose-pine-dawn-Dg85fqjY.js                                      21.75 kB │ gzip:   3.88 kB
.output/public/assets/nim-lqz9FHuY.js                                                 22.45 kB │ gzip:   3.15 kB
.output/public/assets/common-lisp-Cv5bFMCO.js                                         22.57 kB │ gzip:   6.07 kB
.output/public/assets/surrealql-KcKhyST-.js                                           22.58 kB │ gzip:   4.31 kB
.output/public/assets/gruvbox-dark-hard-C820rvS2.js                                   22.63 kB │ gzip:   4.15 kB
.output/public/assets/gruvbox-dark-soft-MrdJrrXF.js                                   22.63 kB │ gzip:   4.15 kB
.output/public/assets/gruvbox-light-hard-BC_s9l72.js                                  22.63 kB │ gzip:   4.16 kB
.output/public/assets/gruvbox-light-soft-BSMLrYjP.js                                  22.63 kB │ gzip:   4.16 kB
.output/public/assets/gruvbox-dark-medium-BPjhmG05.js                                 22.63 kB │ gzip:   4.15 kB
.output/public/assets/gruvbox-light-medium-BAWPOn9u.js                                22.63 kB │ gzip:   4.16 kB
.output/public/assets/bird2-C6vDhewU.js                                               22.93 kB │ gzip:   4.65 kB
.output/public/assets/telegram-CMmIPExD.js                                            23.03 kB │ gzip:   8.34 kB
.output/public/assets/input-B0NdohJ9.js                                               23.14 kB │ gzip:   8.61 kB
.output/public/assets/sql-BehsYxsr.js                                                 23.49 kB │ gzip:   7.51 kB
.output/public/assets/cadence-CQ2zXKGN.js                                             23.66 kB │ gzip:   3.65 kB
.output/public/assets/astro-hHUMNzBM.js                                               24.02 kB │ gzip:   7.59 kB
.output/public/assets/apl-4oP12MhF.js                                                 24.02 kB │ gzip:   4.16 kB
.output/public/assets/templ-CiVHkQct.js                                               24.06 kB │ gzip:   5.41 kB
.output/public/assets/angular-html-AWG2fXcg.js                                        24.24 kB │ gzip:   3.98 kB
.output/public/assets/vhdl-BroJfC0k.js                                                24.25 kB │ gzip:   3.86 kB
.output/public/assets/vue-CxwoP0s5.js                                                 24.48 kB │ gzip:   2.96 kB
.output/public/assets/purescript-9MfHhQsQ.js                                          24.67 kB │ gzip:   3.24 kB
.output/public/assets/typespec-BRdr0IET.js                                            25.03 kB │ gzip:   2.62 kB
.output/public/assets/one-light-D7Lr4KcI.js                                           25.29 kB │ gzip:   3.63 kB
.output/public/assets/fsharp-D13ZGOAj.js                                              25.30 kB │ gzip:   4.12 kB
.output/public/assets/marko-D2swMlbT.js                                               25.48 kB │ gzip:   3.59 kB
.output/public/assets/night-owl-light-eJ-hLW7d.js                                     25.89 kB │ gzip:   4.23 kB
.output/public/assets/system-verilog-DJ5XKQeo.js                                      26.19 kB │ gzip:   4.82 kB
.output/public/assets/dist-CtgjWJ8a.js                                                26.40 kB │ gzip:  10.21 kB
.output/public/assets/nord-Cb4Vim4T.js                                                26.72 kB │ gzip:   4.35 kB
.output/public/assets/codeql-oeQT6MSM.js                                              26.87 kB │ gzip:   3.79 kB
.output/public/assets/c3-BFHwR3_K.js                                                  26.96 kB │ gzip:   3.92 kB
.output/public/assets/utils-B6KiDbIe.js                                               27.26 kB │ gzip:   8.69 kB
.output/public/assets/scss-C757v1UC.js                                                27.26 kB │ gzip:   4.23 kB
.output/public/assets/java-DdqDADv3.js                                                27.28 kB │ gzip:   4.31 kB
.output/public/assets/users-BPIYF7jG.js                                               27.28 kB │ gzip:   9.71 kB
.output/public/assets/coffee-DQkQ2R7F.js                                              27.42 kB │ gzip:   6.35 kB
.output/public/assets/razor-BecTOKbo.js                                               27.45 kB │ gzip:   3.54 kB
.output/public/assets/scala-DKOlJaKm.js                                               28.87 kB │ gzip:   3.92 kB
.output/public/assets/night-owl-DhmEMT88.js                                           28.91 kB │ gzip:   5.14 kB
.output/public/assets/checkout-C3Q-h3xw.js                                            29.33 kB │ gzip:   9.68 kB
.output/public/assets/crystal-hL0XcUh4.js                                             29.41 kB │ gzip:   4.44 kB
.output/public/assets/mermaid-Bk4SNUv9.js                                             29.50 kB │ gzip:   3.64 kB
.output/public/assets/applescript-CCn79oCD.js                                         29.56 kB │ gzip:   5.94 kB
.output/public/assets/order-BH9u9jj2.js                                               30.59 kB │ gzip:   9.99 kB
.output/public/assets/julia-7fUaDCMA.js                                               31.00 kB │ gzip:   4.30 kB
.output/public/assets/stylus-B6D30XZt.js                                              31.06 kB │ gzip:   8.01 kB
.output/public/assets/admin-CMeIll3Y.js                                               31.20 kB │ gzip:  12.51 kB
.output/public/assets/auth-client-1D1eWbY4.js                                         31.62 kB │ gzip:  11.70 kB
.output/public/assets/route-DXsvGy25.js                                               32.18 kB │ gzip:  11.42 kB
.output/public/assets/payment-configurations-BayKygSp.js                              32.38 kB │ gzip:  10.87 kB
.output/public/assets/dist-CXmQ5Dql.js                                                32.58 kB │ gzip:   9.13 kB
.output/public/assets/poimandres-DRFjx7u4.js                                          33.49 kB │ gzip:   5.49 kB
.output/public/assets/one-dark-pro-CLwyXe_n.js                                        33.78 kB │ gzip:   5.50 kB
.output/public/assets/bsl-BkkzgIyY.js                                                 33.86 kB │ gzip:   8.34 kB
.output/public/assets/fp.esm-CAcvCytv.js                                              34.06 kB │ gzip:  15.35 kB
.output/public/assets/haxe-OTjmBuCE.js                                                35.15 kB │ gzip:   5.90 kB
.output/public/assets/nginx-BDUKxkTU.js                                               35.35 kB │ gzip:   4.45 kB
.output/public/assets/houston-CsvMBhTu.js                                             35.41 kB │ gzip:   5.76 kB
.output/public/assets/createServerFn-DA9eazIA.js                                      35.57 kB │ gzip:  11.60 kB
.output/public/assets/tokyo-night-oM2G3aXe.js                                         35.66 kB │ gzip:   6.22 kB
.output/public/assets/ip-check-Qj0Ox_by.js                                            37.34 kB │ gzip:  15.12 kB
.output/public/assets/erlang-Cphh6RMH.js                                              37.47 kB │ gzip:   4.36 kB
.output/public/assets/web-support-contract-BHk8VV9j.js                                38.07 kB │ gzip:   8.38 kB
.output/public/assets/cobol-BlADxxBY.js                                               39.07 kB │ gzip:  10.89 kB
.output/public/assets/asm-Cmm7eHzH.js                                                 40.71 kB │ gzip:   8.16 kB
.output/public/assets/haskell-D8IpX4py.js                                             41.48 kB │ gzip:   6.41 kB
.output/public/assets/shellscript-DN6UGIou.js                                         41.54 kB │ gzip:   6.13 kB
.output/public/assets/perl-BAYYF4zM.js                                                43.14 kB │ gzip:   4.64 kB
.output/public/assets/d-qD-0Kul2.js                                                   43.78 kB │ gzip:   8.43 kB
.output/public/assets/_productId-Cj5z2tmu.js                                          44.71 kB │ gzip:  15.14 kB
.output/public/assets/ruby-Dnpsd6R8.js                                                46.60 kB │ gzip:   5.71 kB
.output/public/assets/go-rLFTqkRN.js                                                  46.81 kB │ gzip:   5.14 kB
.output/public/assets/catppuccin-mocha-DYhrFGRu.js                                    47.25 kB │ gzip:   7.98 kB
.output/public/assets/catppuccin-latte-DwIHMF0Q.js                                    47.25 kB │ gzip:   7.98 kB
.output/public/assets/catppuccin-frappe-3VR1Za6u.js                                   47.25 kB │ gzip:   7.99 kB
.output/public/assets/catppuccin-macchiato-DYnBP6_5.js                                47.26 kB │ gzip:   7.99 kB
.output/public/assets/apex-VAyPSnFM.js                                                47.76 kB │ gzip:   6.81 kB
.output/public/assets/ada-C5qYipkI.js                                                 48.07 kB │ gzip:   5.96 kB
.output/public/assets/css-BbkkzYil.js                                                 49.10 kB │ gzip:  11.96 kB
.output/public/assets/imba-DsUTQ-LC.js                                                49.92 kB │ gzip:   9.47 kB
.output/public/assets/everforest-dark-sB-x3p7T.js                                     53.74 kB │ gzip:   8.37 kB
.output/public/assets/everforest-light-Df2xbC6M.js                                    53.74 kB │ gzip:   8.36 kB
.output/public/assets/wikitext-ClFFjSW2.js                                            55.87 kB │ gzip:   4.81 kB
.output/public/assets/stata-6PNHbGdU.js                                               56.99 kB │ gzip:  12.39 kB
.output/public/assets/html-DFY5a9NU.js                                                57.32 kB │ gzip:  11.78 kB
.output/public/assets/useForm-Y5rThlpD.js                                             58.67 kB │ gzip:  14.16 kB
.output/public/assets/ballerina-B7ZEbQpA.js                                           58.68 kB │ gzip:   8.10 kB
.output/public/assets/markdown-BYOwaDjH.js                                            59.32 kB │ gzip:   5.66 kB
.output/public/assets/ocaml-O90oeIOV.js                                               62.44 kB │ gzip:   5.04 kB
.output/public/assets/select-UbNFgKO9.js                                              68.91 kB │ gzip:  23.11 kB
.output/public/assets/mojo-BgCJLMeH.js                                                69.79 kB │ gzip:   9.21 kB
.output/public/assets/schemas-Bn6TbC5B.js                                             69.91 kB │ gzip:  18.61 kB
.output/public/assets/python-gzcpVVnB.js                                              69.94 kB │ gzip:   9.09 kB
.output/public/assets/account-sections-Ti5B_eL6.js                                    71.22 kB │ gzip:  21.79 kB
.output/public/assets/c-C30chsQQ.js                                                   72.17 kB │ gzip:  10.55 kB
.output/public/assets/latex-DumQiFCf.js                                               72.87 kB │ gzip:   6.74 kB
.output/public/assets/vyper-CgoNMtux.js                                               74.64 kB │ gzip:  10.69 kB
.output/public/assets/hack-CceX7QQt.js                                                81.05 kB │ gzip:  26.43 kB
.output/public/assets/route-DTnvYxc4.js                                               85.55 kB │ gzip:  32.00 kB
.output/public/assets/swift-DonLKvLd.js                                               86.68 kB │ gzip:  14.69 kB
.output/public/assets/fortran-free-form-CYNrtFtB.js                                   88.96 kB │ gzip:  11.18 kB
.output/public/assets/csharp-oqKa8noW.js                                              90.18 kB │ gzip:  10.71 kB
.output/public/assets/route-DnNns9sT.js                                               90.30 kB │ gzip:  23.68 kB
.output/public/assets/racket-DcIDlBhZ.js                                              92.38 kB │ gzip:  15.07 kB
.output/public/assets/less-DVTAwKKz.js                                                97.62 kB │ gzip:  14.84 kB
.output/public/assets/blade-BWXQ67zd.js                                              104.97 kB │ gzip:  28.30 kB
.output/public/assets/objective-c-D1A_Heim.js                                        105.40 kB │ gzip:  23.63 kB
.output/public/assets/product-editor-7PEPNUU4.js                                     108.75 kB │ gzip:  36.95 kB
.output/public/assets/php-BJu8sUlz.js                                                113.08 kB │ gzip:  28.85 kB
.output/public/assets/form-CTJIXgUm.js                                               127.19 kB │ gzip:  38.12 kB
.output/public/assets/asciidoc-DE70LPWp.js                                           131.52 kB │ gzip:   9.31 kB
.output/public/assets/mdx-DQZ5AkYe.js                                                136.10 kB │ gzip:  23.54 kB
.output/public/assets/objective-cpp-BsSzOQcm.js                                      171.96 kB │ gzip:  30.98 kB
.output/public/assets/javascript-BCdz0Vdv.js                                         174.89 kB │ gzip:  16.68 kB
.output/public/assets/tsx-C8SCxxRM.js                                                175.60 kB │ gzip:  16.67 kB
.output/public/assets/jsx-BInicPx4.js                                                177.85 kB │ gzip:  16.77 kB
.output/public/assets/typescript-D7JPGPxO.js                                         181.14 kB │ gzip:  16.29 kB
.output/public/assets/angular-ts-WHX5nyua.js                                         183.73 kB │ gzip:  16.78 kB
.output/public/assets/vue-vine-BHGavUqe.js                                           190.05 kB │ gzip:  18.07 kB
.output/public/assets/wolfram-DLL8P-h_.js                                            262.38 kB │ gzip:  77.63 kB
.output/public/assets/chart-CWvR1sj1.js                                              370.04 kB │ gzip: 106.97 kB
.output/public/assets/index-D_u52Ft3.js                                              501.33 kB │ gzip: 156.79 kB
.output/public/assets/wasm-BnjxR4X6.js                                               622.32 kB │ gzip: 232.09 kB
.output/public/assets/cpp-Bn1KUhbt.js                                                626.13 kB │ gzip:  48.09 kB
.output/public/assets/emacs-lisp-B4R74twV.js                                         779.87 kB │ gzip: 197.55 kB
.output/public/assets/client-CvizNC95.js                                           2,315.84 kB │ gzip: 775.33 kB

✓ built in 8.27s
[plugin builtin:vite-reporter] 
(!) Some chunks are larger than 500 kB after minification. Consider:
- Using dynamic import() to code-split the application
- Use build.rolldownOptions.output.codeSplitting to improve chunking: https://rolldown.rs/reference/OutputOptions.codeSplitting
- Adjust chunk size limit for this warning via build.chunkSizeWarningLimit.
vite v8.1.4 building ssr environment for production...
ℹ [paraglide-js] Compilation skipped — inputs unchanged (message-modules)
[2Ktransforming...✓ 2998 modules transformed.
rendering chunks...
computing gzip size...
node_modules/.nitro/vite/services/ssr/assets/manrope-cyrillic-wght-normal-Dvxsihut.woff2                   14.50 kB
node_modules/.nitro/vite/services/ssr/assets/inter-cyrillic-wght-normal-DqGufNeO.woff2                     18.74 kB
node_modules/.nitro/vite/services/ssr/assets/noto-sans-cyrillic-wght-normal-B2hlT84T.woff2                 20.08 kB
node_modules/.nitro/vite/services/ssr/assets/nunito-cyrillic-wght-normal-CY6AOgYE.woff2                    20.77 kB
node_modules/.nitro/vite/services/ssr/assets/manrope-latin-wght-normal-DHIcAJRg.woff2                      24.83 kB
node_modules/.nitro/vite/services/ssr/assets/noto-sans-latin-wght-normal-BYSzYMf3.woff2                    35.82 kB
node_modules/.nitro/vite/services/ssr/assets/nunito-latin-wght-normal-BzFMHfZw.woff2                       39.12 kB
node_modules/.nitro/vite/services/ssr/assets/inter-latin-wght-normal-Dx4kXJAl.woff2                        48.25 kB
node_modules/.nitro/vite/services/ssr/assets/global-DXCS7m_q.css                                          184.40 kB │ gzip: 28.29 kB
node_modules/.nitro/vite/services/ssr/assets/kysely-adapter-Cj_QZw5p.js                                     0.05 kB │ gzip:  0.07 kB
node_modules/.nitro/vite/services/ssr/assets/server-MG3jNguc.js                                             0.09 kB │ gzip:  0.09 kB
node_modules/.nitro/vite/services/ssr/assets/schema-0vL9wWXY.js                                             0.18 kB │ gzip:  0.16 kB
node_modules/.nitro/vite/services/ssr/assets/utils-C_uf36nf.js                                              0.18 kB │ gzip:  0.15 kB
node_modules/.nitro/vite/services/ssr/assets/reauthentication-schema-oT8LZZs8.js                            0.21 kB │ gzip:  0.17 kB
node_modules/.nitro/vite/services/ssr/assets/500-BE7caSp0.js                                                0.21 kB │ gzip:  0.16 kB
node_modules/.nitro/vite/services/ssr/assets/admin-DnJ_nkHH.js                                              0.21 kB │ gzip:  0.16 kB
node_modules/.nitro/vite/services/ssr/assets/products-D2hwAMPv.js                                           0.21 kB │ gzip:  0.15 kB
node_modules/.nitro/vite/services/ssr/assets/404-BsrqmyPa.js                                                0.21 kB │ gzip:  0.16 kB
node_modules/.nitro/vite/services/ssr/assets/site-brand-CNSZ18sB.js                                         0.24 kB │ gzip:  0.20 kB
node_modules/.nitro/vite/services/ssr/assets/sessions-9wj3dwBj.js                                           0.24 kB │ gzip:  0.17 kB
node_modules/.nitro/vite/services/ssr/assets/modules-BCSaOaj1.js                                            0.24 kB │ gzip:  0.17 kB
node_modules/.nitro/vite/services/ssr/assets/empty-plugin-adapters-De36uHlq.js                              0.25 kB │ gzip:  0.18 kB
node_modules/.nitro/vite/services/ssr/assets/permission-bits-CAZyTrjq.js                                    0.25 kB │ gzip:  0.17 kB
node_modules/.nitro/vite/services/ssr/assets/domain-error-CPdvMkjT.js                                       0.26 kB │ gzip:  0.18 kB
node_modules/.nitro/vite/services/ssr/assets/route-CtCsjCC7.js                                              0.28 kB │ gzip:  0.21 kB
node_modules/.nitro/vite/services/ssr/assets/route-CbSuF3gU.js                                              0.28 kB │ gzip:  0.21 kB
node_modules/.nitro/vite/services/ssr/assets/error-WmitErz_.js                                              0.29 kB │ gzip:  0.19 kB
node_modules/.nitro/vite/services/ssr/assets/trash-CHUBVHyw.js                                              0.30 kB │ gzip:  0.21 kB
node_modules/.nitro/vite/services/ssr/assets/access-DcjweTPf.js                                             0.31 kB │ gzip:  0.22 kB
node_modules/.nitro/vite/services/ssr/assets/orders-CUdOjZt1.js                                             0.31 kB │ gzip:  0.22 kB
node_modules/.nitro/vite/services/ssr/assets/secrets-CGLntXX5.js                                            0.32 kB │ gzip:  0.22 kB
node_modules/.nitro/vite/services/ssr/assets/commerce-5Qk5CDH6.js                                           0.32 kB │ gzip:  0.22 kB
node_modules/.nitro/vite/services/ssr/assets/retention-Yp6ZEIHz.js                                          0.32 kB │ gzip:  0.22 kB
node_modules/.nitro/vite/services/ssr/assets/operations-BYOnG9AC.js                                         0.32 kB │ gzip:  0.22 kB
node_modules/.nitro/vite/services/ssr/assets/fulfillment-BQToJKYz.js                                        0.32 kB │ gzip:  0.23 kB
node_modules/.nitro/vite/services/ssr/assets/locales-6qnNRrQN.js                                            0.35 kB │ gzip:  0.27 kB
node_modules/.nitro/vite/services/ssr/assets/_orderId-CeAZCFrz.js                                           0.36 kB │ gzip:  0.22 kB
node_modules/.nitro/vite/services/ssr/assets/skeleton-Bp3AM9zJ.js                                           0.36 kB │ gzip:  0.26 kB
node_modules/.nitro/vite/services/ssr/assets/edit-BBjgx0kF.js                                               0.37 kB │ gzip:  0.22 kB
node_modules/.nitro/vite/services/ssr/assets/_productId-BeYoj_Hn.js                                         0.37 kB │ gzip:  0.23 kB
node_modules/.nitro/vite/services/ssr/assets/_productId-BzwF39hy.js                                         0.37 kB │ gzip:  0.23 kB
node_modules/.nitro/vite/services/ssr/assets/site-assets-CiSu7ETc.js                                        0.39 kB │ gzip:  0.23 kB
node_modules/.nitro/vite/services/ssr/assets/new-CtGlgxy4.js                                                0.40 kB │ gzip:  0.26 kB
node_modules/.nitro/vite/services/ssr/assets/public-VBeJ4VQA.js                                             0.41 kB │ gzip:  0.28 kB
node_modules/.nitro/vite/services/ssr/assets/edit-CyhE-GEj.js                                               0.42 kB │ gzip:  0.26 kB
node_modules/.nitro/vite/services/ssr/assets/createServerRpc-B6iHKEdx.js                                    0.42 kB │ gzip:  0.29 kB
node_modules/.nitro/vite/services/ssr/assets/queries-DPVtq8D1.js                                            0.42 kB │ gzip:  0.24 kB
node_modules/.nitro/vite/services/ssr/assets/queries-GbBaQ0Ct2.js                                           0.45 kB │ gzip:  0.25 kB
node_modules/.nitro/vite/services/ssr/assets/settings-DZZmZT-p.js                                           0.45 kB │ gzip:  0.28 kB
node_modules/.nitro/vite/services/ssr/assets/account-DWbXrXFN.js                                            0.46 kB │ gzip:  0.29 kB
node_modules/.nitro/vite/services/ssr/assets/orders-CFi6w2g4.js                                             0.46 kB │ gzip:  0.29 kB
node_modules/.nitro/vite/services/ssr/assets/secrets-BZ5t0DCn.js                                            0.46 kB │ gzip:  0.22 kB
node_modules/.nitro/vite/services/ssr/assets/_orderNumber-BM7bh3e0.js                                       0.46 kB │ gzip:  0.28 kB
node_modules/.nitro/vite/services/ssr/assets/notifications-DMf3EKEo.js                                      0.47 kB │ gzip:  0.28 kB
node_modules/.nitro/vite/services/ssr/assets/payment-region-6lIrYiAD.js                                     0.48 kB │ gzip:  0.28 kB
node_modules/.nitro/vite/services/ssr/assets/context-DwefvWrW.js                                            0.48 kB │ gzip:  0.28 kB
node_modules/.nitro/vite/services/ssr/assets/after-sale-status-CKYy7fnf.js                                  0.48 kB │ gzip:  0.26 kB
node_modules/.nitro/vite/services/ssr/assets/cache-observability-B1ZDT-cx.js                                0.49 kB │ gzip:  0.31 kB
node_modules/.nitro/vite/services/ssr/assets/entitlements-BWolcbwL.js                                       0.49 kB │ gzip:  0.29 kB
node_modules/.nitro/vite/services/ssr/assets/_orderNumber-yn9x3SaJ.js                                       0.50 kB │ gzip:  0.30 kB
node_modules/.nitro/vite/services/ssr/assets/client-Db1AXyXH.js                                             0.51 kB │ gzip:  0.34 kB
node_modules/.nitro/vite/services/ssr/assets/site-brand-provider-WvYLZfQS.js                                0.51 kB │ gzip:  0.29 kB
node_modules/.nitro/vite/services/ssr/assets/new-BfgiAWry.js                                                0.53 kB │ gzip:  0.32 kB
node_modules/.nitro/vite/services/ssr/assets/identity-email-pr5vP0Rp.js                                     0.56 kB │ gzip:  0.27 kB
node_modules/.nitro/vite/services/ssr/assets/session-DTpQWCW6.js                                            0.56 kB │ gzip:  0.33 kB
node_modules/.nitro/vite/services/ssr/assets/label-D7_HrQiP.js                                              0.56 kB │ gzip:  0.36 kB
node_modules/.nitro/vite/services/ssr/assets/schema-CUiveFIL.js                                             0.59 kB │ gzip:  0.33 kB
node_modules/.nitro/vite/services/ssr/assets/separator-Bx1j2uzr.js                                          0.61 kB │ gzip:  0.34 kB
node_modules/.nitro/vite/services/ssr/assets/_orderNumber-D7JPXuvT.js                                       0.62 kB │ gzip:  0.36 kB
node_modules/.nitro/vite/services/ssr/assets/route-L2UHbGE0.js                                              0.62 kB │ gzip:  0.34 kB
node_modules/.nitro/vite/services/ssr/assets/createSsrRpc-Bk4w_8wC.js                                       0.63 kB │ gzip:  0.39 kB
node_modules/.nitro/vite/services/ssr/assets/reauthenticate-CrmnT_sE.js                                     0.68 kB │ gzip:  0.41 kB
node_modules/.nitro/vite/services/ssr/assets/common_new-CsO4lAbc.js                                         0.69 kB │ gzip:  0.38 kB
node_modules/.nitro/vite/services/ssr/assets/audit_time-NkjdT2K8.js                                         0.69 kB │ gzip:  0.37 kB
node_modules/.nitro/vite/services/ssr/assets/common_copy-kl3UzHiR.js                                        0.70 kB │ gzip:  0.38 kB
node_modules/.nitro/vite/services/ssr/assets/common_edit-73eVeVSe.js                                        0.70 kB │ gzip:  0.38 kB
node_modules/.nitro/vite/services/ssr/assets/common_name-DwIpEX1B.js                                        0.70 kB │ gzip:  0.38 kB
node_modules/.nitro/vite/services/ssr/assets/auth_submit-DxwN3rNS.js                                        0.70 kB │ gzip:  0.38 kB
node_modules/.nitro/vite/services/ssr/assets/nav_coupons-DSLZ1hEA.js                                        0.71 kB │ gzip:  0.38 kB
node_modules/.nitro/vite/services/ssr/assets/common_close-BEK5Nvpg.js                                       0.71 kB │ gzip:  0.38 kB
node_modules/.nitro/vite/services/ssr/assets/common_email-BPRX9ZtR.js                                       0.71 kB │ gzip:  0.38 kB
node_modules/.nitro/vite/services/ssr/assets/common_retry-DbcYCzpt.js                                       0.71 kB │ gzip:  0.38 kB
node_modules/.nitro/vite/services/ssr/assets/audit_export-CdVPYgO6.js                                       0.71 kB │ gzip:  0.38 kB
node_modules/.nitro/vite/services/ssr/assets/status-De1fpYQp.js                                             0.71 kB │ gzip:  0.40 kB
node_modules/.nitro/vite/services/ssr/assets/unit_minutes-BNjxRg6l.js                                       0.71 kB │ gzip:  0.38 kB
node_modules/.nitro/vite/services/ssr/assets/nav_products-DECnugMa.js                                       0.71 kB │ gzip:  0.38 kB
node_modules/.nitro/vite/services/ssr/assets/common_cancel-CIhh-F8R.js                                      0.72 kB │ gzip:  0.38 kB
node_modules/.nitro/vite/services/ssr/assets/common_delete-DYSVpBjT.js                                      0.72 kB │ gzip:  0.38 kB
node_modules/.nitro/vite/services/ssr/assets/common_search-BxUT7uBC.js                                      0.72 kB │ gzip:  0.38 kB
node_modules/.nitro/vite/services/ssr/assets/common_status-2nHFX_2a.js                                      0.72 kB │ gzip:  0.38 kB
node_modules/.nitro/vite/services/ssr/assets/status_failed-BlBTlYND.js                                      0.72 kB │ gzip:  0.38 kB
node_modules/.nitro/vite/services/ssr/assets/store_my_title-DnfssogC.js                                     0.72 kB │ gzip:  0.39 kB
node_modules/.nitro/vite/services/ssr/assets/functions-DbLxsXSz.js                                          0.72 kB │ gzip:  0.44 kB
node_modules/.nitro/vite/services/ssr/assets/coupons_value-hxLxx0J7.js                                      0.72 kB │ gzip:  0.39 kB
node_modules/.nitro/vite/services/ssr/assets/store_nav_shop-DNbdpsb-.js                                     0.72 kB │ gzip:  0.38 kB
node_modules/.nitro/vite/services/ssr/assets/common_actions-cchdWPay.js                                     0.73 kB │ gzip:  0.38 kB
node_modules/.nitro/vite/services/ssr/assets/common_enabled-DraSvTza.js                                     0.73 kB │ gzip:  0.39 kB
node_modules/.nitro/vite/services/ssr/assets/common_goback1-61nLk7lI.js                                     0.73 kB │ gzip:  0.39 kB
node_modules/.nitro/vite/services/ssr/assets/common_refresh-KGvOeDZ4.js                                     0.73 kB │ gzip:  0.38 kB
node_modules/.nitro/vite/services/ssr/assets/public_sign_in-DQ4opJMa.js                                     0.73 kB │ gzip:  0.39 kB
node_modules/.nitro/vite/services/ssr/assets/status_unknown-r1jPPTBi.js                                     0.73 kB │ gzip:  0.38 kB
node_modules/.nitro/vite/services/ssr/assets/ip_title-DxLsXvol.js                                           0.73 kB │ gzip:  0.42 kB
node_modules/.nitro/vite/services/ssr/assets/common_created-OqES8rRm.js                                     0.74 kB │ gzip:  0.40 kB
node_modules/.nitro/vite/services/ssr/assets/common_password-BdxIY778.js                                    0.74 kB │ gzip:  0.38 kB
node_modules/.nitro/vite/services/ssr/assets/common_loading-D3Sc0vLl.js                                     0.74 kB │ gzip:  0.40 kB
node_modules/.nitro/vite/services/ssr/assets/nav_audit_logs-MRY9ImO4.js                                     0.74 kB │ gzip:  0.40 kB
node_modules/.nitro/vite/services/ssr/assets/webhook-url-CLP6q7id.js                                        0.75 kB │ gzip:  0.43 kB
node_modules/.nitro/vite/services/ssr/assets/shop_orders_order-GG6MXcCb.js                                  0.75 kB │ gzip:  0.38 kB
node_modules/.nitro/vite/services/ssr/assets/shop_orders_items-BrLmSYf1.js                                  0.76 kB │ gzip:  0.40 kB
node_modules/.nitro/vite/services/ssr/assets/shop_orders_view-CLR10T41.js                                   0.76 kB │ gzip:  0.41 kB
node_modules/.nitro/vite/services/ssr/assets/store_cart_title-BMO1xD3V.js                                   0.76 kB │ gzip:  0.40 kB
node_modules/.nitro/vite/services/ssr/assets/commerce-events-DZRns9yi.js                                    0.76 kB │ gzip:  0.41 kB
node_modules/.nitro/vite/services/ssr/assets/store_nav_orders-DDTH_RTd.js                                   0.76 kB │ gzip:  0.41 kB
node_modules/.nitro/vite/services/ssr/assets/common_last_error-DlxPJo_n.js                                  0.77 kB │ gzip:  0.40 kB
node_modules/.nitro/vite/services/ssr/assets/catalog_price_minor-D0CDUqap.js                                0.77 kB │ gzip:  0.39 kB
node_modules/.nitro/vite/services/ssr/assets/notifications_event-DKiyXvnu.js                                0.77 kB │ gzip:  0.39 kB
node_modules/.nitro/vite/services/ssr/assets/store_order_total-BkhMHGQU.js                                  0.77 kB │ gzip:  0.40 kB
node_modules/.nitro/vite/services/ssr/assets/catalog-klHIRsDM.js                                            0.77 kB │ gzip:  0.40 kB
node_modules/.nitro/vite/services/ssr/assets/catalog_updated_at-B25_iAlx.js                                 0.77 kB │ gzip:  0.40 kB
node_modules/.nitro/vite/services/ssr/assets/system_nav_orders-BhNXEgTG.js                                  0.78 kB │ gzip:  0.41 kB
node_modules/.nitro/vite/services/ssr/assets/auth_signinfailed2-DEWQ2vs9.js                                 0.79 kB │ gzip:  0.41 kB
node_modules/.nitro/vite/services/ssr/assets/catalog_recycle_bin-BLrd3v2Z.js                                0.79 kB │ gzip:  0.40 kB
node_modules/.nitro/vite/services/ssr/assets/shop_dashboard_title-DAVoljPW.js                               0.79 kB │ gzip:  0.40 kB
node_modules/.nitro/vite/services/ssr/assets/nav_scheduled_tasks-BK9xPdgh.js                                0.80 kB │ gzip:  0.41 kB
node_modules/.nitro/vite/services/ssr/assets/nav_user_management-C4BA7vpb.js                                0.80 kB │ gzip:  0.41 kB
node_modules/.nitro/vite/services/ssr/assets/store_checkout_items-BiSFgrQa.js                               0.80 kB │ gzip:  0.41 kB
node_modules/.nitro/vite/services/ssr/assets/catalog_product_edit-D9-ZMBXJ.js                               0.80 kB │ gzip:  0.41 kB
node_modules/.nitro/vite/services/ssr/assets/settings_group_brand-CXYF03ev.js                               0.80 kB │ gzip:  0.41 kB
node_modules/.nitro/vite/services/ssr/assets/auth_back_to_sign_in-Dznto4pN.js                               0.81 kB │ gzip:  0.42 kB
node_modules/.nitro/vite/services/ssr/assets/errors_back_to_store-DriJMWxA.js                               0.81 kB │ gzip:  0.41 kB
node_modules/.nitro/vite/services/ssr/assets/store_lookup_title-Dje-UKjs.js                                 0.81 kB │ gzip:  0.42 kB
node_modules/.nitro/vite/services/ssr/assets/nav_queue_monitoring-C9uxLc7w.js                               0.81 kB │ gzip:  0.41 kB
node_modules/.nitro/vite/services/ssr/assets/shop_orders_created_at-DWxP05M6.js                             0.81 kB │ gzip:  0.41 kB
node_modules/.nitro/vite/services/ssr/assets/auth_forgot_password-BUmb4Z2d.js                               0.81 kB │ gzip:  0.42 kB
node_modules/.nitro/vite/services/ssr/assets/delivery_center_title-DxlBB9tt.js                              0.82 kB │ gzip:  0.41 kB
node_modules/.nitro/vite/services/ssr/assets/supplier_orders_title-R3QqIlkj.js                              0.82 kB │ gzip:  0.41 kB
node_modules/.nitro/vite/services/ssr/assets/auth_confirm_password-CODBNq4s.js                              0.82 kB │ gzip:  0.41 kB
node_modules/.nitro/vite/services/ssr/assets/nav_payment_channels-BirR2n8e.js                               0.82 kB │ gzip:  0.42 kB
node_modules/.nitro/vite/services/ssr/assets/_orderNumber-D9e3fxGn.js                                       0.83 kB │ gzip:  0.44 kB
node_modules/.nitro/vite/services/ssr/assets/money-input-DUVcqLTR.js                                        0.83 kB │ gzip:  0.42 kB
node_modules/.nitro/vite/services/ssr/assets/rate-limit-CTCAOIRm.js                                         0.83 kB │ gzip:  0.46 kB
node_modules/.nitro/vite/services/ssr/assets/inventory_usage_url-BEOUO8GF.js                                0.83 kB │ gzip:  0.44 kB
node_modules/.nitro/vite/services/ssr/assets/common_operation_failed-BopTB2Gk.js                            0.84 kB │ gzip:  0.41 kB
node_modules/.nitro/vite/services/ssr/assets/notifications_deliveries-2n3bg3ON.js                           0.84 kB │ gzip:  0.41 kB
node_modules/.nitro/vite/services/ssr/assets/automation_center_title-C45HssID.js                            0.84 kB │ gzip:  0.42 kB
node_modules/.nitro/vite/services/ssr/assets/supplier_accounts_title-DQqG7i4m.js                            0.84 kB │ gzip:  0.42 kB
node_modules/.nitro/vite/services/ssr/assets/supplier_products_title-Be21jU4k.js                            0.84 kB │ gzip:  0.41 kB
node_modules/.nitro/vite/services/ssr/assets/aisou_inventory_title-rc3CJVb2.js                              0.84 kB │ gzip:  0.42 kB
node_modules/.nitro/vite/services/ssr/assets/store_checkout_failed-DCYkSI8y.js                              0.84 kB │ gzip:  0.43 kB
node_modules/.nitro/vite/services/ssr/assets/payment-url-BPlYFJh3.js                                        0.85 kB │ gzip:  0.41 kB
node_modules/.nitro/vite/services/ssr/assets/supplier_upstream_details-C8iOlxho.js                          0.85 kB │ gzip:  0.41 kB
node_modules/.nitro/vite/services/ssr/assets/store_account_entitlements-CPwwIcc9.js                         0.85 kB │ gzip:  0.41 kB
node_modules/.nitro/vite/services/ssr/assets/auth_password_min-CUH6I_Rn.js                                  0.86 kB │ gzip:  0.45 kB
node_modules/.nitro/vite/services/ssr/assets/redeem_warehouse_title-DwgdtiaN.js                             0.86 kB │ gzip:  0.43 kB
node_modules/.nitro/vite/services/ssr/assets/status-CrrcFZ5b.js                                             0.86 kB │ gzip:  0.41 kB
node_modules/.nitro/vite/services/ssr/assets/schema-DJ5xSaxF.js                                             0.87 kB │ gzip:  0.43 kB
node_modules/.nitro/vite/services/ssr/assets/notifications_email_channel-KrRhIMoy.js                        0.87 kB │ gzip:  0.41 kB
node_modules/.nitro/vite/services/ssr/assets/functions-M_jzRX1e.js                                          0.88 kB │ gzip:  0.43 kB
node_modules/.nitro/vite/services/ssr/assets/web_support_failed-D0aRiwmG.js                                 0.88 kB │ gzip:  0.47 kB
node_modules/.nitro/vite/services/ssr/assets/supplier_provider_gmshop_edge-BN4nABwD.js                      0.88 kB │ gzip:  0.39 kB
node_modules/.nitro/vite/services/ssr/assets/notifications_email_templates-DqeapYpy.js                      0.89 kB │ gzip:  0.42 kB
node_modules/.nitro/vite/services/ssr/assets/auth-animation-context-r5rXwzHB.js                             0.89 kB │ gzip:  0.41 kB
node_modules/.nitro/vite/services/ssr/assets/catalog_operation_failed-BUjU8u44.js                           0.90 kB │ gzip:  0.44 kB
node_modules/.nitro/vite/services/ssr/assets/settings_supplier_api_enabled-DL8odGLR.js                      0.91 kB │ gzip:  0.43 kB
node_modules/.nitro/vite/services/ssr/assets/settings_error_asset_too_large-C1ZdkpeI.js                     0.92 kB │ gzip:  0.44 kB
node_modules/.nitro/vite/services/ssr/assets/app_title_description-CmT6MpaU.js                              0.92 kB │ gzip:  0.48 kB
node_modules/.nitro/vite/services/ssr/assets/auth_error_invalid_credentials-DRjyT1Rc.js                     0.95 kB │ gzip:  0.46 kB
node_modules/.nitro/vite/services/ssr/assets/input-CWt5SkE4.js                                              0.96 kB │ gzip:  0.53 kB
node_modules/.nitro/vite/services/ssr/assets/site-brand-entry-DjMKDK85.js                                   0.96 kB │ gzip:  0.46 kB
node_modules/.nitro/vite/services/ssr/assets/settings_secret_configured-CM8FtKDs.js                         0.96 kB │ gzip:  0.48 kB
node_modules/.nitro/vite/services/ssr/assets/access_description-Dbpxgpkq.js                                 0.96 kB │ gzip:  0.51 kB
node_modules/.nitro/vite/services/ssr/assets/store_account_notification_refund_failed-CB5s5IE0.js           0.98 kB │ gzip:  0.43 kB
node_modules/.nitro/vite/services/ssr/assets/store_my_description-Dd_a2rr2.js                               0.99 kB │ gzip:  0.53 kB
node_modules/.nitro/vite/services/ssr/assets/secrets-mwLyQ-hR.js                                            1.07 kB │ gzip:  0.29 kB
node_modules/.nitro/vite/services/ssr/assets/account_change_password_old_password_required-D-n51223.js      1.08 kB │ gzip:  0.46 kB
node_modules/.nitro/vite/services/ssr/assets/ip_intro-BbeVxHGA.js                                           1.10 kB │ gzip:  0.65 kB
node_modules/.nitro/vite/services/ssr/assets/schema-DpisPPvQ.js                                             1.18 kB │ gzip:  0.48 kB
node_modules/.nitro/vite/services/ssr/assets/account-navigation-BE-Zh_pN.js                                 1.20 kB │ gzip:  0.42 kB
node_modules/.nitro/vite/services/ssr/assets/outbox-BxjaaZdV.js                                             1.23 kB │ gzip:  0.66 kB
node_modules/.nitro/vite/services/ssr/assets/source-url-DkT30ymH.js                                         1.26 kB │ gzip:  0.57 kB
node_modules/.nitro/vite/services/ssr/assets/fees-zMJSrv6K.js                                               1.28 kB │ gzip:  0.46 kB
node_modules/.nitro/vite/services/ssr/assets/switch-DqYElz3b.js                                             1.29 kB │ gzip:  0.62 kB
node_modules/.nitro/vite/services/ssr/assets/root-protection-Cjp-arUL.js                                    1.29 kB │ gzip:  0.60 kB
node_modules/.nitro/vite/services/ssr/assets/outbox-D5P4Ja-w.js                                             1.31 kB │ gzip:  0.69 kB
node_modules/.nitro/vite/services/ssr/assets/quick-settings-D9DLJWkw.js                                     1.33 kB │ gzip:  0.61 kB
node_modules/.nitro/vite/services/ssr/assets/server-timing-Bz41MIVz.js                                      1.34 kB │ gzip:  0.58 kB
node_modules/.nitro/vite/services/ssr/assets/rbac-json-wbm-bNPj.js                                          1.37 kB │ gzip:  0.65 kB
node_modules/.nitro/vite/services/ssr/assets/rates-3R79vUSB.js                                              1.38 kB │ gzip:  0.60 kB
node_modules/.nitro/vite/services/ssr/assets/status_running-DAuxYOwH.js                                     1.42 kB │ gzip:  0.47 kB
node_modules/.nitro/vite/services/ssr/assets/functions-B1I7C4MD.js                                          1.45 kB │ gzip:  0.71 kB
node_modules/.nitro/vite/services/ssr/assets/wallet_balance-BvfXHVAx.js                                     1.45 kB │ gzip:  0.48 kB
node_modules/.nitro/vite/services/ssr/assets/supplier_api_secret-Cg1jp68F.js                                1.47 kB │ gzip:  0.45 kB
node_modules/.nitro/vite/services/ssr/assets/store_find_order-BjO2O_CY.js                                   1.48 kB │ gzip:  0.48 kB
node_modules/.nitro/vite/services/ssr/assets/shop_orders_timeline-CGT7OEW_.js                               1.49 kB │ gzip:  0.48 kB
node_modules/.nitro/vite/services/ssr/assets/context-BfciwkEI.js                                            1.49 kB │ gzip:  0.54 kB
node_modules/.nitro/vite/services/ssr/assets/settings_save_changes-CnG_JS_4.js                              1.50 kB │ gzip:  0.48 kB
node_modules/.nitro/vite/services/ssr/assets/store_continue_shopping-aDk-MNE-.js                            1.51 kB │ gzip:  0.48 kB
node_modules/.nitro/vite/services/ssr/assets/page-header-DkN3tYUg.js                                        1.53 kB │ gzip:  0.60 kB
node_modules/.nitro/vite/services/ssr/assets/route-79rVFiqH.js                                              1.53 kB │ gzip:  0.75 kB
node_modules/.nitro/vite/services/ssr/assets/catalog_currency_decimals-DwSB9JmI.js                          1.54 kB │ gzip:  0.49 kB
node_modules/.nitro/vite/services/ssr/assets/catalog_editor_title-BXdr-DWk.js                               1.55 kB │ gzip:  0.50 kB
node_modules/.nitro/vite/services/ssr/assets/route-BPEhq7qN.js                                              1.56 kB │ gzip:  0.72 kB
node_modules/.nitro/vite/services/ssr/assets/(public)-DlMGwjMP.js                                           1.56 kB │ gzip:  0.70 kB
node_modules/.nitro/vite/services/ssr/assets/tooltip-Cy1omtvx.js                                            1.58 kB │ gzip:  0.64 kB
node_modules/.nitro/vite/services/ssr/assets/badge-CDVpBwp5.js                                              1.58 kB │ gzip:  0.74 kB
node_modules/.nitro/vite/services/ssr/assets/route-ubK9TNGL.js                                              1.60 kB │ gzip:  0.73 kB
node_modules/.nitro/vite/services/ssr/assets/auth_password_required-BS7QvMhP.js                             1.60 kB │ gzip:  0.50 kB
node_modules/.nitro/vite/services/ssr/assets/supplier_status_unavailable-CVwF2z4X.js                        1.61 kB │ gzip:  0.48 kB
node_modules/.nitro/vite/services/ssr/assets/access_permission_bits-BKG-ziIA.js                             1.62 kB │ gzip:  0.48 kB
node_modules/.nitro/vite/services/ssr/assets/route-6urr2KK_.js                                              1.62 kB │ gzip:  0.76 kB
node_modules/.nitro/vite/services/ssr/assets/install_description-CgouVUv7.js                                1.63 kB │ gzip:  0.56 kB
node_modules/.nitro/vite/services/ssr/assets/automation_center_open_run-BSmTHoWo.js                         1.63 kB │ gzip:  0.52 kB
node_modules/.nitro/vite/services/ssr/assets/redeem_warehouse_empty-8R4tunqa.js                             1.64 kB │ gzip:  0.53 kB
node_modules/.nitro/vite/services/ssr/assets/pro_pagination_nextpage1-CXWbBKYY.js                           1.64 kB │ gzip:  0.48 kB
node_modules/.nitro/vite/services/ssr/assets/store_account_notifications-DD1Lvni1.js                        1.64 kB │ gzip:  0.50 kB
node_modules/.nitro/vite/services/ssr/assets/tasks-sMBLTVcs.js                                              1.64 kB │ gzip:  0.73 kB
node_modules/.nitro/vite/services/ssr/assets/admin-BPHxiPnK.js                                              1.64 kB │ gzip:  0.74 kB
node_modules/.nitro/vite/services/ssr/assets/storefront-access-D0bL_P06.js                                  1.65 kB │ gzip:  0.78 kB
node_modules/.nitro/vite/services/ssr/assets/settings_site_logo_square-CiyZ7AtE.js                          1.66 kB │ gzip:  0.55 kB
node_modules/.nitro/vite/services/ssr/assets/settings_site_logo_title-C0jzNS0H.js                           1.67 kB │ gzip:  0.52 kB
node_modules/.nitro/vite/services/ssr/assets/audit-LXpmPc52.js                                              1.70 kB │ gzip:  0.77 kB
node_modules/.nitro/vite/services/ssr/assets/functions-BcznVX3K.js                                          1.76 kB │ gzip:  0.72 kB
node_modules/.nitro/vite/services/ssr/assets/pro-table-url-state-DQ-LiE10.js                                1.82 kB │ gzip:  0.72 kB
node_modules/.nitro/vite/services/ssr/assets/product-quantity-Dt_Zymbv.js                                   1.85 kB │ gzip:  0.57 kB
node_modules/.nitro/vite/services/ssr/assets/ip_article_intro-CgCLZ1E2.js                                   1.85 kB │ gzip:  0.73 kB
node_modules/.nitro/vite/services/ssr/assets/card-FO7pXR_b.js                                               1.90 kB │ gzip:  0.70 kB
node_modules/.nitro/vite/services/ssr/assets/collapsible-ZMHa3nje.js                                        1.93 kB │ gzip:  0.81 kB
node_modules/.nitro/vite/services/ssr/assets/store_sign_in_to_purchase-Ipj5XY3k.js                          1.93 kB │ gzip:  0.64 kB
node_modules/.nitro/vite/services/ssr/assets/schema-DdFblPCi.js                                             1.96 kB │ gzip:  0.70 kB
node_modules/.nitro/vite/services/ssr/assets/scroll-area-D_U6pxGt.js                                        1.96 kB │ gzip:  0.77 kB
node_modules/.nitro/vite/services/ssr/assets/bounded-stream-DLZb1KSZ.js                                     1.99 kB │ gzip:  0.75 kB
node_modules/.nitro/vite/services/ssr/assets/queries-C9lR9vcF.js                                            2.00 kB │ gzip:  0.94 kB
node_modules/.nitro/vite/services/ssr/assets/signatures-DAceji4R.js                                         2.04 kB │ gzip:  0.78 kB
node_modules/.nitro/vite/services/ssr/assets/account-C74rpkap.js                                            2.06 kB │ gzip:  0.83 kB
node_modules/.nitro/vite/services/ssr/assets/public-r5FzeXFy.js                                             2.08 kB │ gzip:  0.91 kB
node_modules/.nitro/vite/services/ssr/assets/order-access-storage-DK7kOnt3.js                               2.09 kB │ gzip:  0.80 kB
node_modules/.nitro/vite/services/ssr/assets/inventory-secrets-BSkOelRQ.js                                  2.09 kB │ gzip:  0.94 kB
node_modules/.nitro/vite/services/ssr/assets/route-D7EOkbAC.js                                              2.11 kB │ gzip:  0.90 kB
node_modules/.nitro/vite/services/ssr/assets/session-D8FML8El.js                                            2.12 kB │ gzip:  0.77 kB
node_modules/.nitro/vite/services/ssr/assets/button-2r18GWZv.js                                             2.15 kB │ gzip:  0.90 kB
node_modules/.nitro/vite/services/ssr/assets/warehouse-client-Bm845gyD.js                                   2.15 kB │ gzip:  0.99 kB
node_modules/.nitro/vite/services/ssr/assets/stock-availability-M24usvSI.js                                 2.19 kB │ gzip:  0.84 kB
node_modules/.nitro/vite/services/ssr/assets/accordion-DlxN96A-.js                                          2.22 kB │ gzip:  0.90 kB
node_modules/.nitro/vite/services/ssr/assets/functions-Dk2kOTiI.js                                          2.24 kB │ gzip:  0.88 kB
node_modules/.nitro/vite/services/ssr/assets/popover-aYFjtqPv.js                                            2.26 kB │ gzip:  0.90 kB
node_modules/.nitro/vite/services/ssr/assets/system-rbac-wyNtSkoh.js                                        2.26 kB │ gzip:  0.85 kB
node_modules/.nitro/vite/services/ssr/assets/store_account_settings-cvf8s-dF.js                             2.28 kB │ gzip:  0.55 kB
node_modules/.nitro/vite/services/ssr/assets/provider-admin-BuQCf-Ii.js                                     2.28 kB │ gzip:  0.82 kB
node_modules/.nitro/vite/services/ssr/assets/admin-B7rYWbvu.js                                              2.29 kB │ gzip:  0.79 kB
node_modules/.nitro/vite/services/ssr/assets/functions-iBNvz74y.js                                          2.33 kB │ gzip:  0.85 kB
node_modules/.nitro/vite/services/ssr/assets/infrastructure_health_unknown-BRZC_Zz-.js                      2.37 kB │ gzip:  0.54 kB
node_modules/.nitro/vite/services/ssr/assets/cart-storage--TQrzWY4.js                                       2.37 kB │ gzip:  0.88 kB
node_modules/.nitro/vite/services/ssr/assets/api-boundaries-BOer58Kn.js                                     2.39 kB │ gzip:  0.81 kB
node_modules/.nitro/vite/services/ssr/assets/exchange_rates_sync_now-Dg7jxWFv.js                            2.41 kB │ gzip:  0.57 kB
node_modules/.nitro/vite/services/ssr/assets/ip-address-C9ysFHVm.js                                         2.48 kB │ gzip:  0.96 kB
node_modules/.nitro/vite/services/ssr/assets/web-support-contract-CwGIgwEx.js                               2.57 kB │ gzip:  1.05 kB
node_modules/.nitro/vite/services/ssr/assets/error-message-Dplki0dp.js                                      2.65 kB │ gzip:  0.81 kB
node_modules/.nitro/vite/services/ssr/assets/503-C8MUYCX_.js                                                2.65 kB │ gzip:  0.96 kB
node_modules/.nitro/vite/services/ssr/assets/provider-CphJYayt.js                                           2.72 kB │ gzip:  1.02 kB
node_modules/.nitro/vite/services/ssr/assets/units-DT608OXv.js                                              2.79 kB │ gzip:  0.98 kB
node_modules/.nitro/vite/services/ssr/assets/status_dispatching-0kZd73XL.js                                 2.80 kB │ gzip:  0.61 kB
node_modules/.nitro/vite/services/ssr/assets/not-found-error-Y4idKDtB.js                                    2.88 kB │ gzip:  1.07 kB
node_modules/.nitro/vite/services/ssr/assets/general-error-BnxrJsb0.js                                      2.89 kB │ gzip:  1.09 kB
node_modules/.nitro/vite/services/ssr/assets/schema-rrN_3yY6.js                                             2.92 kB │ gzip:  1.08 kB
node_modules/.nitro/vite/services/ssr/assets/supplier_status_available-BkoUbcYk.js                          2.94 kB │ gzip:  0.63 kB
node_modules/.nitro/vite/services/ssr/assets/inventory_revealed_title-DkavAB7m.js                           3.01 kB │ gzip:  0.61 kB
node_modules/.nitro/vite/services/ssr/assets/401-DXtxIa33.js                                                3.05 kB │ gzip:  1.08 kB
node_modules/.nitro/vite/services/ssr/assets/403-DuuamciI.js                                                3.05 kB │ gzip:  1.10 kB
node_modules/.nitro/vite/services/ssr/assets/server-DQvc3UK8.js                                             3.05 kB │ gzip:  1.14 kB
node_modules/.nitro/vite/services/ssr/assets/sign-out-dialog-C5KjFOmm.js                                    3.09 kB │ gzip:  1.30 kB
node_modules/.nitro/vite/services/ssr/assets/account-functions-tSYE6Bls.js                                  3.17 kB │ gzip:  1.15 kB
node_modules/.nitro/vite/services/ssr/assets/sign-in-Cx1a5rMH.js                                            3.18 kB │ gzip:  1.19 kB
node_modules/.nitro/vite/services/ssr/assets/dropdown-menu-DUZv55o1.js                                      3.19 kB │ gzip:  0.99 kB
node_modules/.nitro/vite/services/ssr/assets/currency-context-BZPPBpCn.js                                   3.24 kB │ gzip:  1.11 kB
node_modules/.nitro/vite/services/ssr/assets/createCsrfMiddleware-Bqj4BZso.js                               3.24 kB │ gzip:  1.03 kB
node_modules/.nitro/vite/services/ssr/assets/catalog_preview-CG7yUwkK.js                                    3.26 kB │ gzip:  0.69 kB
node_modules/.nitro/vite/services/ssr/assets/error-page-W9lc1gAz.js                                         3.28 kB │ gzip:  1.32 kB
node_modules/.nitro/vite/services/ssr/assets/route-CnAbO4t7.js                                              3.29 kB │ gzip:  1.18 kB
node_modules/.nitro/vite/services/ssr/assets/health-CJ0rl3tM.js                                             3.38 kB │ gzip:  1.29 kB
node_modules/.nitro/vite/services/ssr/assets/seo-DlO7fDWl.js                                                3.39 kB │ gzip:  1.22 kB
node_modules/.nitro/vite/services/ssr/assets/format-K7FMCy3w.js                                             3.39 kB │ gzip:  0.98 kB
node_modules/.nitro/vite/services/ssr/assets/convert-delivery-JSjYwGox.js                                   3.40 kB │ gzip:  1.48 kB
node_modules/.nitro/vite/services/ssr/assets/schema-fDgXEHLN.js                                             3.46 kB │ gzip:  1.24 kB
node_modules/.nitro/vite/services/ssr/assets/image-dimensions-Dq7ragtI.js                                   3.47 kB │ gzip:  1.07 kB
node_modules/.nitro/vite/services/ssr/assets/sync-settings-C-WSaS6O.js                                      3.58 kB │ gzip:  1.39 kB
node_modules/.nitro/vite/services/ssr/assets/schema-BVvpkBxo.js                                             3.60 kB │ gzip:  1.10 kB
node_modules/.nitro/vite/services/ssr/assets/auth-Dxp2fFtk.js                                               3.65 kB │ gzip:  1.55 kB
node_modules/.nitro/vite/services/ssr/assets/dialog-CmLz4AzU.js                                             3.65 kB │ gzip:  1.11 kB
node_modules/.nitro/vite/services/ssr/assets/schema-4HpO_yuq.js                                             3.70 kB │ gzip:  1.15 kB
node_modules/.nitro/vite/services/ssr/assets/ledger-Bkw5YZcZ.js                                             3.82 kB │ gzip:  1.42 kB
node_modules/.nitro/vite/services/ssr/assets/image-CzI7xuJE.js                                              4.01 kB │ gzip:  1.23 kB
node_modules/.nitro/vite/services/ssr/assets/admin-BWoVxJVB.js                                              4.06 kB │ gzip:  1.44 kB
node_modules/.nitro/vite/services/ssr/assets/editor-schema-CPW8PmKq.js                                      4.25 kB │ gzip:  1.28 kB
node_modules/.nitro/vite/services/ssr/assets/settings-CuW-kfJE.js                                           4.30 kB │ gzip:  1.30 kB
node_modules/.nitro/vite/services/ssr/assets/run-task-B-NoBbmO.js                                           4.33 kB │ gzip:  1.66 kB
node_modules/.nitro/vite/services/ssr/assets/nav_automation-BK4dUvss.js                                     4.49 kB │ gzip:  0.82 kB
node_modules/.nitro/vite/services/ssr/assets/checkbox-CWZ43XkV.js                                           4.57 kB │ gzip:  1.48 kB
node_modules/.nitro/vite/services/ssr/assets/schema-7tisdlSE.js                                             4.57 kB │ gzip:  1.21 kB
node_modules/.nitro/vite/services/ssr/assets/templates-BLYhfj_N.js                                          4.65 kB │ gzip:  1.51 kB
node_modules/.nitro/vite/services/ssr/assets/select-DHe2wBa2.js                                             4.78 kB │ gzip:  1.48 kB
node_modules/.nitro/vite/services/ssr/assets/center-D9q4gslT.js                                             4.89 kB │ gzip:  1.69 kB
node_modules/.nitro/vite/services/ssr/assets/schema--m8kvc2u.js                                             4.95 kB │ gzip:  1.51 kB
node_modules/.nitro/vite/services/ssr/assets/configuration-logo-field-BQ0KhYSR.js                           4.97 kB │ gzip:  1.88 kB
node_modules/.nitro/vite/services/ssr/assets/admin-B22TSSNv.js                                              5.01 kB │ gzip:  1.53 kB
node_modules/.nitro/vite/services/ssr/assets/provider-logo-CfGnD1GZ.js                                      5.17 kB │ gzip:  1.75 kB
node_modules/.nitro/vite/services/ssr/assets/confirm-dialog-4mHvU3yR.js                                     5.44 kB │ gzip:  1.58 kB
node_modules/.nitro/vite/services/ssr/assets/start-Beik335z.js                                              5.45 kB │ gzip:  1.94 kB
node_modules/.nitro/vite/services/ssr/assets/after-sales-zM_9JqVH.js                                        5.50 kB │ gzip:  1.75 kB
node_modules/.nitro/vite/services/ssr/assets/authority-x4kZy229.js                                          5.50 kB │ gzip:  1.86 kB
node_modules/.nitro/vite/services/ssr/assets/settings_group_commerce-DRXN-lA8.js                            5.50 kB │ gzip:  0.89 kB
node_modules/.nitro/vite/services/ssr/assets/orders-admin-CH87vMvx.js                                       5.60 kB │ gzip:  2.04 kB
node_modules/.nitro/vite/services/ssr/assets/module-navigation-Cz7E_YkD.js                                  5.64 kB │ gzip:  1.79 kB
node_modules/.nitro/vite/services/ssr/assets/configuration-logo-Baz45uJ-.js                                 5.65 kB │ gzip:  1.98 kB
node_modules/.nitro/vite/services/ssr/assets/site-brand-dwQytn-2.js                                         5.78 kB │ gzip:  1.76 kB
node_modules/.nitro/vite/services/ssr/assets/workspace-C_IXFozz.js                                          5.81 kB │ gzip:  1.72 kB
node_modules/.nitro/vite/services/ssr/assets/admin-BHRONo98.js                                              6.28 kB │ gzip:  2.22 kB
node_modules/.nitro/vite/services/ssr/assets/keys-CiemOE80.js                                               6.32 kB │ gzip:  2.11 kB
node_modules/.nitro/vite/services/ssr/assets/verify-email-sent-CdKxCpSw.js                                  6.58 kB │ gzip:  1.69 kB
node_modules/.nitro/vite/services/ssr/assets/schema-KWyvBvEG.js                                             6.65 kB │ gzip:  1.72 kB
node_modules/.nitro/vite/services/ssr/assets/labels-DABCMSBk.js                                             6.69 kB │ gzip:  1.01 kB
node_modules/.nitro/vite/services/ssr/assets/cart-B3TiaEB5.js                                               6.81 kB │ gzip:  2.30 kB
node_modules/.nitro/vite/services/ssr/assets/store_account_notification_entitlement_expiring-CIBYlD9L.js    6.82 kB │ gzip:  0.98 kB
node_modules/.nitro/vite/services/ssr/assets/labels-CZ3HYfZE.js                                             6.96 kB │ gzip:  1.36 kB
node_modules/.nitro/vite/services/ssr/assets/store_cart_issue_price_changed-aAPAjPxw.js                     7.00 kB │ gzip:  1.29 kB
node_modules/.nitro/vite/services/ssr/assets/install-Be6LC08Y.js                                            7.04 kB │ gzip:  2.30 kB
node_modules/.nitro/vite/services/ssr/assets/admin-B0d-MK6M2.js                                             7.04 kB │ gzip:  2.11 kB
node_modules/.nitro/vite/services/ssr/assets/admin-Ce1Ipyjj.js                                              7.07 kB │ gzip:  1.90 kB
node_modules/.nitro/vite/services/ssr/assets/upload-BNQ8lCmR.js                                             7.12 kB │ gzip:  2.45 kB
node_modules/.nitro/vite/services/ssr/assets/button-BwJY-Rw8.js                                             7.28 kB │ gzip:  2.53 kB
node_modules/.nitro/vite/services/ssr/assets/theme-provider-CcUHDPwE.js                                     7.36 kB │ gzip:  2.12 kB
node_modules/.nitro/vite/services/ssr/assets/labels-C5GMx-z3.js                                             7.54 kB │ gzip:  1.02 kB
node_modules/.nitro/vite/services/ssr/assets/job-actions-DI0ee8dS.js                                        7.56 kB │ gzip:  2.03 kB
node_modules/.nitro/vite/services/ssr/assets/require-admin-CgbGsRqR.js                                      7.94 kB │ gzip:  2.49 kB
node_modules/.nitro/vite/services/ssr/assets/records-cesErm8I.js                                            7.98 kB │ gzip:  2.12 kB
node_modules/.nitro/vite/services/ssr/assets/admin-permission-registry-CKQfVoB-.js                          8.02 kB │ gzip:  1.69 kB
node_modules/.nitro/vite/services/ssr/assets/runtime-config-bwfWKyWe.js                                     8.05 kB │ gzip:  2.21 kB
node_modules/.nitro/vite/services/ssr/assets/admin-SCJKcpo5.js                                              8.17 kB │ gzip:  2.55 kB
node_modules/.nitro/vite/services/ssr/assets/check-D2U8l7lq.js                                              8.35 kB │ gzip:  3.22 kB
node_modules/.nitro/vite/services/ssr/assets/feishu-alerts-jHO8F51K.js                                      8.74 kB │ gzip:  2.82 kB
node_modules/.nitro/vite/services/ssr/assets/admin-Bx5m4oAr.js                                              8.90 kB │ gzip:  2.69 kB
node_modules/.nitro/vite/services/ssr/assets/local-checks-DZOXAKWO.js                                       9.00 kB │ gzip:  2.90 kB
node_modules/.nitro/vite/services/ssr/assets/sync-Bj9qy6Px.js                                               9.35 kB │ gzip:  3.03 kB
node_modules/.nitro/vite/services/ssr/assets/source-sync-Lr8Rduh6.js                                        9.84 kB │ gzip:  3.21 kB
node_modules/.nitro/vite/services/ssr/assets/delivery-reveal-content-CbuqSqhV.js                            9.85 kB │ gzip:  2.67 kB
node_modules/.nitro/vite/services/ssr/assets/createServerFn-hMmZPNTD.js                                     9.97 kB │ gzip:  3.01 kB
node_modules/.nitro/vite/services/ssr/assets/admin-BgwOy3au.js                                             10.14 kB │ gzip:  3.03 kB
node_modules/.nitro/vite/services/ssr/assets/orders-ChB4xrsY.js                                            10.22 kB │ gzip:  2.61 kB
node_modules/.nitro/vite/services/ssr/assets/templates-uMge021h.js                                         10.50 kB │ gzip:  2.83 kB
node_modules/.nitro/vite/services/ssr/assets/_orderId-B1folD-q.js                                          10.95 kB │ gzip:  2.68 kB
node_modules/.nitro/vite/services/ssr/assets/provider-settings-Dt7fBqIj.js                                 10.99 kB │ gzip:  2.64 kB
node_modules/.nitro/vite/services/ssr/assets/support-admins-DpWDz89z.js                                    11.04 kB │ gzip:  3.30 kB
node_modules/.nitro/vite/services/ssr/assets/change-password-dialog-BMAJiSzw.js                            11.07 kB │ gzip:  1.79 kB
node_modules/.nitro/vite/services/ssr/assets/outbox-D1jWOQmv.js                                            11.23 kB │ gzip:  3.26 kB
node_modules/.nitro/vite/services/ssr/assets/product-card-CTBhL1PQ.js                                      11.44 kB │ gzip:  2.56 kB
node_modules/.nitro/vite/services/ssr/assets/error-label-CrnCdxwO.js                                       11.82 kB │ gzip:  1.55 kB
node_modules/.nitro/vite/services/ssr/assets/admin-CZw64XhW.js                                             11.82 kB │ gzip:  3.54 kB
node_modules/.nitro/vite/services/ssr/assets/register-BGVBDNAc.js                                          12.06 kB │ gzip:  2.90 kB
node_modules/.nitro/vite/services/ssr/assets/admin-gP58OylM2.js                                            12.40 kB │ gzip:  3.68 kB
node_modules/.nitro/vite/services/ssr/assets/queues-B3wSXYxv.js                                            12.63 kB │ gzip:  2.81 kB
node_modules/.nitro/vite/services/ssr/assets/audit-logs-DAaeHmvx.js                                        12.80 kB │ gzip:  2.87 kB
node_modules/.nitro/vite/services/ssr/assets/supplier-api-D0UrYn8F.js                                      12.80 kB │ gzip:  3.36 kB
node_modules/.nitro/vite/services/ssr/assets/automation-C4k7hN_S.js                                        12.84 kB │ gzip:  3.19 kB
node_modules/.nitro/vite/services/ssr/assets/process-C5LZZzRB.js                                           14.08 kB │ gzip:  3.09 kB
node_modules/.nitro/vite/services/ssr/assets/admin-DaMeHdgd.js                                             14.14 kB │ gzip:  3.99 kB
node_modules/.nitro/vite/services/ssr/assets/editor-iI1B2bki.js                                            14.54 kB │ gzip:  3.02 kB
node_modules/.nitro/vite/services/ssr/assets/cart-Cd5hn5Ld.js                                              14.63 kB │ gzip:  3.41 kB
node_modules/.nitro/vite/services/ssr/assets/error-message-SgXa-CoP.js                                     14.91 kB │ gzip:  2.36 kB
node_modules/.nitro/vite/services/ssr/assets/admin-DhYg-YiU.js                                             14.96 kB │ gzip:  4.40 kB
node_modules/.nitro/vite/services/ssr/assets/restock-api-JykYc64M.js                                       15.29 kB │ gzip:  4.08 kB
node_modules/.nitro/vite/services/ssr/assets/order-query-Db1w1mOJ.js                                       15.31 kB │ gzip:  4.13 kB
node_modules/.nitro/vite/services/ssr/assets/error-codes-miJnh2HG.js                                       15.40 kB │ gzip:  4.78 kB
node_modules/.nitro/vite/services/ssr/assets/admin-BOtm_bWL.js                                             15.40 kB │ gzip:  3.89 kB
node_modules/.nitro/vite/services/ssr/assets/admin-MaG06sn4.js                                             15.45 kB │ gzip:  4.53 kB
node_modules/.nitro/vite/services/ssr/assets/delivery-DWhwhpBR.js                                          15.61 kB │ gzip:  3.97 kB
node_modules/.nitro/vite/services/ssr/assets/forgot-password-d-XlSxHB.js                                   16.06 kB │ gzip:  2.93 kB
node_modules/.nitro/vite/services/ssr/assets/functions-BUx7quk1.js                                         16.07 kB │ gzip:  4.04 kB
node_modules/.nitro/vite/services/ssr/assets/admin-DsVk2Rx0.js                                             16.40 kB │ gzip:  4.11 kB
node_modules/.nitro/vite/services/ssr/assets/admin-DyhqPGq4.js                                             16.61 kB │ gzip:  4.26 kB
node_modules/.nitro/vite/services/ssr/assets/manual-refund-confirmation-modal-xKwsWzO8.js                  16.68 kB │ gzip:  3.23 kB
node_modules/.nitro/vite/services/ssr/assets/input-DaBV2ZTu.js                                             17.12 kB │ gzip:  4.07 kB
node_modules/.nitro/vite/services/ssr/assets/select-nQC3sBzL.js                                            18.23 kB │ gzip:  4.23 kB
node_modules/.nitro/vite/services/ssr/assets/status-badge-Bq1X0zBC.js                                      18.67 kB │ gzip:  2.47 kB
node_modules/.nitro/vite/services/ssr/assets/i18n-runtime-DITdvU2V.js                                      19.03 kB │ gzip:  5.55 kB
node_modules/.nitro/vite/services/ssr/assets/admin-V4P1q6vd2.js                                            19.16 kB │ gzip:  4.57 kB
node_modules/.nitro/vite/services/ssr/assets/admin-B_R-AjEg.js                                             19.20 kB │ gzip:  4.36 kB
node_modules/.nitro/vite/services/ssr/assets/sidebar-data-BfbypmhX.js                                      19.22 kB │ gzip:  3.80 kB
node_modules/.nitro/vite/services/ssr/assets/account-settings-panel-CeyJwxPk.js                            19.33 kB │ gzip:  4.37 kB
node_modules/.nitro/vite/services/ssr/assets/roles-5l3qHJvo.js                                             20.13 kB │ gzip:  4.68 kB
node_modules/.nitro/vite/services/ssr/assets/sign-in-B0-lftd2.js                                           20.29 kB │ gzip:  4.32 kB
node_modules/.nitro/vite/services/ssr/assets/account-functions-CZ0eyMxZ.js                                 20.41 kB │ gzip:  5.11 kB
node_modules/.nitro/vite/services/ssr/assets/maintenance-DlblG-Nz.js                                       20.64 kB │ gzip:  5.24 kB
node_modules/.nitro/vite/services/ssr/assets/admin-BNu1bwyP.js                                             20.96 kB │ gzip:  5.38 kB
node_modules/.nitro/vite/services/ssr/assets/aisou-inventory-B9MNW1VS.js                                   20.99 kB │ gzip:  4.62 kB
node_modules/.nitro/vite/services/ssr/assets/admin-DPun1bsI.js                                             21.52 kB │ gzip:  5.10 kB
node_modules/.nitro/vite/services/ssr/assets/admin-CShBSm3z.js                                             21.54 kB │ gzip:  4.96 kB
node_modules/.nitro/vite/services/ssr/assets/cart-Dk4YZorx.js                                              21.69 kB │ gzip:  5.05 kB
node_modules/.nitro/vite/services/ssr/assets/scheduled-D_kbid0K.js                                         21.84 kB │ gzip:  4.10 kB
node_modules/.nitro/vite/services/ssr/assets/status-BTHAWr48.js                                            21.93 kB │ gzip:  3.69 kB
node_modules/.nitro/vite/services/ssr/assets/catalog-admin-nJj8nEsT.js                                     22.28 kB │ gzip:  5.43 kB
node_modules/.nitro/vite/services/ssr/assets/install-mOh0QD_x.js                                           22.71 kB │ gzip:  4.31 kB
node_modules/.nitro/vite/services/ssr/assets/_productId-C0TPugIr.js                                        23.23 kB │ gzip:  4.02 kB
node_modules/.nitro/vite/services/ssr/assets/delivery-CFXMLvGB.js                                          23.87 kB │ gzip:  5.84 kB
node_modules/.nitro/vite/services/ssr/assets/settings-k4o3XAMl.js                                          24.70 kB │ gzip:  5.48 kB
node_modules/.nitro/vite/services/ssr/assets/claude-network-check-Dj4m2gLI.js                              24.95 kB │ gzip:  6.91 kB
node_modules/.nitro/vite/services/ssr/assets/products-DlbzsOdu.js                                          25.39 kB │ gzip:  4.84 kB
node_modules/.nitro/vite/services/ssr/assets/route-BJF60ViW.js                                             25.53 kB │ gzip:  5.39 kB
node_modules/.nitro/vite/services/ssr/assets/orders-BzRITnYl2.js                                           25.56 kB │ gzip:  4.68 kB
node_modules/.nitro/vite/services/ssr/assets/catalog-D7euFKZl.js                                           25.64 kB │ gzip:  7.16 kB
node_modules/.nitro/vite/services/ssr/assets/auth-client-DA4NcfAf.js                                       25.75 kB │ gzip:  7.31 kB
node_modules/.nitro/vite/services/ssr/assets/admin-DjIsSpd5.js                                             26.49 kB │ gzip:  4.70 kB
node_modules/.nitro/vite/services/ssr/assets/provider-admin-BY4_RtEx.js                                    26.96 kB │ gzip:  5.82 kB
node_modules/.nitro/vite/services/ssr/assets/me-CNle0AFT.js                                                27.04 kB │ gzip:  5.71 kB
node_modules/.nitro/vite/services/ssr/assets/invoice-aE5fw1nC.js                                           27.53 kB │ gzip:  5.21 kB
node_modules/.nitro/vite/services/ssr/assets/editor-D_P-kTPB.js                                            27.58 kB │ gzip:  6.66 kB
node_modules/.nitro/vite/services/ssr/assets/multi-order-BgIt41oa.js                                       27.99 kB │ gzip:  7.31 kB
node_modules/.nitro/vite/services/ssr/assets/email-CRfajnBT.js                                             28.23 kB │ gzip:  5.20 kB
node_modules/.nitro/vite/services/ssr/assets/refunds-DBVslcSe.js                                           28.88 kB │ gzip:  6.09 kB
node_modules/.nitro/vite/services/ssr/assets/runtime-D4Av-D0B.js                                           31.35 kB │ gzip:  8.32 kB
node_modules/.nitro/vite/services/ssr/assets/redeem-inventory-ClV3wi1j.js                                  31.40 kB │ gzip:  5.81 kB
node_modules/.nitro/vite/services/ssr/assets/(public)-EkjS65dB.js                                          33.81 kB │ gzip:  6.11 kB
node_modules/.nitro/vite/services/ssr/assets/__23tanstack-start-server-fn-resolver-B1VGld_S.js             33.95 kB │ gzip:  9.40 kB
node_modules/.nitro/vite/services/ssr/assets/coupons-W3DzWfOR.js                                           38.17 kB │ gzip:  6.96 kB
node_modules/.nitro/vite/services/ssr/assets/accounts-CpW6TK3o.js                                          38.97 kB │ gzip:  7.07 kB
node_modules/.nitro/vite/services/ssr/assets/_tanstack-start-manifest_v-DjhI-YrF.js                        42.33 kB │ gzip:  6.99 kB
node_modules/.nitro/vite/services/ssr/assets/auth-BYdhk5i-.js                                              42.46 kB │ gzip:  7.75 kB
node_modules/.nitro/vite/services/ssr/assets/admin-lmhan0ts.js                                             42.73 kB │ gzip:  9.50 kB
node_modules/.nitro/vite/services/ssr/assets/orders-CuzKXFPc.js                                            43.81 kB │ gzip:  7.90 kB
node_modules/.nitro/vite/services/ssr/assets/service-VjyR58GH.js                                           45.64 kB │ gzip:  9.71 kB
node_modules/.nitro/vite/services/ssr/assets/rate-limit-Mj_66-2P.js                                        50.90 kB │ gzip: 12.12 kB
node_modules/.nitro/vite/services/ssr/assets/form-C8pP_a1o.js                                              51.21 kB │ gzip: 10.60 kB
node_modules/.nitro/vite/services/ssr/assets/claude-purchase-guide-vw9_1W-y.js                             51.32 kB │ gzip:  7.16 kB
node_modules/.nitro/vite/services/ssr/assets/checkout-CYnG6W67.js                                          53.12 kB │ gzip:  9.72 kB
node_modules/.nitro/vite/services/ssr/assets/products-Cz9L_6FL.js                                          55.85 kB │ gzip: 10.46 kB
node_modules/.nitro/vite/services/ssr/assets/route-Dv2bK5z-.js                                             56.74 kB │ gzip: 12.29 kB
node_modules/.nitro/vite/services/ssr/assets/providers-B_U224dq.js                                         57.48 kB │ gzip: 12.36 kB
node_modules/.nitro/vite/services/ssr/assets/order-ogtXvcbt.js                                             75.15 kB │ gzip: 12.54 kB
node_modules/.nitro/vite/services/ssr/assets/users-DzDzFZCe.js                                             80.86 kB │ gzip: 13.56 kB
node_modules/.nitro/vite/services/ssr/assets/payment-configurations-CQrzCr0S.js                            82.26 kB │ gzip: 12.11 kB
node_modules/.nitro/vite/services/ssr/assets/telegram-BMrdD7ou.js                                          85.73 kB │ gzip: 11.53 kB
node_modules/.nitro/vite/services/ssr/assets/table-CjxjFXYg.js                                             85.76 kB │ gzip: 17.24 kB
node_modules/.nitro/vite/services/ssr/assets/db.server-CAGPf0Xy.js                                         86.22 kB │ gzip: 13.99 kB
node_modules/.nitro/vite/services/ssr/assets/_productId-gZEtvpMH.js                                        98.26 kB │ gzip: 15.90 kB
node_modules/.nitro/vite/services/ssr/assets/ip-check-MRaToo1h.js                                         103.49 kB │ gzip: 18.88 kB
node_modules/.nitro/vite/services/ssr/assets/admin-5VYcY6az.js                                            107.63 kB │ gzip: 17.28 kB
node_modules/.nitro/vite/services/ssr/assets/route-DPCQqU_w.js                                            119.74 kB │ gzip: 19.31 kB
node_modules/.nitro/vite/services/ssr/index.js                                                            147.16 kB │ gzip: 39.42 kB
node_modules/.nitro/vite/services/ssr/assets/account-sections-4jY26FUP.js                                 159.68 kB │ gzip: 23.68 kB
node_modules/.nitro/vite/services/ssr/assets/router-BV2f6DRa.js                                           220.56 kB │ gzip: 45.08 kB
node_modules/.nitro/vite/services/ssr/assets/product-editor-BAZ7NA6z.js                                   242.61 kB │ gzip: 37.51 kB
node_modules/.nitro/vite/services/ssr/assets/auth-BIfhgJpW.js                                             373.10 kB │ gzip: 82.89 kB

✓ built in 1.69s

[nitro] ◐ Building [Nitro] (preset: bun, compatibility: 2026-09-10)
[nitro] ✔ Generated public .output/public
vite v8.1.4 building nitro environment for production...
ℹ [paraglide-js] Compilation skipped — inputs unchanged (message-modules)
[2Ktransforming...✓ 7883 modules transformed.
ℹ Tracing dependencies:
- tslib (2.8.1)
✔ Traced 1 dependencies (4 files) in 29ms.
ℹ Ensure your production environment matches the builder OS and architecture (darwin-arm64) to avoid native module issues.
rendering chunks...
computing gzip size...
.output/server/_libs/_6.mjs                                                         0.09 kB │ gzip:   0.09 kB
.output/server/_libs/_5.mjs                                                         0.09 kB │ gzip:   0.09 kB
.output/server/_libs/_7.mjs                                                         0.10 kB │ gzip:   0.10 kB
.output/server/_libs/_3.mjs                                                         0.10 kB │ gzip:   0.10 kB
.output/server/_libs/_2.mjs                                                         0.11 kB │ gzip:   0.10 kB
.output/server/_libs/_4.mjs                                                         0.11 kB │ gzip:   0.11 kB
.output/server/_ssr/server-MG3jNguc.mjs                                             0.11 kB │ gzip:   0.09 kB
.output/server/_ssr/kysely-adapter-Cj_QZw5p.mjs                                     0.15 kB │ gzip:   0.12 kB
.output/server/_libs/radix-ui__number.mjs                                           0.19 kB │ gzip:   0.17 kB
.output/server/_libs/grammyjs__types.mjs                                            0.23 kB │ gzip:   0.19 kB
.output/server/_ssr/500-BE7caSp0.mjs                                                0.25 kB │ gzip:   0.19 kB
.output/server/_ssr/products-D2hwAMPv.mjs                                           0.25 kB │ gzip:   0.19 kB
.output/server/_ssr/404-BsrqmyPa.mjs                                                0.25 kB │ gzip:   0.20 kB
.output/server/_ssr/empty-plugin-adapters-De36uHlq.mjs                              0.25 kB │ gzip:   0.18 kB
.output/server/_ssr/admin-DnJ_nkHH.mjs                                              0.25 kB │ gzip:   0.19 kB
.output/server/_ssr/sessions-9wj3dwBj.mjs                                           0.27 kB │ gzip:   0.20 kB
.output/server/_libs/_.mjs                                                          0.28 kB │ gzip:   0.16 kB
.output/server/_ssr/schema-0vL9wWXY.mjs                                             0.28 kB │ gzip:   0.23 kB
.output/server/_ssr/modules-BCSaOaj1.mjs                                            0.28 kB │ gzip:   0.20 kB
.output/server/_ssr/permission-bits-CAZyTrjq.mjs                                    0.28 kB │ gzip:   0.21 kB
.output/server/_ssr/site-brand-CNSZ18sB.mjs                                         0.29 kB │ gzip:   0.25 kB
.output/server/_ssr/utils-C_uf36nf.mjs                                              0.32 kB │ gzip:   0.23 kB
.output/server/_ssr/reauthentication-schema-oT8LZZs8.mjs                            0.32 kB │ gzip:   0.25 kB
.output/server/_ssr/domain-error-CPdvMkjT.mjs                                       0.33 kB │ gzip:   0.24 kB
.output/server/_ssr/error-WmitErz_.mjs                                              0.36 kB │ gzip:   0.24 kB
.output/server/_ssr/locales-6qnNRrQN.mjs                                            0.42 kB │ gzip:   0.32 kB
.output/server/_ssr/createServerRpc-B6iHKEdx.mjs                                    0.43 kB │ gzip:   0.30 kB
.output/server/_libs/radix-ui__primitive.mjs                                        0.43 kB │ gzip:   0.24 kB
.output/server/_orderId-CeAZCFrz.mjs                                                0.44 kB │ gzip:   0.29 kB
.output/server/_ssr/edit-BBjgx0kF.mjs                                               0.44 kB │ gzip:   0.29 kB
.output/server/_productId-BzwF39hy.mjs                                              0.45 kB │ gzip:   0.30 kB
.output/server/_productId-BeYoj_Hn.mjs                                              0.45 kB │ gzip:   0.30 kB
.output/server/_ssr/site-assets-CiSu7ETc.mjs                                        0.45 kB │ gzip:   0.27 kB
.output/server/_ssr/public-VBeJ4VQA.mjs                                             0.45 kB │ gzip:   0.31 kB
.output/server/_ssr/route-CbSuF3gU.mjs                                              0.45 kB │ gzip:   0.30 kB
.output/server/_ssr/trash-CHUBVHyw.mjs                                              0.45 kB │ gzip:   0.30 kB
.output/server/_ssr/route-CtCsjCC7.mjs                                              0.46 kB │ gzip:   0.29 kB
.output/server/_ssr/access-DcjweTPf.mjs                                             0.47 kB │ gzip:   0.31 kB
.output/server/_ssr/orders-CUdOjZt1.mjs                                             0.47 kB │ gzip:   0.31 kB
.output/server/_ssr/secrets-CGLntXX5.mjs                                            0.47 kB │ gzip:   0.31 kB
.output/server/_ssr/commerce-5Qk5CDH6.mjs                                           0.48 kB │ gzip:   0.31 kB
.output/server/_ssr/retention-Yp6ZEIHz.mjs                                          0.48 kB │ gzip:   0.31 kB
.output/server/_ssr/operations-BYOnG9AC.mjs                                         0.48 kB │ gzip:   0.31 kB
.output/server/_ssr/fulfillment-BQToJKYz.mjs                                        0.48 kB │ gzip:   0.32 kB
.output/server/_ssr/queries-DPVtq8D1.mjs                                            0.50 kB │ gzip:   0.30 kB
.output/server/_ssr/secrets-BZ5t0DCn.mjs                                            0.52 kB │ gzip:   0.27 kB
.output/server/_ssr/queries-GbBaQ0Ct2.mjs                                           0.53 kB │ gzip:   0.31 kB
.output/server/_ssr/payment-region-6lIrYiAD.mjs                                     0.53 kB │ gzip:   0.32 kB
.output/server/_ssr/after-sale-status-CKYy7fnf.mjs                                  0.54 kB │ gzip:   0.30 kB
.output/server/_ssr/context-DwefvWrW.mjs                                            0.54 kB │ gzip:   0.33 kB
.output/server/_orderNumber-BM7bh3e0.mjs                                            0.54 kB │ gzip:   0.35 kB
.output/server/_ssr/skeleton-Bp3AM9zJ.mjs                                           0.54 kB │ gzip:   0.37 kB
.output/server/_ssr/cache-observability-B1ZDT-cx.mjs                                0.56 kB │ gzip:   0.37 kB
.output/server/_ssr/new-CtGlgxy4.mjs                                                0.56 kB │ gzip:   0.35 kB
.output/server/_ssr/edit-CyhE-GEj.mjs                                               0.56 kB │ gzip:   0.34 kB
.output/server/_ssr/new-BfgiAWry.mjs                                                0.62 kB │ gzip:   0.39 kB
.output/server/_ssr/session-DTpQWCW6.mjs                                            0.62 kB │ gzip:   0.38 kB
.output/server/_ssr/identity-email-pr5vP0Rp.mjs                                     0.62 kB │ gzip:   0.32 kB
.output/server/_ssr/orders-CFi6w2g4.mjs                                             0.63 kB │ gzip:   0.37 kB
.output/server/_ssr/createSsrRpc-Bk4w_8wC.mjs                                       0.63 kB │ gzip:   0.40 kB
.output/server/_ssr/settings-DZZmZT-p.mjs                                           0.63 kB │ gzip:   0.37 kB
.output/server/_ssr/account-DWbXrXFN.mjs                                            0.64 kB │ gzip:   0.37 kB
.output/server/_ssr/notifications-DMf3EKEo.mjs                                      0.65 kB │ gzip:   0.37 kB
.output/server/_ssr/entitlements-BWolcbwL.mjs                                       0.66 kB │ gzip:   0.38 kB
.output/server/_orderNumber-yn9x3SaJ.mjs                                            0.66 kB │ gzip:   0.38 kB
.output/server/_ssr/schema-CUiveFIL.mjs                                             0.72 kB │ gzip:   0.41 kB
.output/server/_ssr/client-Db1AXyXH.mjs                                             0.73 kB │ gzip:   0.44 kB
.output/server/_ssr/reauthenticate-CrmnT_sE.mjs                                     0.74 kB │ gzip:   0.45 kB
.output/server/_ssr/status-De1fpYQp.mjs                                             0.74 kB │ gzip:   0.45 kB
.output/server/_ssr/common_new-CsO4lAbc.mjs                                         0.74 kB │ gzip:   0.43 kB
.output/server/_ssr/audit_time-NkjdT2K8.mjs                                         0.75 kB │ gzip:   0.42 kB
.output/server/_ssr/common_copy-kl3UzHiR.mjs                                        0.75 kB │ gzip:   0.43 kB
.output/server/_ssr/common_edit-73eVeVSe.mjs                                        0.75 kB │ gzip:   0.43 kB
.output/server/_ssr/common_name-DwIpEX1B.mjs                                        0.75 kB │ gzip:   0.43 kB
.output/server/_ssr/auth_submit-DxwN3rNS.mjs                                        0.76 kB │ gzip:   0.43 kB
.output/server/_ssr/nav_coupons-DSLZ1hEA.mjs                                        0.76 kB │ gzip:   0.43 kB
.output/server/_ssr/common_close-BEK5Nvpg.mjs                                       0.77 kB │ gzip:   0.43 kB
.output/server/_ssr/common_email-BPRX9ZtR.mjs                                       0.77 kB │ gzip:   0.43 kB
.output/server/_ssr/common_retry-DbcYCzpt.mjs                                       0.77 kB │ gzip:   0.43 kB
.output/server/_ssr/audit_export-CdVPYgO6.mjs                                       0.77 kB │ gzip:   0.43 kB
.output/server/_ssr/unit_minutes-BNjxRg6l.mjs                                       0.77 kB │ gzip:   0.43 kB
.output/server/_orderNumber-D7JPXuvT.mjs                                            0.77 kB │ gzip:   0.43 kB
.output/server/_ssr/nav_products-DECnugMa.mjs                                       0.77 kB │ gzip:   0.43 kB
.output/server/_ssr/label-D7_HrQiP.mjs                                              0.77 kB │ gzip:   0.46 kB
.output/server/_ssr/common_cancel-CIhh-F8R.mjs                                      0.78 kB │ gzip:   0.43 kB
.output/server/_ssr/common_delete-DYSVpBjT.mjs                                      0.78 kB │ gzip:   0.43 kB
.output/server/_ssr/common_search-BxUT7uBC.mjs                                      0.78 kB │ gzip:   0.43 kB
.output/server/_ssr/common_status-2nHFX_2a.mjs                                      0.78 kB │ gzip:   0.43 kB
.output/server/_ssr/status_failed-BlBTlYND.mjs                                      0.78 kB │ gzip:   0.43 kB
.output/server/_ssr/store_my_title-DnfssogC.mjs                                     0.78 kB │ gzip:   0.43 kB
.output/server/_ssr/coupons_value-hxLxx0J7.mjs                                      0.78 kB │ gzip:   0.44 kB
.output/server/_ssr/store_nav_shop-DNbdpsb-.mjs                                     0.78 kB │ gzip:   0.43 kB
.output/server/_ssr/common_actions-cchdWPay.mjs                                     0.79 kB │ gzip:   0.43 kB
.output/server/_ssr/common_enabled-DraSvTza.mjs                                     0.79 kB │ gzip:   0.43 kB
.output/server/_ssr/common_goback1-61nLk7lI.mjs                                     0.79 kB │ gzip:   0.44 kB
.output/server/_ssr/common_refresh-KGvOeDZ4.mjs                                     0.79 kB │ gzip:   0.43 kB
.output/server/_ssr/public_sign_in-DQ4opJMa.mjs                                     0.79 kB │ gzip:   0.43 kB
.output/server/_ssr/status_unknown-r1jPPTBi.mjs                                     0.79 kB │ gzip:   0.43 kB
.output/server/_ssr/ip_title-DxLsXvol.mjs                                           0.79 kB │ gzip:   0.46 kB
.output/server/_ssr/common_created-OqES8rRm.mjs                                     0.79 kB │ gzip:   0.44 kB
.output/server/_ssr/common_password-BdxIY778.mjs                                    0.80 kB │ gzip:   0.44 kB
.output/server/_ssr/common_loading-D3Sc0vLl.mjs                                     0.80 kB │ gzip:   0.44 kB
.output/server/_ssr/nav_audit_logs-MRY9ImO4.mjs                                     0.80 kB │ gzip:   0.45 kB
.output/server/_ssr/shop_orders_order-GG6MXcCb.mjs                                  0.81 kB │ gzip:   0.44 kB
.output/server/_ssr/shop_orders_items-BrLmSYf1.mjs                                  0.81 kB │ gzip:   0.44 kB
.output/server/_ssr/separator-Bx1j2uzr.mjs                                          0.82 kB │ gzip:   0.45 kB
.output/server/_ssr/shop_orders_view-CLR10T41.mjs                                   0.82 kB │ gzip:   0.45 kB
.output/server/_ssr/commerce-events-DZRns9yi.mjs                                    0.82 kB │ gzip:   0.45 kB
.output/server/_ssr/store_cart_title-BMO1xD3V.mjs                                   0.82 kB │ gzip:   0.45 kB
.output/server/_ssr/store_nav_orders-DDTH_RTd.mjs                                   0.82 kB │ gzip:   0.45 kB
.output/server/_ssr/catalog-klHIRsDM.mjs                                            0.82 kB │ gzip:   0.45 kB
.output/server/_ssr/webhook-url-CLP6q7id.mjs                                        0.82 kB │ gzip:   0.48 kB
.output/server/_ssr/common_last_error-DlxPJo_n.mjs                                  0.83 kB │ gzip:   0.45 kB
.output/server/_ssr/route-L2UHbGE0.mjs                                              0.83 kB │ gzip:   0.43 kB
.output/server/_ssr/catalog_price_minor-D0CDUqap.mjs                                0.83 kB │ gzip:   0.44 kB
.output/server/_ssr/notifications_event-DKiyXvnu.mjs                                0.83 kB │ gzip:   0.43 kB
.output/server/_ssr/store_order_total-BkhMHGQU.mjs                                  0.83 kB │ gzip:   0.45 kB
.output/server/_ssr/catalog_updated_at-B25_iAlx.mjs                                 0.83 kB │ gzip:   0.44 kB
.output/server/_ssr/functions-DbLxsXSz.mjs                                          0.83 kB │ gzip:   0.51 kB
.output/server/_ssr/system_nav_orders-BhNXEgTG.mjs                                  0.84 kB │ gzip:   0.46 kB
.output/server/_ssr/auth_signinfailed2-DEWQ2vs9.mjs                                 0.84 kB │ gzip:   0.45 kB
.output/server/_ssr/catalog_recycle_bin-BLrd3v2Z.mjs                                0.84 kB │ gzip:   0.45 kB
.output/server/_ssr/shop_dashboard_title-DAVoljPW.mjs                               0.85 kB │ gzip:   0.45 kB
.output/server/_ssr/nav_scheduled_tasks-BK9xPdgh.mjs                                0.85 kB │ gzip:   0.45 kB
.output/server/_ssr/nav_user_management-C4BA7vpb.mjs                                0.85 kB │ gzip:   0.45 kB
.output/server/_ssr/store_checkout_items-BiSFgrQa.mjs                               0.86 kB │ gzip:   0.45 kB
.output/server/_ssr/catalog_product_edit-D9-ZMBXJ.mjs                               0.86 kB │ gzip:   0.46 kB
.output/server/_ssr/settings_group_brand-CXYF03ev.mjs                               0.86 kB │ gzip:   0.45 kB
.output/server/_ssr/auth_back_to_sign_in-Dznto4pN.mjs                               0.86 kB │ gzip:   0.46 kB
.output/server/_ssr/errors_back_to_store-DriJMWxA.mjs                               0.86 kB │ gzip:   0.46 kB
.output/server/_ssr/store_lookup_title-Dje-UKjs.mjs                                 0.86 kB │ gzip:   0.46 kB
.output/server/_ssr/nav_queue_monitoring-C9uxLc7w.mjs                               0.87 kB │ gzip:   0.45 kB
.output/server/_ssr/shop_orders_created_at-DWxP05M6.mjs                             0.87 kB │ gzip:   0.45 kB
.output/server/_ssr/auth_forgot_password-BUmb4Z2d.mjs                               0.87 kB │ gzip:   0.46 kB
.output/server/_ssr/delivery_center_title-DxlBB9tt.mjs                              0.87 kB │ gzip:   0.45 kB
.output/server/_ssr/supplier_orders_title-R3QqIlkj.mjs                              0.87 kB │ gzip:   0.46 kB
.output/server/_ssr/auth_confirm_password-CODBNq4s.mjs                              0.87 kB │ gzip:   0.45 kB
.output/server/_ssr/nav_payment_channels-BirR2n8e.mjs                               0.88 kB │ gzip:   0.46 kB
.output/server/_ssr/site-brand-provider-WvYLZfQS.mjs                                0.88 kB │ gzip:   0.45 kB
.output/server/_ssr/inventory_usage_url-BEOUO8GF.mjs                                0.89 kB │ gzip:   0.49 kB
.output/server/_ssr/common_operation_failed-BopTB2Gk.mjs                            0.89 kB │ gzip:   0.46 kB
.output/server/_ssr/notifications_deliveries-2n3bg3ON.mjs                           0.90 kB │ gzip:   0.46 kB
.output/server/_ssr/automation_center_title-C45HssID.mjs                            0.90 kB │ gzip:   0.46 kB
.output/server/_ssr/money-input-DUVcqLTR.mjs                                        0.90 kB │ gzip:   0.48 kB
.output/server/_ssr/supplier_accounts_title-DQqG7i4m.mjs                            0.90 kB │ gzip:   0.46 kB
.output/server/_ssr/supplier_products_title-Be21jU4k.mjs                            0.90 kB │ gzip:   0.46 kB
.output/server/_ssr/rate-limit-CTCAOIRm.mjs                                         0.90 kB │ gzip:   0.52 kB
.output/server/_ssr/aisou_inventory_title-rc3CJVb2.mjs                              0.90 kB │ gzip:   0.46 kB
.output/server/_ssr/store_checkout_failed-DCYkSI8y.mjs                              0.90 kB │ gzip:   0.48 kB
.output/server/_ssr/payment-url-BPlYFJh3.mjs                                        0.90 kB │ gzip:   0.46 kB
.output/server/_orderNumber-D9e3fxGn.mjs                                            0.91 kB │ gzip:   0.51 kB
.output/server/_ssr/supplier_upstream_details-C8iOlxho.mjs                          0.91 kB │ gzip:   0.46 kB
.output/server/_ssr/store_account_entitlements-CPwwIcc9.mjs                         0.91 kB │ gzip:   0.46 kB
.output/server/_ssr/auth_password_min-CUH6I_Rn.mjs                                  0.91 kB │ gzip:   0.50 kB
.output/server/_ssr/functions-M_jzRX1e.mjs                                          0.91 kB │ gzip:   0.48 kB
.output/server/_ssr/redeem_warehouse_title-DwgdtiaN.mjs                             0.91 kB │ gzip:   0.47 kB
.output/server/_ssr/status-CrrcFZ5b.mjs                                             0.92 kB │ gzip:   0.46 kB
.output/server/_ssr/notifications_email_channel-KrRhIMoy.mjs                        0.92 kB │ gzip:   0.46 kB
.output/server/_ssr/web_support_failed-D0aRiwmG.mjs                                 0.93 kB │ gzip:   0.52 kB
.output/server/_ssr/supplier_provider_gmshop_edge-BN4nABwD.mjs                      0.94 kB │ gzip:   0.44 kB
.output/server/_ssr/notifications_email_templates-DqeapYpy.mjs                      0.94 kB │ gzip:   0.46 kB
.output/server/_libs/radix-ui__react-label.mjs                                      0.96 kB │ gzip:   0.51 kB
.output/server/_ssr/catalog_operation_failed-BUjU8u44.mjs                           0.96 kB │ gzip:   0.49 kB
.output/server/_ssr/settings_supplier_api_enabled-DL8odGLR.mjs                      0.96 kB │ gzip:   0.48 kB
.output/server/_ssr/settings_error_asset_too_large-C1ZdkpeI.mjs                     0.97 kB │ gzip:   0.49 kB
.output/server/_ssr/app_title_description-CmT6MpaU.mjs                              0.98 kB │ gzip:   0.52 kB
.output/server/_ssr/schema-DJ5xSaxF.mjs                                             0.99 kB │ gzip:   0.52 kB
.output/server/_chunks/ssr-renderer.mjs                                             0.99 kB │ gzip:   0.50 kB
.output/server/_ssr/site-brand-entry-DjMKDK85.mjs                                   0.99 kB │ gzip:   0.51 kB
.output/server/_ssr/auth_error_invalid_credentials-DRjyT1Rc.mjs                     1.00 kB │ gzip:   0.50 kB
.output/server/_ssr/settings_secret_configured-CM8FtKDs.mjs                         1.02 kB │ gzip:   0.52 kB
.output/server/_libs/radix-ui__react-arrow.mjs                                      1.02 kB │ gzip:   0.53 kB
.output/server/_ssr/access_description-Dbpxgpkq.mjs                                 1.02 kB │ gzip:   0.56 kB
.output/server/_ssr/store_account_notification_refund_failed-CB5s5IE0.mjs           1.04 kB │ gzip:   0.47 kB
.output/server/_ssr/store_my_description-Dd_a2rr2.mjs                               1.05 kB │ gzip:   0.57 kB
.output/server/_ssr/secrets-mwLyQ-hR.mjs                                            1.13 kB │ gzip:   0.34 kB
.output/server/_ssr/account_change_password_old_password_required-D-n51223.mjs      1.14 kB │ gzip:   0.50 kB
.output/server/_ssr/input-CWt5SkE4.mjs                                              1.14 kB │ gzip:   0.63 kB
.output/server/_ssr/ip_intro-BbeVxHGA.mjs                                           1.16 kB │ gzip:   0.70 kB
.output/server/_ssr/auth-animation-context-r5rXwzHB.mjs                             1.29 kB │ gzip:   0.56 kB
.output/server/_ssr/account-navigation-BE-Zh_pN.mjs                                 1.30 kB │ gzip:   0.48 kB
.output/server/_ssr/schema-DpisPPvQ.mjs                                             1.30 kB │ gzip:   0.56 kB
.output/server/_ssr/source-url-DkT30ymH.mjs                                         1.31 kB │ gzip:   0.61 kB
.output/server/_ssr/outbox-BxjaaZdV.mjs                                             1.33 kB │ gzip:   0.73 kB
.output/server/_libs/radix-ui__react-toggle.mjs                                     1.33 kB │ gzip:   0.63 kB
.output/server/_ssr/fees-zMJSrv6K.mjs                                               1.34 kB │ gzip:   0.50 kB
.output/server/_libs/radix-ui__react-separator.mjs                                  1.35 kB │ gzip:   0.62 kB
.output/server/_ssr/root-protection-Cjp-arUL.mjs                                    1.35 kB │ gzip:   0.64 kB
.output/server/_ssr/rbac-json-wbm-bNPj.mjs                                          1.38 kB │ gzip:   0.66 kB
.output/server/_ssr/server-timing-Bz41MIVz.mjs                                      1.41 kB │ gzip:   0.64 kB
.output/server/_ssr/outbox-D5P4Ja-w.mjs                                             1.41 kB │ gzip:   0.76 kB
.output/server/_ssr/status_running-DAuxYOwH.mjs                                     1.41 kB │ gzip:   0.51 kB
.output/server/_libs/defu.mjs                                                       1.43 kB │ gzip:   0.61 kB
.output/server/_ssr/rates-3R79vUSB.mjs                                              1.43 kB │ gzip:   0.65 kB
.output/server/_ssr/functions-B1I7C4MD.mjs                                          1.44 kB │ gzip:   0.73 kB
.output/server/_ssr/wallet_balance-BvfXHVAx.mjs                                     1.44 kB │ gzip:   0.52 kB
.output/server/_ssr/supplier_api_secret-Cg1jp68F.mjs                                1.46 kB │ gzip:   0.49 kB
.output/server/_ssr/store_find_order-BjO2O_CY.mjs                                   1.47 kB │ gzip:   0.53 kB
.output/server/_ssr/shop_orders_timeline-CGT7OEW_.mjs                               1.48 kB │ gzip:   0.53 kB
.output/server/_ssr/settings_save_changes-CnG_JS_4.mjs                              1.49 kB │ gzip:   0.53 kB
.output/server/_ssr/store_continue_shopping-aDk-MNE-.mjs                            1.50 kB │ gzip:   0.53 kB
.output/server/_ssr/catalog_currency_decimals-DwSB9JmI.mjs                          1.53 kB │ gzip:   0.53 kB
.output/server/_ssr/catalog_editor_title-BXdr-DWk.mjs                               1.54 kB │ gzip:   0.55 kB
.output/server/_ssr/switch-DqYElz3b.mjs                                             1.55 kB │ gzip:   0.73 kB
.output/server/_ssr/context-BfciwkEI.mjs                                            1.57 kB │ gzip:   0.61 kB
.output/server/_ssr/auth_password_required-BS7QvMhP.mjs                             1.59 kB │ gzip:   0.55 kB
.output/server/_ssr/supplier_status_unavailable-CVwF2z4X.mjs                        1.59 kB │ gzip:   0.52 kB
.output/server/_ssr/access_permission_bits-BKG-ziIA.mjs                             1.60 kB │ gzip:   0.52 kB
.output/server/_ssr/automation_center_open_run-BSmTHoWo.mjs                         1.61 kB │ gzip:   0.56 kB
.output/server/_ssr/pro_pagination_nextpage1-CXWbBKYY.mjs                           1.62 kB │ gzip:   0.52 kB
.output/server/_ssr/redeem_warehouse_empty-8R4tunqa.mjs                             1.62 kB │ gzip:   0.57 kB
.output/server/_ssr/install_description-CgouVUv7.mjs                                1.62 kB │ gzip:   0.61 kB
.output/server/_ssr/store_account_notifications-DD1Lvni1.mjs                        1.62 kB │ gzip:   0.55 kB
.output/server/_ssr/storefront-access-D0bL_P06.mjs                                  1.63 kB │ gzip:   0.79 kB
.output/server/_ssr/settings_site_logo_square-CiyZ7AtE.mjs                          1.65 kB │ gzip:   0.60 kB
.output/server/_ssr/settings_site_logo_title-C0jzNS0H.mjs                           1.66 kB │ gzip:   0.57 kB
.output/server/_ssr/route-79rVFiqH.mjs                                              1.67 kB │ gzip:   0.82 kB
.output/server/_ssr/tasks-sMBLTVcs.mjs                                              1.67 kB │ gzip:   0.78 kB
.output/server/_ssr/(public)-DlMGwjMP.mjs                                           1.68 kB │ gzip:   0.76 kB
.output/server/_ssr/route-BPEhq7qN.mjs                                              1.69 kB │ gzip:   0.78 kB
.output/server/_ssr/audit-LXpmPc52.mjs                                              1.71 kB │ gzip:   0.81 kB
.output/server/_ssr/route-ubK9TNGL.mjs                                              1.73 kB │ gzip:   0.80 kB
.output/server/_ssr/route-6urr2KK_.mjs                                              1.75 kB │ gzip:   0.83 kB
.output/server/_ssr/product-quantity-Dt_Zymbv.mjs                                   1.76 kB │ gzip:   0.60 kB
.output/server/_ssr/admin-BPHxiPnK.mjs                                              1.77 kB │ gzip:   0.83 kB
.output/server/_ssr/badge-CDVpBwp5.mjs                                              1.83 kB │ gzip:   0.85 kB
.output/server/_ssr/quick-settings-D9DLJWkw.mjs                                     1.84 kB │ gzip:   0.77 kB
.output/server/_ssr/ip_article_intro-CgCLZ1E2.mjs                                   1.84 kB │ gzip:   0.78 kB
.output/server/_ssr/functions-BcznVX3K.mjs                                          1.86 kB │ gzip:   0.81 kB
.output/server/_runtime.mjs                                                         1.89 kB │ gzip:   0.86 kB
.output/server/_ssr/store_sign_in_to_purchase-Ipj5XY3k.mjs                          1.90 kB │ gzip:   0.68 kB
.output/server/_ssr/tooltip-Cy1omtvx.mjs                                            1.93 kB │ gzip:   0.78 kB
.output/server/_ssr/page-header-DkN3tYUg.mjs                                        1.97 kB │ gzip:   0.71 kB
.output/server/_ssr/schema-DdFblPCi.mjs                                             2.06 kB │ gzip:   0.80 kB
.output/server/_ssr/bounded-stream-DLZb1KSZ.mjs                                     2.06 kB │ gzip:   0.81 kB
.output/server/_ssr/order-access-storage-DK7kOnt3.mjs                               2.07 kB │ gzip:   0.84 kB
.output/server/_ssr/signatures-DAceji4R.mjs                                         2.08 kB │ gzip:   0.82 kB
.output/server/_ssr/pro-table-url-state-DQ-LiE10.mjs                                2.09 kB │ gzip:   0.87 kB
.output/server/_ssr/session-D8FML8El.mjs                                            2.09 kB │ gzip:   0.82 kB
.output/server/_ssr/inventory-secrets-BSkOelRQ.mjs                                  2.10 kB │ gzip:   0.97 kB
.output/server/_ssr/card-FO7pXR_b.mjs                                               2.10 kB │ gzip:   0.79 kB
.output/server/_ssr/public-r5FzeXFy.mjs                                             2.11 kB │ gzip:   0.96 kB
.output/server/_ssr/collapsible-ZMHa3nje.mjs                                        2.11 kB │ gzip:   0.91 kB
.output/server/_ssr/account-C74rpkap.mjs                                            2.11 kB │ gzip:   0.87 kB
.output/server/_ssr/queries-C9lR9vcF.mjs                                            2.12 kB │ gzip:   1.02 kB
.output/server/_ssr/warehouse-client-Bm845gyD.mjs                                   2.19 kB │ gzip:   1.03 kB
.output/server/_ssr/store_account_settings-cvf8s-dF.mjs                             2.20 kB │ gzip:   0.59 kB
.output/server/_libs/ufo.mjs                                                        2.21 kB │ gzip:   0.72 kB
.output/server/_ssr/stock-availability-M24usvSI.mjs                                 2.24 kB │ gzip:   0.88 kB
.output/server/_ssr/system-rbac-wyNtSkoh.mjs                                        2.26 kB │ gzip:   0.89 kB
.output/server/_ssr/infrastructure_health_unknown-BRZC_Zz-.mjs                      2.28 kB │ gzip:   0.58 kB
.output/server/_ssr/functions-Dk2kOTiI.mjs                                          2.28 kB │ gzip:   0.93 kB
.output/server/_ssr/exchange_rates_sync_now-Dg7jxWFv.mjs                            2.31 kB │ gzip:   0.61 kB
.output/server/_ssr/admin-B7rYWbvu.mjs                                              2.34 kB │ gzip:   0.84 kB
.output/server/_ssr/provider-admin-BuQCf-Ii.mjs                                     2.34 kB │ gzip:   0.87 kB
.output/server/_ssr/button-2r18GWZv.mjs                                             2.39 kB │ gzip:   1.01 kB
.output/server/_ssr/scroll-area-D_U6pxGt.mjs                                        2.44 kB │ gzip:   0.93 kB
.output/server/_ssr/api-boundaries-BOer58Kn.mjs                                     2.46 kB │ gzip:   0.87 kB
.output/server/_ssr/route-D7EOkbAC.mjs                                              2.48 kB │ gzip:   1.06 kB
.output/server/_ssr/functions-iBNvz74y.mjs                                          2.50 kB │ gzip:   0.96 kB
.output/server/_ssr/accordion-DlxN96A-.mjs                                          2.51 kB │ gzip:   1.02 kB
.output/server/_ssr/error-message-Dplki0dp.mjs                                      2.55 kB │ gzip:   0.85 kB
.output/server/_ssr/ip-address-C9ysFHVm.mjs                                         2.55 kB │ gzip:   1.01 kB
.output/server/_ssr/cart-storage--TQrzWY4.mjs                                       2.59 kB │ gzip:   1.01 kB
.output/server/_ssr/503-C8MUYCX_.mjs                                                2.64 kB │ gzip:   1.02 kB
.output/server/_ssr/status_dispatching-0kZd73XL.mjs                                 2.67 kB │ gzip:   0.65 kB
.output/server/_ssr/popover-aYFjtqPv.mjs                                            2.67 kB │ gzip:   1.01 kB
.output/server/_ssr/web-support-contract-CwGIgwEx.mjs                               2.76 kB │ gzip:   1.16 kB
.output/server/_ssr/supplier_status_available-BkoUbcYk.mjs                          2.79 kB │ gzip:   0.66 kB
.output/server/_ssr/provider-CphJYayt.mjs                                           2.81 kB │ gzip:   1.10 kB
.output/server/_ssr/units-DT608OXv.mjs                                              2.82 kB │ gzip:   1.02 kB
.output/server/_ssr/inventory_revealed_title-DkavAB7m.mjs                           2.86 kB │ gzip:   0.65 kB
.output/server/_ssr/not-found-error-Y4idKDtB.mjs                                    3.05 kB │ gzip:   1.15 kB
.output/server/_ssr/general-error-BnxrJsb0.mjs                                      3.05 kB │ gzip:   1.17 kB
.output/server/_ssr/schema-rrN_3yY6.mjs                                             3.07 kB │ gzip:   1.19 kB
.output/server/_ssr/sign-in-Cx1a5rMH.mjs                                            3.08 kB │ gzip:   1.22 kB
.output/server/_ssr/catalog_preview-CG7yUwkK.mjs                                    3.08 kB │ gzip:   0.72 kB
.output/server/_ssr/server-DQvc3UK8.mjs                                             3.09 kB │ gzip:   1.17 kB
.output/server/_ssr/401-DXtxIa33.mjs                                                3.12 kB │ gzip:   1.13 kB
.output/server/_ssr/createCsrfMiddleware-Bqj4BZso.mjs                               3.13 kB │ gzip:   1.03 kB
.output/server/_ssr/403-DuuamciI.mjs                                                3.13 kB │ gzip:   1.15 kB
.output/server/_libs/class-variance-authority+clsx.mjs                              3.22 kB │ gzip:   1.27 kB
.output/server/_ssr/account-functions-tSYE6Bls.mjs                                  3.30 kB │ gzip:   1.24 kB
.output/server/_ssr/sign-out-dialog-C5KjFOmm.mjs                                    3.34 kB │ gzip:   1.44 kB
.output/server/_ssr/seo-DlO7fDWl.mjs                                                3.34 kB │ gzip:   1.25 kB
.output/server/_ssr/health-CJ0rl3tM.mjs                                             3.43 kB │ gzip:   1.33 kB
.output/server/_ssr/format-K7FMCy3w.mjs                                             3.46 kB │ gzip:   1.04 kB
.output/server/_ssr/convert-delivery-JSjYwGox.mjs                                   3.52 kB │ gzip:   1.56 kB
.output/server/_ssr/image-dimensions-Dq7ragtI.mjs                                   3.53 kB │ gzip:   1.11 kB
.output/server/_ssr/dropdown-menu-DUZv55o1.mjs                                      3.56 kB │ gzip:   1.14 kB
.output/server/_ssr/schema-fDgXEHLN.mjs                                             3.59 kB │ gzip:   1.34 kB
.output/server/_ssr/currency-context-BZPPBpCn.mjs                                   3.63 kB │ gzip:   1.25 kB
.output/server/_ssr/auth-Dxp2fFtk.mjs                                               3.70 kB │ gzip:   1.58 kB
.output/server/_ssr/sync-settings-C-WSaS6O.mjs                                      3.71 kB │ gzip:   1.48 kB
.output/server/_ssr/error-page-W9lc1gAz.mjs                                         3.76 kB │ gzip:   1.41 kB
.output/server/_ssr/schema-BVvpkBxo.mjs                                             3.77 kB │ gzip:   1.23 kB
.output/server/_ssr/route-CnAbO4t7.mjs                                              3.82 kB │ gzip:   1.26 kB
.output/server/_libs/better-auth__utils.mjs                                         3.85 kB │ gzip:   1.33 kB
.output/server/_ssr/ledger-Bkw5YZcZ.mjs                                             3.87 kB │ gzip:   1.46 kB
.output/server/_ssr/schema-4HpO_yuq.mjs                                             3.89 kB │ gzip:   1.30 kB
.output/server/_ssr/admin-BWoVxJVB.mjs                                              3.98 kB │ gzip:   1.51 kB
.output/server/_ssr/image-CzI7xuJE.mjs                                              4.08 kB │ gzip:   1.29 kB
.output/server/_ssr/nav_automation-BK4dUvss.mjs                                     4.19 kB │ gzip:   0.85 kB
.output/server/_ssr/run-task-B-NoBbmO.mjs                                           4.32 kB │ gzip:   1.71 kB
.output/server/_ssr/editor-schema-CPW8PmKq.mjs                                      4.37 kB │ gzip:   1.38 kB
.output/server/_ssr/dialog-CmLz4AzU.mjs                                             4.40 kB │ gzip:   1.28 kB
.output/server/_ssr/settings-CuW-kfJE.mjs                                           4.43 kB │ gzip:   1.39 kB
.output/server/_libs/@tanstack/react-router-ssr-query+[...].mjs                     4.49 kB │ gzip:   1.40 kB
.output/server/_ssr/schema-7tisdlSE.mjs                                             4.66 kB │ gzip:   1.33 kB
.output/server/_ssr/templates-BLYhfj_N.mjs                                          4.75 kB │ gzip:   1.58 kB
.output/server/_libs/nanostores.mjs                                                 4.82 kB │ gzip:   1.53 kB
.output/server/_ssr/center-D9q4gslT.mjs                                             5.00 kB │ gzip:   1.78 kB
.output/server/_ssr/schema--m8kvc2u.mjs                                             5.01 kB │ gzip:   1.63 kB
.output/server/_ssr/admin-B22TSSNv.mjs                                              5.07 kB │ gzip:   1.58 kB
.output/server/_ssr/settings_group_commerce-DRXN-lA8.mjs                            5.12 kB │ gzip:   0.92 kB
.output/server/_ssr/start-Beik335z.mjs                                              5.19 kB │ gzip:   1.91 kB
.output/server/_libs/radix-ui__react-avatar.mjs                                     5.21 kB │ gzip:   1.61 kB
.output/server/_ssr/checkbox-CWZ43XkV.mjs                                           5.37 kB │ gzip:   1.66 kB
.output/server/_ssr/configuration-logo-field-BQ0KhYSR.mjs                           5.45 kB │ gzip:   2.03 kB
.output/server/_ssr/authority-x4kZy229.mjs                                          5.49 kB │ gzip:   1.90 kB
.output/server/_ssr/after-sales-zM_9JqVH.mjs                                        5.55 kB │ gzip:   1.79 kB
.output/server/_ssr/configuration-logo-Baz45uJ-.mjs                                 5.59 kB │ gzip:   2.00 kB
.output/server/_ssr/orders-admin-CH87vMvx.mjs                                       5.63 kB │ gzip:   2.09 kB
.output/server/_ssr/select-DHe2wBa2.mjs                                             5.68 kB │ gzip:   1.67 kB
.output/server/_ssr/provider-logo-CfGnD1GZ.mjs                                      5.83 kB │ gzip:   1.87 kB
.output/server/_ssr/workspace-C_IXFozz.mjs                                          5.90 kB │ gzip:   1.80 kB
.output/server/_ssr/site-brand-dwQytn-2.mjs                                         5.90 kB │ gzip:   1.84 kB
.output/server/_ssr/confirm-dialog-4mHvU3yR.mjs                                     6.03 kB │ gzip:   1.71 kB
.output/server/_ssr/labels-DABCMSBk.mjs                                             6.14 kB │ gzip:   1.01 kB
.output/server/_ssr/module-navigation-Cz7E_YkD.mjs                                  6.15 kB │ gzip:   1.87 kB
.output/server/_libs/radix-ui__react-toggle-group.mjs                               6.25 kB │ gzip:   1.54 kB
.output/server/_ssr/keys-CiemOE80.mjs                                               6.29 kB │ gzip:   2.15 kB
.output/server/_ssr/store_account_notification_entitlement_expiring-CIBYlD9L.mjs    6.32 kB │ gzip:   1.00 kB
.output/server/_ssr/admin-BHRONo98.mjs                                              6.38 kB │ gzip:   2.32 kB
.output/server/_libs/radix-ui__react-switch.mjs                                     6.49 kB │ gzip:   2.02 kB
.output/server/_ssr/labels-CZ3HYfZE.mjs                                             6.50 kB │ gzip:   1.35 kB
.output/server/_ssr/store_cart_issue_price_changed-aAPAjPxw.mjs                     6.54 kB │ gzip:   1.32 kB
.output/server/_ssr/schema-KWyvBvEG.mjs                                             6.75 kB │ gzip:   1.82 kB
.output/server/_ssr/verify-email-sent-CdKxCpSw.mjs                                  6.75 kB │ gzip:   1.81 kB
.output/server/_libs/@tanstack/devtools-event-client+[...].mjs                      6.76 kB │ gzip:   1.73 kB
.output/server/_ssr/admin-Ce1Ipyjj.mjs                                              6.86 kB │ gzip:   1.94 kB
.output/server/_ssr/cart-B3TiaEB5.mjs                                               6.87 kB │ gzip:   2.35 kB
.output/server/_ssr/labels-C5GMx-z3.mjs                                             6.90 kB │ gzip:   1.00 kB
.output/server/_ssr/install-Be6LC08Y.mjs                                            6.96 kB │ gzip:   2.34 kB
.output/server/_ssr/admin-B0d-MK6M2.mjs                                             7.13 kB │ gzip:   2.19 kB
.output/server/_ssr/job-actions-DI0ee8dS.mjs                                        7.61 kB │ gzip:   2.07 kB
.output/server/_ssr/upload-BNQ8lCmR.mjs                                             7.63 kB │ gzip:   2.58 kB
.output/server/_ssr/theme-provider-CcUHDPwE.mjs                                     7.74 kB │ gzip:   2.27 kB
.output/server/_ssr/admin-permission-registry-CKQfVoB-.mjs                          7.92 kB │ gzip:   1.74 kB
.output/server/_ssr/button-BwJY-Rw8.mjs                                             7.94 kB │ gzip:   2.72 kB
.output/server/_ssr/records-cesErm8I.mjs                                            7.94 kB │ gzip:   2.16 kB
.output/server/_ssr/require-admin-CgbGsRqR.mjs                                      7.98 kB │ gzip:   2.58 kB
.output/server/_ssr/runtime-config-bwfWKyWe.mjs                                     8.02 kB │ gzip:   2.24 kB
.output/server/_ssr/admin-SCJKcpo5.mjs                                              8.25 kB │ gzip:   2.65 kB
.output/server/_ssr/check-D2U8l7lq.mjs                                              8.35 kB │ gzip:   3.32 kB
.output/server/_libs/@radix-ui/react-checkbox+[...].mjs                             8.75 kB │ gzip:   2.57 kB
.output/server/_ssr/local-checks-DZOXAKWO.mjs                                       8.83 kB │ gzip:   2.94 kB
.output/server/_ssr/feishu-alerts-jHO8F51K.mjs                                      8.86 kB │ gzip:   2.91 kB
.output/server/_ssr/admin-Bx5m4oAr.mjs                                              9.01 kB │ gzip:   2.78 kB
.output/server/_libs/floating-ui__react-dom.mjs                                     9.36 kB │ gzip:   2.71 kB
.output/server/_ssr/createServerFn-hMmZPNTD.mjs                                     9.42 kB │ gzip:   3.01 kB
.output/server/_ssr/sync-Bj9qy6Px.mjs                                               9.51 kB │ gzip:   3.15 kB
.output/server/_ssr/delivery-reveal-content-CbuqSqhV.mjs                            9.95 kB │ gzip:   2.77 kB
.output/server/_ssr/source-sync-Lr8Rduh6.mjs                                        9.97 kB │ gzip:   3.31 kB
.output/server/_ssr/admin-BgwOy3au.mjs                                             10.18 kB │ gzip:   3.11 kB
.output/server/_ssr/change-password-dialog-BMAJiSzw.mjs                            10.47 kB │ gzip:   1.84 kB
.output/server/_ssr/templates-uMge021h.mjs                                         10.58 kB │ gzip:   2.93 kB
.output/server/_ssr/orders-ChB4xrsY.mjs                                            10.62 kB │ gzip:   2.71 kB
.output/server/_libs/tanstack__react-query.mjs                                     10.70 kB │ gzip:   2.53 kB
.output/server/_libs/radix-ui__react-popover.mjs                                   10.80 kB │ gzip:   2.54 kB
.output/server/_ssr/error-label-CrnCdxwO.mjs                                       10.85 kB │ gzip:   1.53 kB
.output/server/_ssr/provider-settings-Dt7fBqIj.mjs                                 10.93 kB │ gzip:   2.74 kB
.output/server/_ssr/support-admins-DpWDz89z.mjs                                    11.00 kB │ gzip:   3.33 kB
.output/server/_ssr/outbox-D1jWOQmv.mjs                                            11.27 kB │ gzip:   3.31 kB
.output/server/_libs/date-fns__tz.mjs                                              11.68 kB │ gzip:   3.35 kB
.output/server/_ssr/admin-CZw64XhW.mjs                                             11.94 kB │ gzip:   3.64 kB
.output/server/_libs/radix-ui__react-radio-group.mjs                               12.06 kB │ gzip:   3.01 kB
.output/server/_ssr/product-card-CTBhL1PQ.mjs                                      12.09 kB │ gzip:   2.63 kB
.output/server/_libs/tanstack__history.mjs                                         12.12 kB │ gzip:   3.50 kB
.output/server/_libs/tanstack__match-sorter-utils.mjs                              12.19 kB │ gzip:   4.20 kB
.output/server/_ssr/queues-B3wSXYxv.mjs                                            12.32 kB │ gzip:   2.83 kB
.output/server/_ssr/admin-gP58OylM2.mjs                                            12.51 kB │ gzip:   3.76 kB
.output/server/_orderId-B1folD-q.mjs                                               12.60 kB │ gzip:   2.81 kB
.output/server/_ssr/register-BGVBDNAc.mjs                                          12.68 kB │ gzip:   3.05 kB
.output/server/_ssr/audit-logs-DAaeHmvx.mjs                                        12.81 kB │ gzip:   2.93 kB
.output/server/_ssr/supplier-api-D0UrYn8F.mjs                                      13.01 kB │ gzip:   3.42 kB
.output/server/_ssr/automation-C4k7hN_S.mjs                                        13.24 kB │ gzip:   3.30 kB
.output/server/_ssr/editor-iI1B2bki.mjs                                            13.58 kB │ gzip:   2.99 kB
.output/server/_ssr/error-message-SgXa-CoP.mjs                                     13.81 kB │ gzip:   2.34 kB
.output/server/_ssr/process-C5LZZzRB.mjs                                           14.14 kB │ gzip:   3.14 kB
.output/server/_ssr/admin-DaMeHdgd.mjs                                             14.22 kB │ gzip:   4.10 kB
.output/server/_libs/better-auth__memory-adapter.mjs                               14.60 kB │ gzip:   4.10 kB
.output/server/_ssr/cart-Cd5hn5Ld.mjs                                              14.66 kB │ gzip:   3.46 kB
.output/server/_ssr/admin-DhYg-YiU.mjs                                             14.88 kB │ gzip:   4.48 kB
.output/server/_ssr/error-codes-miJnh2HG.mjs                                       15.06 kB │ gzip:   4.78 kB
.output/server/_ssr/order-query-Db1w1mOJ.mjs                                       15.36 kB │ gzip:   4.17 kB
.output/server/_ssr/restock-api-JykYc64M.mjs                                       15.41 kB │ gzip:   4.17 kB
.output/server/_ssr/admin-MaG06sn4.mjs                                             15.44 kB │ gzip:   4.62 kB
.output/server/_libs/dnd-kit__sortable.mjs                                         15.50 kB │ gzip:   4.25 kB
.output/server/_ssr/admin-BOtm_bWL.mjs                                             15.51 kB │ gzip:   4.00 kB
.output/server/_ssr/manual-refund-confirmation-modal-xKwsWzO8.mjs                  15.69 kB │ gzip:   3.23 kB
.output/server/_ssr/functions-BUx7quk1.mjs                                         16.12 kB │ gzip:   4.12 kB
.output/server/_ssr/forgot-password-d-XlSxHB.mjs                                   16.12 kB │ gzip:   3.01 kB
.output/server/_ssr/delivery-DWhwhpBR.mjs                                          16.13 kB │ gzip:   4.11 kB
.output/server/_libs/@tanstack/react-form+[...].mjs                                16.43 kB │ gzip:   3.42 kB
.output/server/_ssr/admin-DsVk2Rx0.mjs                                             16.45 kB │ gzip:   4.21 kB
.output/server/_ssr/admin-DyhqPGq4.mjs                                             16.65 kB │ gzip:   4.31 kB
.output/server/_libs/cmdk.mjs                                                      16.79 kB │ gzip:   5.53 kB
.output/server/_libs/dnd-kit__accessibility+react.mjs                              16.84 kB │ gzip:   4.72 kB
.output/server/_libs/vaul.mjs                                                      17.09 kB │ gzip:   4.40 kB
.output/server/_ssr/status-badge-Bq1X0zBC.mjs                                      17.24 kB │ gzip:   2.44 kB
.output/server/_libs/@better-auth/telemetry+[...].mjs                              17.28 kB │ gzip:   4.85 kB
.output/server/_libs/h3-v2.mjs                                                     17.45 kB │ gzip:   5.13 kB
.output/server/_ssr/input-DaBV2ZTu.mjs                                             17.80 kB │ gzip:   4.18 kB
.output/server/_libs/radix-ui__react-tooltip.mjs                                   18.49 kB │ gzip:   4.24 kB
.output/server/_ssr/sidebar-data-BfbypmhX.mjs                                      18.79 kB │ gzip:   3.85 kB
.output/server/_ssr/i18n-runtime-DITdvU2V.mjs                                      18.90 kB │ gzip:   5.55 kB
.output/server/_ssr/admin-V4P1q6vd2.mjs                                            19.20 kB │ gzip:   4.63 kB
.output/server/_ssr/admin-B_R-AjEg.mjs                                             19.24 kB │ gzip:   4.42 kB
.output/server/_libs/@icons-pack/react-simple-icons+[...].mjs                      19.32 kB │ gzip:   6.00 kB
.output/server/_libs/abort-controller+[...].mjs                                    19.89 kB │ gzip:   4.53 kB
.output/server/_ssr/select-nQC3sBzL.mjs                                            19.93 kB │ gzip:   4.45 kB
.output/server/_ssr/account-functions-CZ0eyMxZ.mjs                                 20.30 kB │ gzip:   5.19 kB
.output/server/_ssr/maintenance-DlblG-Nz.mjs                                       20.41 kB │ gzip:   5.25 kB
.output/server/_ssr/roles-5l3qHJvo.mjs                                             20.45 kB │ gzip:   4.77 kB
.output/server/_ssr/account-settings-panel-CeyJwxPk.mjs                            20.75 kB │ gzip:   4.54 kB
.output/server/_libs/radix-ui__react-slider.mjs                                    20.78 kB │ gzip:   5.15 kB
.output/server/_ssr/admin-BNu1bwyP.mjs                                             20.87 kB │ gzip:   5.45 kB
.output/server/_ssr/scheduled-D_kbid0K.mjs                                         20.91 kB │ gzip:   4.07 kB
.output/server/_ssr/aisou-inventory-B9MNW1VS.mjs                                   21.02 kB │ gzip:   4.66 kB
.output/server/_ssr/sign-in-B0-lftd2.mjs                                           21.04 kB │ gzip:   4.45 kB
.output/server/_ssr/admin-DPun1bsI.mjs                                             21.46 kB │ gzip:   5.17 kB
.output/server/_ssr/status-BTHAWr48.mjs                                            21.49 kB │ gzip:   3.73 kB
.output/server/_ssr/admin-CShBSm3z.mjs                                             21.51 kB │ gzip:   5.01 kB
.output/server/_ssr/catalog-admin-nJj8nEsT.mjs                                     22.32 kB │ gzip:   5.49 kB
.output/server/_ssr/install-mOh0QD_x.mjs                                           22.55 kB │ gzip:   4.33 kB
.output/server/_libs/debug+ms+supports-color.mjs                                   22.82 kB │ gzip:   7.13 kB
.output/server/_ssr/delivery-CFXMLvGB.mjs                                          23.40 kB │ gzip:   5.81 kB
.output/server/_productId-C0TPugIr.mjs                                             23.52 kB │ gzip:   4.05 kB
.output/server/_ssr/cart-Dk4YZorx.mjs                                              23.64 kB │ gzip:   5.21 kB
.output/server/_ssr/settings-k4o3XAMl.mjs                                          24.24 kB │ gzip:   5.53 kB
.output/server/_ssr/claude-network-check-Dj4m2gLI.mjs                              24.47 kB │ gzip:   6.88 kB
.output/server/_ssr/auth-client-DA4NcfAf.mjs                                       24.61 kB │ gzip:   7.28 kB
.output/server/_ssr/orders-BzRITnYl2.mjs                                           25.41 kB │ gzip:   4.72 kB
.output/server/_libs/@floating-ui/dom+[...].mjs                                    25.43 kB │ gzip:   6.59 kB
.output/server/_ssr/products-DlbzsOdu.mjs                                          25.46 kB │ gzip:   4.96 kB
.output/server/_ssr/catalog-D7euFKZl.mjs                                           25.58 kB │ gzip:   7.21 kB
.output/server/_libs/@floating-ui/core+[...].mjs                                   25.62 kB │ gzip:   6.35 kB
.output/server/_libs/h3+rou3+srvx.mjs                                              25.81 kB │ gzip:   7.60 kB
.output/server/_ssr/admin-DjIsSpd5.mjs                                             26.29 kB │ gzip:   4.81 kB
.output/server/_libs/noble__hashes.mjs                                             26.71 kB │ gzip:   8.77 kB
.output/server/_ssr/invoice-aE5fw1nC.mjs                                           26.94 kB │ gzip:   5.25 kB
.output/server/_ssr/provider-admin-BY4_RtEx.mjs                                    27.11 kB │ gzip:   5.92 kB
.output/server/_ssr/route-BJF60ViW.mjs                                             27.32 kB │ gzip:   5.50 kB
.output/server/_ssr/runtime-D4Av-D0B.mjs                                           27.53 kB │ gzip:   7.26 kB
.output/server/_ssr/editor-D_P-kTPB.mjs                                            27.61 kB │ gzip:   6.72 kB
.output/server/_ssr/email-CRfajnBT.mjs                                             27.86 kB │ gzip:   5.25 kB
.output/server/_ssr/multi-order-BgIt41oa.mjs                                       27.99 kB │ gzip:   7.36 kB
.output/server/_libs/radix-ui__react-scroll-area.mjs                               28.04 kB │ gzip:   5.71 kB
.output/server/_ssr/refunds-DBVslcSe.mjs                                           28.99 kB │ gzip:   6.16 kB
.output/server/_ssr/me-CNle0AFT.mjs                                                29.61 kB │ gzip:   5.83 kB
.output/server/_ssr/redeem-inventory-ClV3wi1j.mjs                                  30.78 kB │ gzip:   5.82 kB
.output/server/_libs/qrcode.react.mjs                                              31.49 kB │ gzip:   8.28 kB
.output/server/_ssr/(public)-EkjS65dB.mjs                                          33.59 kB │ gzip:   6.13 kB
.output/server/__23tanstack-start-server-fn-resolver-B1VGld_S.mjs                  35.09 kB │ gzip:   9.50 kB
.output/server/_libs/@radix-ui/react-accordion+[...].mjs                           35.46 kB │ gzip:   7.94 kB
.output/server/_ssr/coupons-W3DzWfOR.mjs                                           36.90 kB │ gzip:   6.92 kB
.output/server/_ssr/accounts-CpW6TK3o.mjs                                          37.97 kB │ gzip:   7.06 kB
.output/server/_libs/tma.js__sdk.mjs                                               38.52 kB │ gzip:   9.93 kB
.output/server/_ssr/auth-BYdhk5i-.mjs                                              41.82 kB │ gzip:   7.75 kB
.output/server/_tanstack-start-manifest_v-DjhI-YrF.mjs                             42.41 kB │ gzip:   7.05 kB
.output/server/_ssr/admin-lmhan0ts.mjs                                             42.73 kB │ gzip:   9.57 kB
.output/server/_ssr/orders-CuzKXFPc.mjs                                            44.43 kB │ gzip:   7.94 kB
.output/server/_libs/@radix-ui/react-select+[...].mjs                              45.62 kB │ gzip:   9.72 kB
.output/server/_ssr/service-VjyR58GH.mjs                                           45.68 kB │ gzip:   9.79 kB
.output/server/_libs/@better-auth/drizzle-adapter+[...].mjs                        46.22 kB │ gzip:   9.91 kB
.output/server/_libs/noble__ciphers.mjs                                            47.09 kB │ gzip:  14.02 kB
.output/server/_ssr/claude-purchase-guide-vw9_1W-y.mjs                             49.65 kB │ gzip:   7.02 kB
.output/server/_ssr/rate-limit-Mj_66-2P.mjs                                        49.89 kB │ gzip:  12.11 kB
.output/server/_libs/sonner.mjs                                                    51.98 kB │ gzip:  11.80 kB
.output/server/_libs/visulima__email.mjs                                           54.13 kB │ gzip:  13.79 kB
.output/server/_ssr/form-C8pP_a1o.mjs                                              54.98 kB │ gzip:  10.90 kB
.output/server/_ssr/products-Cz9L_6FL.mjs                                          55.07 kB │ gzip:  10.42 kB
.output/server/_ssr/checkout-CYnG6W67.mjs                                          55.83 kB │ gzip:   9.84 kB
.output/server/_ssr/providers-B_U224dq.mjs                                         56.59 kB │ gzip:  12.38 kB
.output/server/_ssr/route-Dv2bK5z-.mjs                                             58.70 kB │ gzip:  12.35 kB
.output/server/_libs/@radix-ui/react-dropdown-menu+[...].mjs                       60.29 kB │ gzip:  11.79 kB
.output/server/_libs/bowser.mjs                                                    61.35 kB │ gzip:  11.67 kB
.output/server/_libs/opentelemetry__api.mjs                                        65.15 kB │ gzip:  12.35 kB
.output/server/_libs/@radix-ui/react-alert-dialog+[...].mjs                        65.91 kB │ gzip:  15.03 kB
.output/server/_libs/lucide-react.mjs                                              67.34 kB │ gzip:  12.20 kB
.output/server/_libs/@tma.js/bridge+[...].mjs                                      69.29 kB │ gzip:  17.61 kB
.output/server/_ssr/order-ogtXvcbt.mjs                                             76.59 kB │ gzip:  12.53 kB
.output/server/_libs/better-auth-telegram.mjs                                      77.00 kB │ gzip:  18.63 kB
.output/server/_libs/tanstack__query-core.mjs                                      77.17 kB │ gzip:  16.16 kB
.output/server/_ssr/payment-configurations-CQrzCr0S.mjs                            78.18 kB │ gzip:  11.88 kB
.output/server/_ssr/users-DzDzFZCe.mjs                                             79.28 kB │ gzip:  13.49 kB
.output/server/_ssr/telegram-BMrdD7ou.mjs                                          80.76 kB │ gzip:  11.29 kB
.output/server/_libs/@tanstack/router-core+[...].mjs                               81.60 kB │ gzip:  20.65 kB
.output/server/_libs/better-auth+jose+zod.mjs                                      82.54 kB │ gzip:  19.01 kB
.output/server/_ssr/db.server-CAGPf0Xy.mjs                                         85.96 kB │ gzip:  14.00 kB
.output/server/_libs/fingerprintjs__fingerprintjs.mjs                              88.04 kB │ gzip:  28.19 kB
.output/server/_libs/tailwind-merge.mjs                                            88.15 kB │ gzip:  15.68 kB
.output/server/_ssr/table-CjxjFXYg.mjs                                             88.52 kB │ gzip:  17.65 kB
.output/server/_libs/@dnd-kit/core+[...].mjs                                       91.98 kB │ gzip:  20.62 kB
.output/server/_productId-gZEtvpMH.mjs                                             98.20 kB │ gzip:  15.82 kB
.output/server/_ssr/ip-check-MRaToo1h.mjs                                         100.37 kB │ gzip:  18.54 kB
.output/server/_ssr/admin-5VYcY6az.mjs                                            102.23 kB │ gzip:  17.05 kB
.output/server/_libs/date-fns.mjs                                                 106.73 kB │ gzip:  18.74 kB
.output/server/_libs/@tanstack/react-table+[...].mjs                              112.74 kB │ gzip:  21.71 kB
.output/server/_libs/@tanstack/form-core+[...].mjs                                112.76 kB │ gzip:  21.08 kB
.output/server/_libs/drizzle-orm.mjs                                              121.89 kB │ gzip:  24.86 kB
.output/server/_ssr/route-DPCQqU_w.mjs                                            126.03 kB │ gzip:  19.36 kB
.output/server/_libs/react-day-picker.mjs                                         136.86 kB │ gzip:  26.39 kB
.output/server/_ssr/ssr.mjs                                                       144.42 kB │ gzip:  39.12 kB
.output/server/_libs/gsap+gsap__react.mjs                                         155.58 kB │ gzip:  41.74 kB
.output/server/_ssr/account-sections-4jY26FUP.mjs                                 160.16 kB │ gzip:  23.54 kB
.output/server/index.mjs                                                          175.98 kB │ gzip:  39.40 kB
.output/server/_ssr/router-BV2f6DRa.mjs                                           211.89 kB │ gzip:  44.23 kB
.output/server/_ssr/product-editor-BAZ7NA6z.mjs                                   237.23 kB │ gzip:  36.97 kB
.output/server/_ssr/auth-BIfhgJpW.mjs                                             364.78 kB │ gzip:  82.17 kB
.output/server/_libs/@better-auth/kysely-adapter+[...].mjs                        502.76 kB │ gzip:  82.65 kB
.output/server/_libs/@tanstack/react-router+[...].mjs                             633.78 kB │ gzip: 134.01 kB
.output/server/_libs/@better-auth/core+[...].mjs                                  770.00 kB │ gzip: 144.96 kB
.output/server/_libs/grammy.mjs                                                   851.05 kB │ gzip: 166.94 kB

✓ built in 928ms
ℹ Generated .output/nitro.json

[nitro] ✔ You can preview this build using npx vite preview
