$ bun run scripts/build.ts
vite v8.1.4 building client environment for production...
✔ [paraglide-js] Compilation complete (message-modules)
[2Ktransforming...✓ 10778 modules transformed.
rendering chunks...
computing gzip size...
dist/client/.assetsignore                                                           0.02 kB
dist/client/assets/manrope-cyrillic-wght-normal-Dvxsihut.woff2                     14.50 kB
dist/client/assets/inter-cyrillic-wght-normal-DqGufNeO.woff2                       18.74 kB
dist/client/assets/noto-sans-cyrillic-wght-normal-B2hlT84T.woff2                   20.08 kB
dist/client/assets/nunito-cyrillic-wght-normal-CY6AOgYE.woff2                      20.77 kB
dist/client/assets/manrope-latin-wght-normal-DHIcAJRg.woff2                        24.83 kB
dist/client/assets/noto-sans-latin-wght-normal-BYSzYMf3.woff2                      35.82 kB
dist/client/assets/nunito-latin-wght-normal-BzFMHfZw.woff2                         39.12 kB
dist/client/assets/inter-latin-wght-normal-Dx4kXJAl.woff2                          48.25 kB
dist/client/assets/global-DXCS7m_q.css                                            184.40 kB │ gzip:  28.29 kB
dist/client/assets/root-DLTE-HSj.js                                                 0.03 kB │ gzip:   0.05 kB
dist/client/assets/secrets-CaZOdIyu.js                                              0.03 kB │ gzip:   0.04 kB
dist/client/assets/invariant-DEEwAagU.js                                            0.06 kB │ gzip:   0.08 kB
dist/client/assets/dist-C2J943E6.js                                                 0.06 kB │ gzip:   0.08 kB
dist/client/assets/404-DuEht0a_.js                                                  0.07 kB │ gzip:   0.08 kB
dist/client/assets/500-BvPAWgUW.js                                                  0.07 kB │ gzip:   0.08 kB
dist/client/assets/admin-C1neAHAg.js                                                0.07 kB │ gzip:   0.08 kB
dist/client/assets/products-ld1cPNr8.js                                             0.07 kB │ gzip:   0.08 kB
dist/client/assets/sessions-CE2x6HkM.js                                             0.08 kB │ gzip:   0.09 kB
dist/client/assets/locales-cC5rgzkn.js                                              0.08 kB │ gzip:   0.10 kB
dist/client/assets/modules-CLFITNz9.js                                              0.09 kB │ gzip:   0.10 kB
dist/client/assets/permission-bits-CU5-Tusd.js                                      0.09 kB │ gzip:   0.10 kB
dist/client/assets/useQuery-286pei6x.js                                             0.09 kB │ gzip:   0.11 kB
dist/client/assets/error-Cb6dKcR-.js                                                0.12 kB │ gzip:   0.11 kB
dist/client/assets/chevron-down-BJzlp1Wh.js                                         0.12 kB │ gzip:   0.14 kB
dist/client/assets/chevron-right-BUyiKwSY.js                                        0.13 kB │ gzip:   0.14 kB
dist/client/assets/common_new-ClStQAq1.js                                           0.13 kB │ gzip:   0.14 kB
dist/client/assets/audit_time-Dub_hJOn.js                                           0.14 kB │ gzip:   0.14 kB
dist/client/assets/common_edit-D22Y5fxB.js                                          0.14 kB │ gzip:   0.14 kB
dist/client/assets/common_name-CPZxNvUX.js                                          0.14 kB │ gzip:   0.14 kB
dist/client/assets/store_nav_shop-CXNB_eta.js                                       0.14 kB │ gzip:   0.14 kB
dist/client/assets/catalog_price_minor-DDGTuA1L.js                                  0.14 kB │ gzip:   0.14 kB
dist/client/assets/common_close-B0PxSOa4.js                                         0.14 kB │ gzip:   0.14 kB
dist/client/assets/common_email-CAKr0fG0.js                                         0.14 kB │ gzip:   0.14 kB
dist/client/assets/common_retry-C859FMZX.js                                         0.14 kB │ gzip:   0.14 kB
dist/client/assets/notifications_event-AJhnE7GY.js                                  0.14 kB │ gzip:   0.14 kB
dist/client/assets/shop_orders_order-BVGsGJU_.js                                    0.14 kB │ gzip:   0.14 kB
dist/client/assets/audit_export-BdVGahv_.js                                         0.14 kB │ gzip:   0.14 kB
dist/client/assets/common_cancel-BKupejjw.js                                        0.14 kB │ gzip:   0.15 kB
dist/client/assets/common_delete-CgfeM25S.js                                        0.14 kB │ gzip:   0.15 kB
dist/client/assets/common_search-CZhjzR9H.js                                        0.14 kB │ gzip:   0.15 kB
dist/client/assets/common_status-CvpEBOCX.js                                        0.14 kB │ gzip:   0.14 kB
dist/client/assets/status_failed-DoH_oG4t.js                                        0.14 kB │ gzip:   0.15 kB
dist/client/assets/auth_submit-BpSivQdz.js                                          0.14 kB │ gzip:   0.15 kB
dist/client/assets/common_actions-CMmtLIOs.js                                       0.14 kB │ gzip:   0.15 kB
dist/client/assets/common_enabled-D9wp4KXa.js                                       0.14 kB │ gzip:   0.15 kB
dist/client/assets/common_goback1-Dk6YNYJA.js                                       0.14 kB │ gzip:   0.15 kB
dist/client/assets/common_refresh-DOQmYtkw.js                                       0.14 kB │ gzip:   0.15 kB
dist/client/assets/public_sign_in-BpSivQdz.js                                       0.14 kB │ gzip:   0.15 kB
dist/client/assets/status_unknown-CcH1-Sj5.js                                       0.14 kB │ gzip:   0.15 kB
dist/client/assets/unit_minutes-D90-Avrb.js                                         0.14 kB │ gzip:   0.15 kB
dist/client/assets/common_password-CAixWlrB.js                                      0.14 kB │ gzip:   0.15 kB
dist/client/assets/coupons_value-Bfcea6b3.js                                        0.14 kB │ gzip:   0.15 kB
dist/client/assets/nav_products-DvnMuony.js                                         0.14 kB │ gzip:   0.15 kB
dist/client/assets/shop_orders_items-qv-H8ljr.js                                    0.14 kB │ gzip:   0.15 kB
dist/client/assets/nav_coupons-qD4ng57y.js                                          0.14 kB │ gzip:   0.15 kB
dist/client/assets/matchContext-CUYrRHah.js                                         0.14 kB │ gzip:   0.13 kB
dist/client/assets/shop_dashboard_title-BfWZsEG4.js                                 0.14 kB │ gzip:   0.15 kB
dist/client/assets/catalog_updated_at-DkNUJbiK.js                                   0.14 kB │ gzip:   0.15 kB
dist/client/assets/common_created-HwcKSC5n.js                                       0.14 kB │ gzip:   0.15 kB
dist/client/assets/shop_orders_created_at-HwcKSC5n.js                               0.14 kB │ gzip:   0.15 kB
dist/client/assets/catalog_recycle_bin-BS72oUa2.js                                  0.15 kB │ gzip:   0.15 kB
dist/client/assets/identity-email-DhYu0Cwa.js                                       0.15 kB │ gzip:   0.13 kB
dist/client/assets/common_last_error-j5KDjtVU.js                                    0.15 kB │ gzip:   0.16 kB
dist/client/assets/common_loading-B6vv9xqL.js                                       0.15 kB │ gzip:   0.15 kB
dist/client/assets/nav_audit_logs-CUMk_hlg.js                                       0.15 kB │ gzip:   0.16 kB
dist/client/assets/shop_orders_view-CP_IV3u9.js                                     0.15 kB │ gzip:   0.16 kB
dist/client/assets/store_cart_title-Ck5pjjKC.js                                     0.15 kB │ gzip:   0.16 kB
dist/client/assets/supplier_provider_gmshop_edge-DbXq6lwz.js                        0.15 kB │ gzip:   0.14 kB
dist/client/assets/plus-CMd7Lk4P.js                                                 0.15 kB │ gzip:   0.15 kB
dist/client/assets/store_order_total-BFmaoCke.js                                    0.15 kB │ gzip:   0.16 kB
dist/client/assets/catalog_product_edit-jiroiUi5.js                                 0.15 kB │ gzip:   0.16 kB
dist/client/assets/store_account_entitlements-CvAZhXSs.js                           0.15 kB │ gzip:   0.16 kB
dist/client/assets/store_nav_orders-Bgq6M352.js                                     0.15 kB │ gzip:   0.16 kB
dist/client/assets/x-CAYdopul.js                                                    0.15 kB │ gzip:   0.15 kB
dist/client/assets/notifications_deliveries-DBWTfG91.js                             0.15 kB │ gzip:   0.16 kB
dist/client/assets/settings_group_brand-Cdt0FvAe.js                                 0.15 kB │ gzip:   0.16 kB
dist/client/assets/notifications_email_channel-CSx7mCQV.js                          0.15 kB │ gzip:   0.16 kB
dist/client/assets/useRouter-CI6OKhyv.js                                            0.15 kB │ gzip:   0.14 kB
dist/client/assets/auth_back_to_sign_in-6P3ypK8s.js                                 0.15 kB │ gzip:   0.16 kB
dist/client/assets/delivery_center_title-BOp2s9c0.js                                0.15 kB │ gzip:   0.16 kB
dist/client/assets/nav_scheduled_tasks-TEahlxAr.js                                  0.15 kB │ gzip:   0.16 kB
dist/client/assets/notifications_email_templates-Cs1ivc5i.js                        0.15 kB │ gzip:   0.16 kB
dist/client/assets/supplier_orders_title-D959cqPc.js                                0.15 kB │ gzip:   0.16 kB
dist/client/assets/auth_confirm_password-C8klJgr5.js                                0.15 kB │ gzip:   0.16 kB
dist/client/assets/common_operation_failed-CJ38Pv6h.js                              0.15 kB │ gzip:   0.16 kB
dist/client/assets/nav_queue_monitoring-BisDpfQk.js                                 0.15 kB │ gzip:   0.16 kB
dist/client/assets/supplier_upstream_details-C7GWMUvu.js                            0.15 kB │ gzip:   0.16 kB
dist/client/assets/system_nav_orders-C8wVs8WS.js                                    0.15 kB │ gzip:   0.16 kB
dist/client/assets/auth_forgot_password-u8Rq7zxU.js                                 0.16 kB │ gzip:   0.17 kB
dist/client/assets/automation_center_title-CRWZZUKl.js                              0.16 kB │ gzip:   0.17 kB
dist/client/assets/supplier_accounts_title-Cwx-a6GC.js                              0.16 kB │ gzip:   0.17 kB
dist/client/assets/supplier_products_title-CJ_CWYPp.js                              0.16 kB │ gzip:   0.16 kB
dist/client/assets/nav_payment_channels-BQJGvkIO.js                                 0.16 kB │ gzip:   0.17 kB
dist/client/assets/arrow-left-BMqUnKt5.js                                           0.16 kB │ gzip:   0.16 kB
dist/client/assets/arrow-right-Cxc9E1vP.js                                          0.16 kB │ gzip:   0.16 kB
dist/client/assets/queries-CSCuFJB8.js                                              0.16 kB │ gzip:   0.15 kB
dist/client/assets/public-B0rdRP58.js                                               0.16 kB │ gzip:   0.16 kB
dist/client/assets/settings_supplier_api_enabled-B4Twj9Ll.js                        0.16 kB │ gzip:   0.17 kB
dist/client/assets/store_lookup_title-Cv--yK1G.js                                   0.16 kB │ gzip:   0.17 kB
dist/client/assets/settings_error_asset_too_large-B-dxHIpL.js                       0.17 kB │ gzip:   0.17 kB
dist/client/assets/aisou_inventory_title-DwLNuMO-.js                                0.17 kB │ gzip:   0.17 kB
dist/client/assets/search-uISrII_6.js                                               0.17 kB │ gzip:   0.16 kB
dist/client/assets/store_checkout_failed-BOyH1ni-.js                                0.17 kB │ gzip:   0.18 kB
dist/client/assets/redeem_warehouse_title-CDRiLQia.js                               0.17 kB │ gzip:   0.18 kB
dist/client/assets/queries-BF6gfMEM.js                                              0.18 kB │ gzip:   0.17 kB
dist/client/assets/account_change_password_old_password_required-beULWEPW.js        0.18 kB │ gzip:   0.19 kB
dist/client/assets/auth_error_invalid_credentials-An9QWFOL.js                       0.18 kB │ gzip:   0.19 kB
dist/client/assets/play-BKsq35Kc.js                                                 0.19 kB │ gzip:   0.17 kB
dist/client/assets/catalog_operation_failed-CtlFwDGA.js                             0.19 kB │ gzip:   0.20 kB
dist/client/assets/credit-card-C-NjXU5y.js                                          0.20 kB │ gzip:   0.18 kB
dist/client/assets/runtime-config-DGLHprOB.js                                       0.21 kB │ gzip:   0.21 kB
dist/client/assets/web_support_failed-BDbfq0z1.js                                   0.21 kB │ gzip:   0.22 kB
dist/client/assets/mail-BZl2IhPc.js                                                 0.21 kB │ gzip:   0.20 kB
dist/client/assets/settings_secret_configured-DhovFdGp.js                           0.21 kB │ gzip:   0.22 kB
dist/client/assets/useSearch-Cd2uGTUP.js                                            0.21 kB │ gzip:   0.16 kB
dist/client/assets/app_title_description-0HrZeaA4.js                                0.22 kB │ gzip:   0.22 kB
dist/client/assets/log-in-DlvIETzY.js                                               0.23 kB │ gzip:   0.18 kB
dist/client/assets/download-DH7HkAC_.js                                             0.23 kB │ gzip:   0.19 kB
dist/client/assets/useNavigate-BNSk8jdM.js                                          0.23 kB │ gzip:   0.20 kB
dist/client/assets/wallet_balance-CCDThH7I.js                                       0.23 kB │ gzip:   0.19 kB
dist/client/assets/activity-DrMNApdo.js                                             0.23 kB │ gzip:   0.19 kB
dist/client/assets/copy-BXROj_60.js                                                 0.23 kB │ gzip:   0.20 kB
dist/client/assets/status_running-CwXtyaem.js                                       0.23 kB │ gzip:   0.20 kB
dist/client/assets/supplier_status_unavailable-EpL6-iQY.js                          0.23 kB │ gzip:   0.20 kB
dist/client/assets/supplier_api_secret-C2c0fosC.js                                  0.24 kB │ gzip:   0.17 kB
dist/client/assets/shop_orders_timeline-Cg_4izU2.js                                 0.24 kB │ gzip:   0.20 kB
dist/client/assets/store_continue_shopping-_TduOjms.js                              0.24 kB │ gzip:   0.21 kB
dist/client/assets/store_find_order-CodPpxm2.js                                     0.24 kB │ gzip:   0.20 kB
dist/client/assets/external-link-D7PFFfZ1.js                                        0.25 kB │ gzip:   0.19 kB
dist/client/assets/catalog_currency_decimals-2D-9tAmR.js                            0.25 kB │ gzip:   0.21 kB
dist/client/assets/settings-2-BDoFxFkI.js                                           0.25 kB │ gzip:   0.19 kB
dist/client/assets/catalog_editor_title-BAFeWy2k.js                                 0.25 kB │ gzip:   0.22 kB
dist/client/assets/route-B3YEqG6m.js                                                0.25 kB │ gzip:   0.21 kB
dist/client/assets/route-CHFddVjM.js                                                0.25 kB │ gzip:   0.21 kB
dist/client/assets/settings_save_changes-G9eTR_SQ.js                                0.25 kB │ gzip:   0.22 kB
dist/client/assets/access_permission_bits-CpUoLyGl.js                               0.26 kB │ gzip:   0.21 kB
dist/client/assets/automation_center_open_run-CSfqf4NP.js                           0.26 kB │ gzip:   0.22 kB
dist/client/assets/dist-DImBFj99.js                                                 0.26 kB │ gzip:   0.19 kB
dist/client/assets/zap-BP94JZ6C.js                                                  0.26 kB │ gzip:   0.20 kB
dist/client/assets/access-BIUSbLEb.js                                               0.26 kB │ gzip:   0.22 kB
dist/client/assets/orders-C8xJ8lme.js                                               0.26 kB │ gzip:   0.22 kB
dist/client/assets/secrets-13veXD-s.js                                              0.26 kB │ gzip:   0.22 kB
dist/client/assets/store_account_notifications-DxBxuPbC.js                          0.26 kB │ gzip:   0.22 kB
dist/client/assets/trash-Bnrxs-GG.js                                                0.26 kB │ gzip:   0.22 kB
dist/client/assets/commerce-0yLGlINj.js                                             0.26 kB │ gzip:   0.22 kB
dist/client/assets/triangle-alert-MA178lxg.js                                       0.26 kB │ gzip:   0.21 kB
dist/client/assets/retention-B6qpG7Kh.js                                            0.26 kB │ gzip:   0.22 kB
dist/client/assets/access_description-C6dY8Ocg.js                                   0.26 kB │ gzip:   0.26 kB
dist/client/assets/operations-CyRYiB2l.js                                           0.26 kB │ gzip:   0.22 kB
dist/client/assets/fulfillment-CPswMq7a.js                                          0.26 kB │ gzip:   0.22 kB
dist/client/assets/catalog-BFZd7Rru.js                                              0.27 kB │ gzip:   0.22 kB
dist/client/assets/pencil-xOu9yoBy.js                                               0.27 kB │ gzip:   0.22 kB
dist/client/assets/settings_site_logo_title-6VYvCgzY.js                             0.28 kB │ gzip:   0.24 kB
dist/client/assets/auth_password_required-CLNgNjSN.js                               0.28 kB │ gzip:   0.22 kB
dist/client/assets/send-BUA932KR.js                                                 0.29 kB │ gzip:   0.23 kB
dist/client/assets/wallet-cards-DmXxpywS.js                                         0.29 kB │ gzip:   0.23 kB
dist/client/assets/laptop-zYH_EKib.js                                               0.30 kB │ gzip:   0.23 kB
dist/client/assets/settings_site_logo_square-Bo76UYz6.js                            0.30 kB │ gzip:   0.26 kB
dist/client/assets/users-JwEvKqmA.js                                                0.30 kB │ gzip:   0.22 kB
dist/client/assets/user-plus-BoHoxXj6.js                                            0.31 kB │ gzip:   0.23 kB
dist/client/assets/ClientOnly-Q-022Zvg.js                                           0.31 kB │ gzip:   0.22 kB
dist/client/assets/infrastructure_health_unknown-DmO-y63Y.js                        0.31 kB │ gzip:   0.22 kB
dist/client/assets/shield-check-CGjX5s42.js                                         0.32 kB │ gzip:   0.24 kB
dist/client/assets/new-fno26iJa.js                                                  0.32 kB │ gzip:   0.25 kB
dist/client/assets/notifications-Dxmnctrj.js                                        0.32 kB │ gzip:   0.24 kB
dist/client/assets/orders-B170PGzo.js                                               0.32 kB │ gzip:   0.24 kB
dist/client/assets/settings-CYNUmOtK.js                                             0.32 kB │ gzip:   0.25 kB
dist/client/assets/save-BZRHCETS.js                                                 0.32 kB │ gzip:   0.22 kB
dist/client/assets/account-CFUBwSDH.js                                              0.32 kB │ gzip:   0.25 kB
dist/client/assets/entitlements-5bBmbCO6.js                                         0.32 kB │ gzip:   0.25 kB
dist/client/assets/trash-2-CfTQRCiD.js                                              0.32 kB │ gzip:   0.21 kB
dist/client/assets/edit-CMzK4rH9.js                                                 0.32 kB │ gzip:   0.24 kB
dist/client/assets/exchange_rates_sync_now-CjOLP1Yn.js                              0.34 kB │ gzip:   0.24 kB
dist/client/assets/store_account_settings-D8HPjyDi.js                               0.34 kB │ gzip:   0.25 kB
dist/client/assets/key-round-Cu2YWcza.js                                            0.35 kB │ gzip:   0.25 kB
dist/client/assets/_orderNumber-DHESohZZ.js                                         0.38 kB │ gzip:   0.28 kB
dist/client/assets/scan-search-sXirHdC0.js                                          0.38 kB │ gzip:   0.25 kB
dist/client/assets/site-brand-provider-BpcVTk-5.js                                  0.39 kB │ gzip:   0.28 kB
dist/client/assets/earth-BjgNB3L5.js                                                0.39 kB │ gzip:   0.26 kB
dist/client/assets/commerce-events-Dz_hF5by.js                                      0.39 kB │ gzip:   0.27 kB
dist/client/assets/hammer-BhzJ9jqz.js                                               0.39 kB │ gzip:   0.27 kB
dist/client/assets/bell-ring-Degbtbof.js                                            0.39 kB │ gzip:   0.27 kB
dist/client/assets/store_sign_in_to_purchase-asLn_WDA.js                            0.39 kB │ gzip:   0.32 kB
dist/client/assets/money-input-CFkPLYTG.js                                          0.40 kB │ gzip:   0.28 kB
dist/client/assets/supplier_status_available-DemhAbF2.js                            0.41 kB │ gzip:   0.26 kB
dist/client/assets/functions-BAGYlXyb.js                                            0.42 kB │ gzip:   0.34 kB
dist/client/assets/status_dispatching-EFE0lQ1x.js                                   0.42 kB │ gzip:   0.27 kB
dist/client/assets/dist-CMTOSaT8.js                                                 0.43 kB │ gzip:   0.32 kB
dist/client/assets/skeleton-ltNLC2v6.js                                             0.43 kB │ gzip:   0.32 kB
dist/client/assets/inventory_revealed_title-DKUV44Ex.js                             0.46 kB │ gzip:   0.27 kB
dist/client/assets/product-quantity-Bb3fWBxN.js                                     0.47 kB │ gzip:   0.33 kB
dist/client/assets/route-CN7thRt9.js                                                0.47 kB │ gzip:   0.32 kB
dist/client/assets/catalog_preview-C9xVju7_.js                                      0.48 kB │ gzip:   0.32 kB
dist/client/assets/settings-BhYdS3cF.js                                             0.48 kB │ gzip:   0.25 kB
dist/client/assets/_orderNumber-DD8lTqLW.js                                         0.50 kB │ gzip:   0.34 kB
dist/client/assets/payment-url-CXKa2fVG.js                                          0.52 kB │ gzip:   0.37 kB
dist/client/assets/codeowners-C8r90Shi.js                                           0.54 kB │ gzip:   0.31 kB
dist/client/assets/package-open-DPyll6Rr.js                                         0.57 kB │ gzip:   0.33 kB
dist/client/assets/admin-BoJ1Aw8I.js                                                0.59 kB │ gzip:   0.36 kB
dist/client/assets/dist-DUxldJAc.js                                                 0.60 kB │ gzip:   0.41 kB
dist/client/assets/queries-CT1z_bgO.js                                              0.61 kB │ gzip:   0.41 kB
dist/client/assets/route-DJ5P87p6.js                                                0.63 kB │ gzip:   0.47 kB
dist/client/assets/wand-sparkles-DC5UzxSp.js                                        0.64 kB │ gzip:   0.39 kB
dist/client/assets/route-DjJbh2X5.js                                                0.65 kB │ gzip:   0.49 kB
dist/client/assets/receipt-text-kd87u0lO.js                                         0.66 kB │ gzip:   0.28 kB
dist/client/assets/nav_automation-jstxZIOl.js                                       0.67 kB │ gzip:   0.38 kB
dist/client/assets/auth-animation-context-Bjoq7qa4.js                               0.67 kB │ gzip:   0.42 kB
dist/client/assets/dist-B8Bwtm3R.js                                                 0.68 kB │ gzip:   0.44 kB
dist/client/assets/route-BHh2xkQT.js                                                0.68 kB │ gzip:   0.51 kB
dist/client/assets/route-BJ7bToor.js                                                0.68 kB │ gzip:   0.51 kB
dist/client/assets/useMatch-DVWb9AeW.js                                             0.70 kB │ gzip:   0.42 kB
dist/client/assets/shellsession-YZTtBkVt.js                                         0.71 kB │ gzip:   0.43 kB
dist/client/assets/inventory-secrets-ETGEtuJ8.js                                    0.72 kB │ gzip:   0.49 kB
dist/client/assets/tsv-sltzmVWM.js                                                  0.73 kB │ gzip:   0.33 kB
dist/client/assets/error-message-DQAedSe2.js                                        0.74 kB │ gzip:   0.48 kB
dist/client/assets/account-navigation-CmMRq806.js                                   0.77 kB │ gzip:   0.34 kB
dist/client/assets/package-search-C2qSUmGa.js                                       0.77 kB │ gzip:   0.41 kB
dist/client/assets/settings_group_commerce-Bhb2B1v8.js                              0.78 kB │ gzip:   0.44 kB
dist/client/assets/order-access-storage-DIClRQ_g.js                                 0.83 kB │ gzip:   0.45 kB
dist/client/assets/lazyRouteComponent-BJB0P1Vm.js                                   0.83 kB │ gzip:   0.51 kB
dist/client/assets/html-derivative-8aJF9uu2.js                                      0.84 kB │ gzip:   0.46 kB
dist/client/assets/store_account_notification_entitlement_expiring-BSv3B2Dr.js      0.84 kB │ gzip:   0.46 kB
dist/client/assets/boxes-DdD2Q5k5.js                                                0.85 kB │ gzip:   0.39 kB
dist/client/assets/provider-admin-CprVdCA_.js                                       0.89 kB │ gzip:   0.49 kB
dist/client/assets/admin-mVNkhaYe.js                                                0.89 kB │ gzip:   0.48 kB
dist/client/assets/functions-CxS72MVX.js                                            0.90 kB │ gzip:   0.49 kB
dist/client/assets/label-puYSaAPS.js                                                0.90 kB │ gzip:   0.57 kB
dist/client/assets/labels-CJ_f9yNq.js                                               0.95 kB │ gzip:   0.49 kB
dist/client/assets/git-rebase-uxAYxPap.js                                           0.98 kB │ gzip:   0.44 kB
dist/client/assets/qmldir-DCQb3MpD.js                                               0.99 kB │ gzip:   0.44 kB
dist/client/assets/redirect-Coy-z-9D.js                                             1.00 kB │ gzip:   0.54 kB
dist/client/assets/labels-DgYWvxAw.js                                               1.02 kB │ gzip:   0.47 kB
dist/client/assets/account-functions-DYmab3he.js                                    1.02 kB │ gzip:   0.54 kB
dist/client/assets/input-BoixIu3A.js                                                1.07 kB │ gzip:   0.61 kB
dist/client/assets/nav_user_management-CUUsj5R4.js                                  1.11 kB │ gzip:   0.63 kB
dist/client/assets/separator-DMefZTjB.js                                            1.12 kB │ gzip:   0.62 kB
dist/client/assets/csv-Dx-8-gkx.js                                                  1.13 kB │ gzip:   0.36 kB
dist/client/assets/admin-DJSsscSs.js                                                1.15 kB │ gzip:   0.73 kB
dist/client/assets/quick-settings-D3xvmh9w.js                                       1.17 kB │ gzip:   0.64 kB
dist/client/assets/preload-helper-Czpn1I53.js                                       1.19 kB │ gzip:   0.67 kB
dist/client/assets/git-commit-BSykSTBG.js                                           1.22 kB │ gzip:   0.52 kB
dist/client/assets/collapsible-BhR9uUkV.js                                          1.24 kB │ gzip:   0.64 kB
dist/client/assets/503-DoagJlrQ.js                                                  1.33 kB │ gzip:   0.87 kB
dist/client/assets/dist-CZjnrSub.js                                                 1.35 kB │ gzip:   0.67 kB
dist/client/assets/xsl-JOkk8fO8.js                                                  1.36 kB │ gzip:   0.50 kB
dist/client/assets/createLucideIcon-AB4mrkg5.js                                     1.39 kB │ gzip:   0.78 kB
dist/client/assets/dotenv-_5a1GRtc.js                                               1.41 kB │ gzip:   0.52 kB
dist/client/assets/seo-DJhes-j7.js                                                  1.44 kB │ gzip:   0.81 kB
dist/client/assets/switch-VJxD_SEM.js                                               1.45 kB │ gzip:   0.75 kB
dist/client/assets/sparql-D_iOobhT.js                                               1.47 kB │ gzip:   0.81 kB
dist/client/assets/labels-Brq1TR4v.js                                               1.48 kB │ gzip:   0.75 kB
dist/client/assets/ini-B5eOa1yu.js                                                  1.51 kB │ gzip:   0.49 kB
dist/client/assets/cart-storage-DDVAuPQY.js                                         1.54 kB │ gzip:   0.80 kB
dist/client/assets/webhook-url-CG6a3JgM.js                                          1.61 kB │ gzip:   0.84 kB
dist/client/assets/with-selector-DAUd0wMs.js                                        1.63 kB │ gzip:   0.72 kB
dist/client/assets/badge-coUC2qNO.js                                                1.64 kB │ gzip:   0.82 kB
dist/client/assets/fortran-fixed-form-DEKoE2YW.js                                   1.66 kB │ gzip:   0.68 kB
dist/client/assets/401-D8nXgtzv.js                                                  1.67 kB │ gzip:   0.98 kB
dist/client/assets/sign-out-dialog-CkSDi1me.js                                      1.70 kB │ gzip:   1.03 kB
dist/client/assets/card-D1EpUkNp.js                                                 1.71 kB │ gzip:   0.52 kB
dist/client/assets/docker-IyjqRm3v.js                                               1.73 kB │ gzip:   0.59 kB
dist/client/assets/schema-zuTZLPX2.js                                               1.73 kB │ gzip:   0.83 kB
dist/client/assets/hxml-B0Qn7Nwc.js                                                 1.74 kB │ gzip:   0.87 kB
dist/client/assets/format-C8GBSrRA.js                                               1.76 kB │ gzip:   0.70 kB
dist/client/assets/desktop-Dlh5hvp9.js                                              1.82 kB │ gzip:   0.75 kB
dist/client/assets/admin-DUiW4IeD.js                                                1.94 kB │ gzip:   1.10 kB
dist/client/assets/cart-CstqP9D_.js                                                 1.99 kB │ gzip:   1.18 kB
dist/client/assets/403-EekIMcsX.js                                                  1.99 kB │ gzip:   1.19 kB
dist/client/assets/error-label-lNdGsMxv.js                                          2.05 kB │ gzip:   0.84 kB
dist/client/assets/admin-CL8FI0G4.js                                                2.08 kB │ gzip:   0.97 kB
dist/client/assets/erb-DICYAnc4.js                                                  2.13 kB │ gzip:   0.62 kB
dist/client/assets/wenyan-C8pVoKbM.js                                               2.15 kB │ gzip:   1.08 kB
dist/client/assets/schema-AYSfgr5T.js                                               2.16 kB │ gzip:   0.88 kB
dist/client/assets/button-Pm3gpOcI.js                                               2.19 kB │ gzip:   1.01 kB
dist/client/assets/jssm-DXw9l8Rf.js                                                 2.23 kB │ gzip:   0.61 kB
dist/client/assets/useMutation-CbFq6X1u.js                                          2.30 kB │ gzip:   0.96 kB
dist/client/assets/dist-DfGR6ss4.js                                                 2.30 kB │ gzip:   1.01 kB
dist/client/assets/edge-n3ju34iz.js                                                 2.30 kB │ gzip:   0.68 kB
dist/client/assets/reg-CRGYupPL.js                                                  2.33 kB │ gzip:   0.69 kB
dist/client/assets/popover-oKmMM9Tc.js                                              2.45 kB │ gzip:   1.13 kB
dist/client/assets/configuration-logo-field-Ss7I7gii.js                             2.48 kB │ gzip:   1.34 kB
dist/client/assets/diff-woXpYk--.js                                                 2.56 kB │ gzip:   0.68 kB
dist/client/assets/error-page-BOjcM5oQ.js                                           2.56 kB │ gzip:   1.30 kB
dist/client/assets/gleam-CSRkHgEL.js                                                2.57 kB │ gzip:   0.81 kB
dist/client/assets/hy-CZbG8q4J.js                                                   2.64 kB │ gzip:   1.17 kB
dist/client/assets/runtime-CosDjJ_k.js                                              2.70 kB │ gzip:   1.27 kB
dist/client/assets/openscad-BUDT5pXO.js                                             2.81 kB │ gzip:   1.00 kB
dist/client/assets/log-BNLmms1o.js                                                  2.84 kB │ gzip:   0.89 kB
dist/client/assets/change-password-dialog-Dyh25YCx.js                               2.84 kB │ gzip:   1.29 kB
dist/client/assets/json-C3xIMxic.js                                                 2.89 kB │ gzip:   0.82 kB
dist/client/assets/route-DQ8tAVmv.js                                                2.89 kB │ gzip:   1.35 kB
dist/client/assets/cairo-DLTphjLi.js                                                2.93 kB │ gzip:   0.80 kB
dist/client/assets/berry-DKpUyyne.js                                                2.99 kB │ gzip:   0.80 kB
dist/client/assets/jsonl-CmCQp5Yx.js                                                3.00 kB │ gzip:   0.78 kB
dist/client/assets/dist-CWviTZkb.js                                                 3.09 kB │ gzip:   1.39 kB
dist/client/assets/jsonc-CYpm1nAK.js                                                3.10 kB │ gzip:   0.78 kB
dist/client/assets/logo-Cluzi2Zq.js                                                 3.12 kB │ gzip:   1.46 kB
dist/client/assets/verify-email-sent-DfY87Jiv.js                                    3.14 kB │ gzip:   1.65 kB
dist/client/assets/error-message-BajpROHZ.js                                        3.18 kB │ gzip:   1.48 kB
dist/client/assets/po-BiJDBrnU.js                                                   3.23 kB │ gzip:   0.90 kB
dist/client/assets/json5-BR5RXkoi.js                                                3.24 kB │ gzip:   0.82 kB
dist/client/assets/mipsasm-BMqwQI7S.js                                              3.25 kB │ gzip:   1.17 kB
dist/client/assets/tasl-DMoTqEGO.js                                                 3.28 kB │ gzip:   0.84 kB
dist/client/assets/genie-CV2tkWYe.js                                                3.34 kB │ gzip:   1.20 kB
dist/client/assets/rel-BtDbiS_P.js                                                  3.36 kB │ gzip:   1.10 kB
dist/client/assets/vala-zf12oZj6.js                                                 3.36 kB │ gzip:   1.18 kB
dist/client/assets/sales-breakdown-chart-B3pSFWOU.js                                3.37 kB │ gzip:   1.66 kB
dist/client/assets/mutation-BR_UFv1l.js                                             3.38 kB │ gzip:   1.13 kB
dist/client/assets/splunk-BC2Px7Mm.js                                               3.42 kB │ gzip:   1.51 kB
dist/client/assets/status-badge-C4HmsoPX.js                                         3.48 kB │ gzip:   1.43 kB
dist/client/assets/hurl-02FLDRMn.js                                                 3.51 kB │ gzip:   1.09 kB
dist/client/assets/react-dom-CgPkdcCv.js                                            3.55 kB │ gzip:   1.34 kB
dist/client/assets/fluent-C03EYrpw.js                                               3.60 kB │ gzip:   0.89 kB
dist/client/assets/ssh-config-BgfXC-Er.js                                           3.61 kB │ gzip:   1.59 kB
dist/client/assets/jsonnet-CJTPZ8u_.js                                              3.61 kB │ gzip:   1.03 kB
dist/client/assets/kdl-CsD5j6eV.js                                                  3.62 kB │ gzip:   1.03 kB
dist/client/assets/currency-context-B9hZ5Mpt.js                                     3.62 kB │ gzip:   1.73 kB
dist/client/assets/narrat-_X_XdTYD.js                                               3.66 kB │ gzip:   1.09 kB
dist/client/assets/dropdown-menu-CVXVxWL5.js                                        3.67 kB │ gzip:   1.36 kB
dist/client/assets/turtle-ByJddavk.js                                               3.69 kB │ gzip:   0.96 kB
dist/client/assets/editor-CFVP5THw.js                                               3.69 kB │ gzip:   1.99 kB
dist/client/assets/glsl-B3sTfZ7W.js                                                 3.69 kB │ gzip:   1.46 kB
dist/client/assets/admin-permission-registry-DqF_gFHL.js                            3.81 kB │ gzip:   1.37 kB
dist/client/assets/dist-bi0-MXA_.js                                                 3.86 kB │ gzip:   1.69 kB
dist/client/assets/zenscript-BnlCZFoB.js                                            3.90 kB │ gzip:   1.28 kB
dist/client/assets/ron-VUp2lXgN.js                                                  3.90 kB │ gzip:   0.97 kB
dist/client/assets/useStore-DntaNUIi.js                                             3.91 kB │ gzip:   1.77 kB
dist/client/assets/gn-ilITqXS6.js                                                   3.99 kB │ gzip:   1.47 kB
dist/client/assets/audit-logs-C0OH8Ky8.js                                           4.12 kB │ gzip:   1.85 kB
dist/client/assets/pascal-4ZHwLPI5.js                                               4.14 kB │ gzip:   1.67 kB
dist/client/assets/theme-provider-TixQL8lO.js                                       4.23 kB │ gzip:   1.80 kB
dist/client/assets/records-BvoIrEZF.js                                              4.24 kB │ gzip:   1.94 kB
dist/client/assets/dist-BvDfdZVq.js                                                 4.31 kB │ gzip:   1.58 kB
dist/client/assets/dialog-BDYyRriQ.js                                               4.32 kB │ gzip:   1.53 kB
dist/client/assets/route-DAJqFNku.js                                                4.33 kB │ gzip:   1.27 kB
dist/client/assets/module-navigation-DkRkEzkV.js                                    4.34 kB │ gzip:   2.07 kB
dist/client/assets/local-checks-BgmZItD7.js                                         4.35 kB │ gzip:   2.41 kB
dist/client/assets/http-BWIlnkR1.js                                                 4.41 kB │ gzip:   1.06 kB
dist/client/assets/tcl-CZd0xW_V.js                                                  4.42 kB │ gzip:   1.50 kB
dist/client/assets/manual-refund-confirmation-modal-BXmVRLNH.js                     4.47 kB │ gzip:   2.32 kB
dist/client/assets/link-v1L2B9WN.js                                                 4.49 kB │ gzip:   2.20 kB
dist/client/assets/nextflow-BJtWHP5T.js                                             4.50 kB │ gzip:   1.16 kB
dist/client/assets/rosmsg-CAekHB0j.js                                               4.51 kB │ gzip:   1.05 kB
dist/client/assets/polar-C7UOKdEL.js                                                4.66 kB │ gzip:   1.12 kB
dist/client/assets/sdbl-bTVj8UrX.js                                                 4.69 kB │ gzip:   2.00 kB
dist/client/assets/fennel-DQxkIbk2.js                                               4.76 kB │ gzip:   1.53 kB
dist/client/assets/bibtex-Ci_nEsc7.js                                               4.78 kB │ gzip:   0.83 kB
dist/client/assets/dist-BnbRmIHH.js                                                 4.80 kB │ gzip:   1.72 kB
dist/client/assets/llvm-Cm23YOpf.js                                                 5.04 kB │ gzip:   2.01 kB
dist/client/assets/delivery-reveal-content-B2hxHdyA.js                              5.10 kB │ gzip:   2.43 kB
dist/client/assets/wgsl-BsKzXJz4.js                                                 5.13 kB │ gzip:   1.38 kB
dist/client/assets/gdresource-C0sCabJj.js                                           5.28 kB │ gzip:   1.33 kB
dist/client/assets/orders-BHxQVdTm.js                                               5.29 kB │ gzip:   2.53 kB
dist/client/assets/zig-CMLA9XwU.js                                                  5.33 kB │ gzip:   1.55 kB
dist/client/assets/qml-CNGaBm0x.js                                                  5.33 kB │ gzip:   1.38 kB
dist/client/assets/product-card-CMuCSFXk.js                                         5.34 kB │ gzip:   1.95 kB
dist/client/assets/dax-BkyTk9wS.js                                                  5.35 kB │ gzip:   2.21 kB
dist/client/assets/useSelector-B95MKEdE.js                                          5.36 kB │ gzip:   1.95 kB
dist/client/assets/bicep-CUHmPFLl.js                                                5.37 kB │ gzip:   1.14 kB
dist/client/assets/queues-B_X9L2iw.js                                               5.42 kB │ gzip:   2.42 kB
dist/client/assets/xml-ByvOEZWv.js                                                  5.44 kB │ gzip:   1.24 kB
dist/client/assets/awk-BWXHIvNe.js                                                  5.45 kB │ gzip:   1.37 kB
dist/client/assets/upload-Be9gYFHw.js                                               5.45 kB │ gzip:   2.72 kB
dist/client/assets/accordion-BELEyWsc.js                                            5.51 kB │ gzip:   2.23 kB
dist/client/assets/coq-BrsZFFmf.js                                                  5.54 kB │ gzip:   1.91 kB
dist/client/assets/jinja-BFHOQCQd.js                                                5.62 kB │ gzip:   1.36 kB
dist/client/assets/lean-CewbzKMR.js                                                 5.77 kB │ gzip:   1.91 kB
dist/client/assets/templates-BwjaD9kn.js                                            5.78 kB │ gzip:   2.73 kB
dist/client/assets/select-D5aeI_Qy.js                                               5.79 kB │ gzip:   2.14 kB
dist/client/assets/moonbit-CaWjb8XO.js                                              5.89 kB │ gzip:   1.67 kB
dist/client/assets/powerquery-DNMTfnFr.js                                           5.89 kB │ gzip:   1.51 kB
dist/client/assets/shaderlab-TOUzSsQk.js                                            5.91 kB │ gzip:   2.08 kB
dist/client/assets/verilog-CiiDBU1e.js                                              5.92 kB │ gzip:   1.89 kB
dist/client/assets/cypher-ClKdZ_lG.js                                               5.94 kB │ gzip:   1.71 kB
dist/client/assets/vb-Djn5o6TS.js                                                   6.08 kB │ gzip:   2.33 kB
dist/client/assets/automation-c5LnrySG.js                                           6.14 kB │ gzip:   2.70 kB
dist/client/assets/forgot-password-_zV-r1wG.js                                      6.21 kB │ gzip:   2.67 kB
dist/client/assets/red-CJ3rzSJv.js                                                  6.25 kB │ gzip:   1.59 kB
dist/client/assets/min-dark-BSWPekZh.js                                             6.28 kB │ gzip:   1.70 kB
dist/client/assets/gdshader-CBce3t8t.js                                             6.31 kB │ gzip:   1.72 kB
dist/client/assets/prisma-BsRQq5mF.js                                               6.32 kB │ gzip:   1.38 kB
dist/client/assets/ara-4CJ0cIlV.js                                                  6.35 kB │ gzip:   1.80 kB
dist/client/assets/clojure-DqKBuwfJ.js                                              6.40 kB │ gzip:   1.41 kB
dist/client/assets/postcss-BXeXVLqQ.js                                              6.41 kB │ gzip:   1.90 kB
dist/client/assets/toml-CcmNWLt0.js                                                 6.41 kB │ gzip:   1.28 kB
dist/client/assets/solarized-light-DSh2HLQt.js                                      6.47 kB │ gzip:   1.71 kB
dist/client/assets/supplier-api-BFrJ5QY5.js                                         6.49 kB │ gzip:   3.12 kB
dist/client/assets/proto-DB4EqR-F.js                                                6.54 kB │ gzip:   1.41 kB
dist/client/assets/smalltalk-B16xEiuN.js                                            6.58 kB │ gzip:   1.61 kB
dist/client/assets/r-BQjpMKbP.js                                                    6.60 kB │ gzip:   1.83 kB
dist/client/assets/talonscript-CohzipZa.js                                          6.75 kB │ gzip:   1.48 kB
dist/client/assets/solarized-dark-DV17i1UV.js                                       6.84 kB │ gzip:   1.78 kB
dist/client/assets/riscv-Ckw8ddFX.js                                                6.90 kB │ gzip:   1.97 kB
dist/client/assets/register-U82NMc-T.js                                             6.92 kB │ gzip:   2.92 kB
dist/client/assets/soy-C1iNcKG6.js                                                  6.92 kB │ gzip:   1.62 kB
dist/client/assets/min-light-DDpmG2fV.js                                            6.96 kB │ gzip:   1.88 kB
dist/client/assets/scheme-DQCgrYNe.js                                               7.16 kB │ gzip:   2.04 kB
dist/client/assets/hlsl-Cvrh5tZx.js                                                 7.25 kB │ gzip:   2.18 kB
dist/client/assets/qss-Fe1Jh2GI.js                                                  7.46 kB │ gzip:   2.57 kB
dist/client/assets/status-BP1pWvn_.js                                               7.62 kB │ gzip:   3.26 kB
dist/client/assets/delivery-BN28753Y.js                                             7.69 kB │ gzip:   3.43 kB
dist/client/assets/QueryClientProvider-C0peNFIP.js                                  7.75 kB │ gzip:   3.05 kB
dist/client/assets/systemd-BxMlprV5.js                                              7.86 kB │ gzip:   2.54 kB
dist/client/assets/monokai-CdkpiU2Y.js                                              7.88 kB │ gzip:   1.90 kB
dist/client/assets/confirm-dialog-CP4MEa2u.js                                       7.88 kB │ gzip:   2.66 kB
dist/client/assets/regexp-DU6XB3qH.js                                               8.05 kB │ gzip:   1.47 kB
dist/client/assets/haml-ZCm1T5Q_.js                                                 8.33 kB │ gzip:   1.86 kB
dist/client/assets/typst-DI99ib-x.js                                                8.38 kB │ gzip:   1.66 kB
dist/client/assets/invoice-A53_GVBn.js                                              8.46 kB │ gzip:   3.60 kB
dist/client/assets/vue-html-48484HYb.js                                             8.47 kB │ gzip:   1.68 kB
dist/client/assets/plsql-DGHpHOYJ.js                                                8.50 kB │ gzip:   2.99 kB
dist/client/assets/sign-in-CjpWHKEk.js                                              8.51 kB │ gzip:   3.18 kB
dist/client/assets/scheduled-gjywRmS6.js                                            8.55 kB │ gzip:   3.59 kB
dist/client/assets/dart-CnvKMtbv.js                                                 8.61 kB │ gzip:   1.99 kB
dist/client/assets/compiler-runtime--XPNi5ZU.js                                     8.70 kB │ gzip:   3.29 kB
dist/client/assets/products-6u1F2vb1.js                                             8.76 kB │ gzip:   3.38 kB
dist/client/assets/horizon-CE9ld1lL.js                                              8.77 kB │ gzip:   1.94 kB
dist/client/assets/kotlin-DhhofPvG.js                                               8.77 kB │ gzip:   2.12 kB
dist/client/assets/horizon-bright-DSNQnXHK.js                                       8.78 kB │ gzip:   1.96 kB
dist/client/assets/make-Dixweg8N.js                                                 8.95 kB │ gzip:   1.76 kB
dist/client/assets/andromeeda-vGVdxbeo.js                                           9.01 kB │ gzip:   2.35 kB
dist/client/assets/sas-B4z1iWEc.js                                                  9.06 kB │ gzip:   3.81 kB
dist/client/assets/dark-plus-Cs2F2srj.js                                            9.09 kB │ gzip:   2.10 kB
dist/client/assets/slack-dark-DnToyrRv.js                                           9.11 kB │ gzip:   1.96 kB
dist/client/assets/sass-DXrisJhu.js                                                 9.28 kB │ gzip:   2.48 kB
dist/client/assets/plastic-DQwYfKfQ.js                                              9.29 kB │ gzip:   1.96 kB
dist/client/assets/aisou-inventory-BG0CgpBD.js                                      9.37 kB │ gzip:   4.06 kB
dist/client/assets/_orderId-BechFEsT.js                                             9.39 kB │ gzip:   3.36 kB
dist/client/assets/slack-ochin-B2OO5cIa.js                                          9.42 kB │ gzip:   2.08 kB
dist/client/assets/tex-CAR3YtjU.js                                                  9.67 kB │ gzip:   3.06 kB
dist/client/assets/jison-lUQ7HuXb.js                                                9.69 kB │ gzip:   1.86 kB
dist/client/assets/cmake-Bj61d0ZC.js                                                9.84 kB │ gzip:   3.37 kB
dist/client/assets/light-plus-DVQuIRkW.js                                           9.93 kB │ gzip:   2.27 kB
dist/client/assets/hcl-Dh228itO.js                                                 10.04 kB │ gzip:   1.93 kB
dist/client/assets/sidebar-data-w6vYfkla.js                                        10.10 kB │ gzip:   3.54 kB
dist/client/assets/orders-Xa_xvkng.js                                              10.13 kB │ gzip:   3.90 kB
dist/client/assets/dist-iNllp1N8.js                                                10.16 kB │ gzip:   3.67 kB
dist/client/assets/install-_FkwoKVG.js                                             10.26 kB │ gzip:   4.19 kB
dist/client/assets/rst-BtYq3R5G.js                                                 10.31 kB │ gzip:   2.24 kB
dist/client/assets/roles-Ca495oo8.js                                               10.33 kB │ gzip:   4.46 kB
dist/client/assets/pkl-ot-7Btpt.js                                                 10.36 kB │ gzip:   1.37 kB
dist/client/assets/beancount-D-usSTwE.js                                           10.36 kB │ gzip:   1.43 kB
dist/client/assets/settings-DQJig9vy.js                                            10.41 kB │ gzip:   4.75 kB
dist/client/assets/nextflow-groovy-DJMQeKeT.js                                     10.43 kB │ gzip:   2.13 kB
dist/client/assets/dream-maker-DW3nJb8Q.js                                         10.46 kB │ gzip:   2.25 kB
dist/client/assets/raku-B3gFvitq.js                                                10.46 kB │ gzip:   2.94 kB
dist/client/assets/yaml-DDX6ld7P.js                                                10.57 kB │ gzip:   2.31 kB
dist/client/assets/_productId-Bq6Hvc9s.js                                          10.61 kB │ gzip:   4.11 kB
dist/client/assets/just-DS1se5LE.js                                                10.81 kB │ gzip:   2.61 kB
dist/client/assets/elm-NVKjqFw9.js                                                 10.94 kB │ gzip:   2.09 kB
dist/client/assets/checkbox--cMfc1mY.js                                            11.06 kB │ gzip:   3.72 kB
dist/client/assets/github-light-EUqPIrTm.js                                        11.18 kB │ gzip:   2.49 kB
dist/client/assets/prolog-iXnhIJG7.js                                              11.34 kB │ gzip:   3.84 kB
dist/client/assets/terraform-DswuEJGm.js                                           11.38 kB │ gzip:   2.51 kB
dist/client/assets/github-dark-C-LZuMrd.js                                         11.40 kB │ gzip:   2.53 kB
dist/client/assets/puppet-CDv2pdJW.js                                              11.43 kB │ gzip:   2.10 kB
dist/client/assets/laserwave-C_8bwKvT.js                                           11.49 kB │ gzip:   2.57 kB
dist/client/assets/claude-network-check-CJtv1gZF.js                                11.50 kB │ gzip:   6.03 kB
dist/client/assets/cart-QZ9HqIwc.js                                                11.70 kB │ gzip:   4.10 kB
dist/client/assets/gherkin-DExj1W_8.js                                             11.93 kB │ gzip:   5.04 kB
dist/client/assets/wasm-ByWQv1Qj.js                                                12.00 kB │ gzip:   2.17 kB
dist/client/assets/hjson-CxZEssPk.js                                               12.04 kB │ gzip:   1.64 kB
dist/client/assets/handlebars-CoiHOHvz.js                                          12.16 kB │ gzip:   2.38 kB
dist/client/assets/apache-U0d_L8uA.js                                              12.44 kB │ gzip:   3.71 kB
dist/client/assets/email-B2Edu-ow.js                                               12.61 kB │ gzip:   5.05 kB
dist/client/assets/vesper-DdrHHSXu.js                                              12.73 kB │ gzip:   1.99 kB
dist/client/assets/bat-Bo4NYOV-.js                                                 12.88 kB │ gzip:   3.22 kB
dist/client/assets/fish-BJitypiv.js                                                13.03 kB │ gzip:   1.73 kB
dist/client/assets/button-BrxUCUil.js                                              13.09 kB │ gzip:   5.15 kB
dist/client/assets/v-DETTlOr0.js                                                   13.20 kB │ gzip:   2.73 kB
dist/client/assets/utils-1BE2h8-2.js                                               13.49 kB │ gzip:   4.72 kB
dist/client/assets/vitesse-light-VbXTXTou.js                                       13.61 kB │ gzip:   3.03 kB
dist/client/assets/aurora-x-CDeNXAV0.js                                            13.65 kB │ gzip:   2.28 kB
dist/client/assets/vitesse-black-fwtXNY1n.js                                       13.67 kB │ gzip:   3.05 kB
dist/client/assets/vitesse-dark-BZCL-v6S.js                                        13.75 kB │ gzip:   3.06 kB
dist/client/assets/redeem-inventory-DZzm0yDh.js                                    13.77 kB │ gzip:   6.00 kB
dist/client/assets/pug-BqpUUG5y.js                                                 13.84 kB │ gzip:   2.58 kB
dist/client/assets/scroll-area-CiwUA0v-.js                                         14.00 kB │ gzip:   4.53 kB
dist/client/assets/synthwave-84-nFMaYfgc.js                                        14.03 kB │ gzip:   2.85 kB
dist/client/assets/github-light-default-BXViO-2h.js                                14.15 kB │ gzip:   3.02 kB
dist/client/assets/clarity-SemFz856.js                                             14.26 kB │ gzip:   2.46 kB
dist/client/assets/github-light-high-contrast-B68TUdTA.js                          14.27 kB │ gzip:   3.00 kB
dist/client/assets/github-dark-dimmed-Bx1FflLF.js                                  14.43 kB │ gzip:   3.11 kB
dist/client/assets/github-dark-default-DXG-b-1a.js                                 14.43 kB │ gzip:   3.12 kB
dist/client/assets/github-dark-high-contrast-B_tTalzw.js                           14.59 kB │ gzip:   3.07 kB
dist/client/assets/accounts-DqMqaAUg.js                                            14.64 kB │ gzip:   5.89 kB
dist/client/assets/gnuplot-7GGW24-e.js                                             14.77 kB │ gzip:   3.27 kB
dist/client/assets/(public)-DVG3LVXF.js                                            14.93 kB │ gzip:   6.13 kB
dist/client/assets/rust-Cfkwpbl8.js                                                15.06 kB │ gzip:   2.71 kB
dist/client/assets/kusto-C7mF5XQf.js                                               15.16 kB │ gzip:   3.92 kB
dist/client/assets/actionscript-3--17pq3dv.js                                      15.19 kB │ gzip:   2.67 kB
dist/client/assets/nix-IvuFDN5E.js                                                 15.50 kB │ gzip:   2.47 kB
dist/client/assets/lua-CwJk0jv3.js                                                 15.60 kB │ gzip:   3.19 kB
dist/client/assets/luau-FMPmPwt6.js                                                15.62 kB │ gzip:   3.39 kB
dist/client/assets/abap-CLvhMVsD.js                                                15.84 kB │ gzip:   5.93 kB
dist/client/assets/solidity-CKzVLygQ.js                                            16.06 kB │ gzip:   3.09 kB
dist/client/assets/matlab-D7qyCx1q.js                                              16.07 kB │ gzip:   3.06 kB
dist/client/assets/esm-BgV27-jL.js                                                 16.14 kB │ gzip:   5.99 kB
dist/client/assets/cue-CE9AQfxI.js                                                 16.19 kB │ gzip:   2.04 kB
dist/client/assets/elixir-DVI7VHZe.js                                              16.26 kB │ gzip:   2.76 kB
dist/client/assets/es2015-Db4oDvQB.js                                              16.38 kB │ gzip:   6.25 kB
dist/client/assets/useBaseQuery-DuvIdwHN.js                                        16.40 kB │ gzip:   5.51 kB
dist/client/assets/auth-T0wAKTr-.js                                                16.48 kB │ gzip:   6.14 kB
dist/client/assets/odin-B1RWQWA5.js                                                16.50 kB │ gzip:   2.92 kB
dist/client/assets/ts-tags-B-YiS81D.js                                             16.54 kB │ gzip:   2.05 kB
dist/client/assets/kanagawa-wave-CTweb8Dz.js                                       17.12 kB │ gzip:   2.90 kB
dist/client/assets/kanagawa-lotus-BN08jTvb.js                                      17.12 kB │ gzip:   2.90 kB
dist/client/assets/kanagawa-dragon-CXtmUGW6.js                                     17.12 kB │ gzip:   2.92 kB
dist/client/assets/coupons-UGfp1WGM.js                                             17.32 kB │ gzip:   6.54 kB
dist/client/assets/account-settings-panel-CxiDQ1WE.js                              17.49 kB │ gzip:   6.98 kB
dist/client/assets/move-B1IS1UjX.js                                                17.49 kB │ gzip:   3.06 kB
dist/client/assets/dist-CQSJsDgJ.js                                                17.74 kB │ gzip:   5.23 kB
dist/client/assets/graphql-jeSWgi3n.js                                             18.08 kB │ gzip:   2.54 kB
dist/client/assets/liquid-B_heoyQr.js                                              18.10 kB │ gzip:   3.14 kB
dist/client/assets/provider-logo-N5SU8brS.js                                       18.13 kB │ gzip:   6.89 kB
dist/client/assets/svelte-Co-pD18M.js                                              18.24 kB │ gzip:   3.14 kB
dist/client/assets/order-trend-chart-CFwSvjJo.js                                   18.45 kB │ gzip:   6.15 kB
dist/client/assets/material-theme-Bm3Qr25_.js                                      18.61 kB │ gzip:   3.10 kB
dist/client/assets/material-theme-darker-2IIEA8gg.js                               18.62 kB │ gzip:   3.10 kB
dist/client/assets/material-theme-ocean-CHQ94UKr.js                                18.62 kB │ gzip:   3.12 kB
dist/client/assets/material-theme-lighter-uhdI0v04.js                              18.63 kB │ gzip:   3.10 kB
dist/client/assets/material-theme-palenight-B5W6OYN7.js                            18.63 kB │ gzip:   3.11 kB
dist/client/assets/gdscript-Cp2uCuqX.js                                            18.98 kB │ gzip:   3.75 kB
dist/client/assets/claude-purchase-guide-j5mRQzDf.js                               19.12 kB │ gzip:   6.49 kB
dist/client/assets/dist-Dw_OoDsN.js                                                19.16 kB │ gzip:   6.59 kB
dist/client/assets/groovy-CacY0gHj.js                                              19.17 kB │ gzip:   3.59 kB
dist/client/assets/products-CveA7rPS.js                                            19.47 kB │ gzip:   7.29 kB
dist/client/assets/mdc-C9z51miu.js                                                 19.54 kB │ gzip:   6.66 kB
dist/client/assets/me-CBYA8DQg.js                                                  20.06 kB │ gzip:   6.86 kB
dist/client/assets/ayu-dark-DluEY0Gj.js                                            20.07 kB │ gzip:   3.93 kB
dist/client/assets/ayu-mirage-Bqwy1Gya.js                                          20.08 kB │ gzip:   3.91 kB
dist/client/assets/glimmer-js-AhV_N0ac.js                                          20.08 kB │ gzip:   2.94 kB
dist/client/assets/glimmer-ts-DegHscw6.js                                          20.08 kB │ gzip:   2.93 kB
dist/client/assets/powershell-DshXNtvi.js                                          20.14 kB │ gzip:   4.05 kB
dist/client/assets/ayu-light-C3h-C4tm.js                                           20.14 kB │ gzip:   3.89 kB
dist/client/assets/viml-DvXPmvsu.js                                                20.35 kB │ gzip:   6.73 kB
dist/client/assets/nushell-DcLAeLz5.js                                             20.40 kB │ gzip:   5.21 kB
dist/client/assets/snazzy-light-4G7pJPwS.js                                        20.77 kB │ gzip:   3.80 kB
dist/client/assets/twig-B_JbMEiC.js                                                20.90 kB │ gzip:   3.66 kB
dist/client/assets/dracula-BHWKrbxM.js                                             21.06 kB │ gzip:   3.99 kB
dist/client/assets/dracula-soft-5eyTD99u.js                                        21.07 kB │ gzip:   4.02 kB
dist/client/assets/orders-COXPYE91.js                                              21.20 kB │ gzip:   7.56 kB
dist/client/assets/wit-DdvCle-K.js                                                 21.46 kB │ gzip:   2.87 kB
dist/client/assets/rose-pine-BthvhNj6.js                                           21.74 kB │ gzip:   3.86 kB
dist/client/assets/rose-pine-moon-hon4tzzS.js                                      21.75 kB │ gzip:   3.87 kB
dist/client/assets/rose-pine-dawn-Dg85fqjY.js                                      21.75 kB │ gzip:   3.88 kB
dist/client/assets/nim-lqz9FHuY.js                                                 22.45 kB │ gzip:   3.15 kB
dist/client/assets/common-lisp-Cv5bFMCO.js                                         22.57 kB │ gzip:   6.07 kB
dist/client/assets/surrealql-KcKhyST-.js                                           22.58 kB │ gzip:   4.31 kB
dist/client/assets/gruvbox-dark-hard-C820rvS2.js                                   22.63 kB │ gzip:   4.15 kB
dist/client/assets/gruvbox-dark-soft-MrdJrrXF.js                                   22.63 kB │ gzip:   4.15 kB
dist/client/assets/gruvbox-light-hard-BC_s9l72.js                                  22.63 kB │ gzip:   4.16 kB
dist/client/assets/gruvbox-light-soft-BSMLrYjP.js                                  22.63 kB │ gzip:   4.16 kB
dist/client/assets/gruvbox-dark-medium-BPjhmG05.js                                 22.63 kB │ gzip:   4.15 kB
dist/client/assets/gruvbox-light-medium-BAWPOn9u.js                                22.63 kB │ gzip:   4.16 kB
dist/client/assets/bird2-C6vDhewU.js                                               22.93 kB │ gzip:   4.65 kB
dist/client/assets/telegram-87EQoE6g.js                                            23.03 kB │ gzip:   8.34 kB
dist/client/assets/input-B0NdohJ9.js                                               23.14 kB │ gzip:   8.61 kB
dist/client/assets/sql-BehsYxsr.js                                                 23.49 kB │ gzip:   7.51 kB
dist/client/assets/cadence-CQ2zXKGN.js                                             23.66 kB │ gzip:   3.65 kB
dist/client/assets/astro-hHUMNzBM.js                                               24.02 kB │ gzip:   7.59 kB
dist/client/assets/apl-4oP12MhF.js                                                 24.02 kB │ gzip:   4.16 kB
dist/client/assets/templ-CiVHkQct.js                                               24.06 kB │ gzip:   5.41 kB
dist/client/assets/angular-html-AWG2fXcg.js                                        24.24 kB │ gzip:   3.98 kB
dist/client/assets/vhdl-BroJfC0k.js                                                24.25 kB │ gzip:   3.86 kB
dist/client/assets/vue-CxwoP0s5.js                                                 24.48 kB │ gzip:   2.96 kB
dist/client/assets/purescript-9MfHhQsQ.js                                          24.67 kB │ gzip:   3.24 kB
dist/client/assets/typespec-BRdr0IET.js                                            25.03 kB │ gzip:   2.62 kB
dist/client/assets/one-light-D7Lr4KcI.js                                           25.29 kB │ gzip:   3.63 kB
dist/client/assets/fsharp-D13ZGOAj.js                                              25.30 kB │ gzip:   4.12 kB
dist/client/assets/marko-D2swMlbT.js                                               25.48 kB │ gzip:   3.59 kB
dist/client/assets/night-owl-light-eJ-hLW7d.js                                     25.89 kB │ gzip:   4.23 kB
dist/client/assets/system-verilog-DJ5XKQeo.js                                      26.19 kB │ gzip:   4.82 kB
dist/client/assets/dist-CtgjWJ8a.js                                                26.40 kB │ gzip:  10.21 kB
dist/client/assets/nord-Cb4Vim4T.js                                                26.72 kB │ gzip:   4.35 kB
dist/client/assets/codeql-oeQT6MSM.js                                              26.87 kB │ gzip:   3.79 kB
dist/client/assets/c3-BFHwR3_K.js                                                  26.96 kB │ gzip:   3.92 kB
dist/client/assets/utils-B6KiDbIe.js                                               27.26 kB │ gzip:   8.69 kB
dist/client/assets/scss-C757v1UC.js                                                27.26 kB │ gzip:   4.23 kB
dist/client/assets/java-DdqDADv3.js                                                27.28 kB │ gzip:   4.31 kB
dist/client/assets/users-B5tibyY-.js                                               27.28 kB │ gzip:   9.71 kB
dist/client/assets/coffee-DQkQ2R7F.js                                              27.42 kB │ gzip:   6.35 kB
dist/client/assets/razor-BecTOKbo.js                                               27.45 kB │ gzip:   3.54 kB
dist/client/assets/scala-DKOlJaKm.js                                               28.87 kB │ gzip:   3.92 kB
dist/client/assets/night-owl-DhmEMT88.js                                           28.91 kB │ gzip:   5.14 kB
dist/client/assets/checkout-C3Q-h3xw.js                                            29.33 kB │ gzip:   9.68 kB
dist/client/assets/crystal-hL0XcUh4.js                                             29.41 kB │ gzip:   4.44 kB
dist/client/assets/mermaid-Bk4SNUv9.js                                             29.50 kB │ gzip:   3.64 kB
dist/client/assets/applescript-CCn79oCD.js                                         29.56 kB │ gzip:   5.94 kB
dist/client/assets/order-C5PGHVvi.js                                               30.59 kB │ gzip:   9.99 kB
dist/client/assets/julia-7fUaDCMA.js                                               31.00 kB │ gzip:   4.30 kB
dist/client/assets/stylus-B6D30XZt.js                                              31.06 kB │ gzip:   8.01 kB
dist/client/assets/admin-DIPojhKe.js                                               31.20 kB │ gzip:  12.50 kB
dist/client/assets/auth-client-1D1eWbY4.js                                         31.62 kB │ gzip:  11.70 kB
dist/client/assets/route-DDEiMnUA.js                                               32.18 kB │ gzip:  11.42 kB
dist/client/assets/payment-configurations-BeMnNSqJ.js                              32.38 kB │ gzip:  10.87 kB
dist/client/assets/dist-CXmQ5Dql.js                                                32.58 kB │ gzip:   9.13 kB
dist/client/assets/poimandres-DRFjx7u4.js                                          33.49 kB │ gzip:   5.49 kB
dist/client/assets/one-dark-pro-CLwyXe_n.js                                        33.78 kB │ gzip:   5.50 kB
dist/client/assets/bsl-BkkzgIyY.js                                                 33.86 kB │ gzip:   8.34 kB
dist/client/assets/fp.esm-CAcvCytv.js                                              34.06 kB │ gzip:  15.35 kB
dist/client/assets/haxe-OTjmBuCE.js                                                35.15 kB │ gzip:   5.90 kB
dist/client/assets/nginx-BDUKxkTU.js                                               35.35 kB │ gzip:   4.45 kB
dist/client/assets/houston-CsvMBhTu.js                                             35.41 kB │ gzip:   5.76 kB
dist/client/assets/createServerFn-DA9eazIA.js                                      35.57 kB │ gzip:  11.60 kB
dist/client/assets/tokyo-night-oM2G3aXe.js                                         35.66 kB │ gzip:   6.22 kB
dist/client/assets/ip-check-DFHpDsNK.js                                            37.46 kB │ gzip:  15.16 kB
dist/client/assets/erlang-Cphh6RMH.js                                              37.47 kB │ gzip:   4.36 kB
dist/client/assets/web-support-contract-BHk8VV9j.js                                38.07 kB │ gzip:   8.38 kB
dist/client/assets/cobol-BlADxxBY.js                                               39.07 kB │ gzip:  10.89 kB
dist/client/assets/asm-Cmm7eHzH.js                                                 40.71 kB │ gzip:   8.16 kB
dist/client/assets/haskell-D8IpX4py.js                                             41.48 kB │ gzip:   6.41 kB
dist/client/assets/shellscript-DN6UGIou.js                                         41.54 kB │ gzip:   6.13 kB
dist/client/assets/perl-BAYYF4zM.js                                                43.14 kB │ gzip:   4.64 kB
dist/client/assets/d-qD-0Kul2.js                                                   43.78 kB │ gzip:   8.43 kB
dist/client/assets/_productId-CmEYWLFS.js                                          44.71 kB │ gzip:  15.14 kB
dist/client/assets/ruby-Dnpsd6R8.js                                                46.60 kB │ gzip:   5.71 kB
dist/client/assets/go-rLFTqkRN.js                                                  46.81 kB │ gzip:   5.14 kB
dist/client/assets/catppuccin-mocha-DYhrFGRu.js                                    47.25 kB │ gzip:   7.98 kB
dist/client/assets/catppuccin-latte-DwIHMF0Q.js                                    47.25 kB │ gzip:   7.98 kB
dist/client/assets/catppuccin-frappe-3VR1Za6u.js                                   47.25 kB │ gzip:   7.99 kB
dist/client/assets/catppuccin-macchiato-DYnBP6_5.js                                47.26 kB │ gzip:   7.99 kB
dist/client/assets/apex-VAyPSnFM.js                                                47.76 kB │ gzip:   6.81 kB
dist/client/assets/ada-C5qYipkI.js                                                 48.07 kB │ gzip:   5.96 kB
dist/client/assets/css-BbkkzYil.js                                                 49.10 kB │ gzip:  11.96 kB
dist/client/assets/imba-DsUTQ-LC.js                                                49.92 kB │ gzip:   9.47 kB
dist/client/assets/everforest-dark-sB-x3p7T.js                                     53.74 kB │ gzip:   8.37 kB
dist/client/assets/everforest-light-Df2xbC6M.js                                    53.74 kB │ gzip:   8.36 kB
dist/client/assets/wikitext-ClFFjSW2.js                                            55.87 kB │ gzip:   4.81 kB
dist/client/assets/stata-6PNHbGdU.js                                               56.99 kB │ gzip:  12.39 kB
dist/client/assets/html-DFY5a9NU.js                                                57.32 kB │ gzip:  11.78 kB
dist/client/assets/useForm-Y5rThlpD.js                                             58.67 kB │ gzip:  14.16 kB
dist/client/assets/ballerina-B7ZEbQpA.js                                           58.68 kB │ gzip:   8.10 kB
dist/client/assets/markdown-BYOwaDjH.js                                            59.32 kB │ gzip:   5.66 kB
dist/client/assets/ocaml-O90oeIOV.js                                               62.44 kB │ gzip:   5.04 kB
dist/client/assets/select-UbNFgKO9.js                                              68.91 kB │ gzip:  23.11 kB
dist/client/assets/mojo-BgCJLMeH.js                                                69.79 kB │ gzip:   9.21 kB
dist/client/assets/schemas-Bn6TbC5B.js                                             69.91 kB │ gzip:  18.61 kB
dist/client/assets/python-gzcpVVnB.js                                              69.94 kB │ gzip:   9.09 kB
dist/client/assets/account-sections-BysbIOXY.js                                    71.22 kB │ gzip:  21.79 kB
dist/client/assets/c-C30chsQQ.js                                                   72.17 kB │ gzip:  10.55 kB
dist/client/assets/latex-DumQiFCf.js                                               72.87 kB │ gzip:   6.74 kB
dist/client/assets/vyper-CgoNMtux.js                                               74.64 kB │ gzip:  10.69 kB
dist/client/assets/hack-CceX7QQt.js                                                81.05 kB │ gzip:  26.43 kB
dist/client/assets/route-BXU-iL8a.js                                               85.55 kB │ gzip:  32.00 kB
dist/client/assets/swift-DonLKvLd.js                                               86.68 kB │ gzip:  14.69 kB
dist/client/assets/fortran-free-form-CYNrtFtB.js                                   88.96 kB │ gzip:  11.18 kB
dist/client/assets/csharp-oqKa8noW.js                                              90.18 kB │ gzip:  10.71 kB
dist/client/assets/route-BPeK3d6u.js                                               90.30 kB │ gzip:  23.68 kB
dist/client/assets/racket-DcIDlBhZ.js                                              92.38 kB │ gzip:  15.07 kB
dist/client/assets/less-DVTAwKKz.js                                                97.62 kB │ gzip:  14.84 kB
dist/client/assets/blade-BWXQ67zd.js                                              104.97 kB │ gzip:  28.30 kB
dist/client/assets/objective-c-D1A_Heim.js                                        105.40 kB │ gzip:  23.63 kB
dist/client/assets/product-editor-BYM8HF_Z.js                                     108.75 kB │ gzip:  36.95 kB
dist/client/assets/php-BJu8sUlz.js                                                113.08 kB │ gzip:  28.85 kB
dist/client/assets/form-BicbCtIu.js                                               127.19 kB │ gzip:  38.12 kB
dist/client/assets/asciidoc-DE70LPWp.js                                           131.52 kB │ gzip:   9.31 kB
dist/client/assets/mdx-DQZ5AkYe.js                                                136.10 kB │ gzip:  23.54 kB
dist/client/assets/objective-cpp-BsSzOQcm.js                                      171.96 kB │ gzip:  30.98 kB
dist/client/assets/javascript-BCdz0Vdv.js                                         174.89 kB │ gzip:  16.68 kB
dist/client/assets/tsx-C8SCxxRM.js                                                175.60 kB │ gzip:  16.67 kB
dist/client/assets/jsx-BInicPx4.js                                                177.85 kB │ gzip:  16.77 kB
dist/client/assets/typescript-D7JPGPxO.js                                         181.14 kB │ gzip:  16.29 kB
dist/client/assets/angular-ts-WHX5nyua.js                                         183.73 kB │ gzip:  16.78 kB
dist/client/assets/vue-vine-BHGavUqe.js                                           190.05 kB │ gzip:  18.07 kB
dist/client/assets/wolfram-DLL8P-h_.js                                            262.38 kB │ gzip:  77.63 kB
dist/client/assets/chart-CWvR1sj1.js                                              370.04 kB │ gzip: 106.97 kB
dist/client/assets/index-uM67XLdl.js                                              501.33 kB │ gzip: 156.80 kB
dist/client/assets/wasm-BnjxR4X6.js                                               622.32 kB │ gzip: 232.09 kB
dist/client/assets/cpp-Bn1KUhbt.js                                                626.13 kB │ gzip:  48.09 kB
dist/client/assets/emacs-lisp-B4R74twV.js                                         779.87 kB │ gzip: 197.55 kB
dist/client/assets/client-B3FEuhR2.js                                           2,315.84 kB │ gzip: 775.33 kB

[33m[PLUGIN_TIMINGS] [0mYour build spent significant time in plugins. Here is a breakdown:
  - tanstack-start-core:import-protection (66%)
  - @tanstack/devtools:remove-devtools-on-build (18%)
  - tanstack-start-core:import-protection-transform-cache (8%)
  - @rolldown/plugin-babel (5%)
See https://rolldown.rs/reference/InputOptions.checks#plugintimings for more details.

[plugin builtin:vite-reporter] 
(!) Some chunks are larger than 500 kB after minification. Consider:
- Using dynamic import() to code-split the application
- Use build.rolldownOptions.output.codeSplitting to improve chunking: https://rolldown.rs/reference/OutputOptions.codeSplitting
- Adjust chunk size limit for this warning via build.chunkSizeWarningLimit.
✓ built in 12.07s
vite v8.1.4 building ssr environment for production...
ℹ [paraglide-js] Compilation skipped — inputs unchanged (message-modules)
[2Ktransforming...✓ 10255 modules transformed.
rendering chunks...
computing gzip size...
dist/server/wrangler.json                                                         1.87 kB │ gzip:   0.90 kB
dist/server/assets/manrope-cyrillic-wght-normal-Dvxsihut.woff2                   14.50 kB
dist/server/assets/inter-cyrillic-wght-normal-DqGufNeO.woff2                     18.74 kB
dist/server/assets/noto-sans-cyrillic-wght-normal-B2hlT84T.woff2                 20.08 kB
dist/server/assets/nunito-cyrillic-wght-normal-CY6AOgYE.woff2                    20.77 kB
dist/server/assets/manrope-latin-wght-normal-DHIcAJRg.woff2                      24.83 kB
dist/server/assets/noto-sans-latin-wght-normal-BYSzYMf3.woff2                    35.82 kB
dist/server/assets/nunito-latin-wght-normal-BzFMHfZw.woff2                       39.12 kB
dist/server/assets/inter-latin-wght-normal-Dx4kXJAl.woff2                        48.25 kB
dist/server/.vite/manifest.json                                                 208.46 kB │ gzip:  27.22 kB
dist/server/assets/global-DXCS7m_q.css                                          184.40 kB │ gzip:  28.29 kB
dist/server/assets/kysely-adapter-Bq1Zvm7A.js                                     0.13 kB │ gzip:   0.10 kB
dist/server/assets/queryOptions-B2ZW5DUX.js                                       0.19 kB │ gzip:   0.16 kB
dist/server/assets/dist-wYSgn2Cb.js                                               0.19 kB │ gzip:   0.17 kB
dist/server/assets/schema-BczROSCd.js                                             0.20 kB │ gzip:   0.17 kB
dist/server/assets/500-WkW39HRp.js                                                0.21 kB │ gzip:   0.16 kB
dist/server/assets/admin-DxsWU8di.js                                              0.21 kB │ gzip:   0.16 kB
dist/server/assets/products-g81u6tWr.js                                           0.21 kB │ gzip:   0.16 kB
dist/server/assets/404-CAIevG3g.js                                                0.21 kB │ gzip:   0.16 kB
dist/server/assets/site-brand-CNSZ18sB.js                                         0.24 kB │ gzip:   0.20 kB
dist/server/assets/sessions-CaEw-yXI.js                                           0.24 kB │ gzip:   0.17 kB
dist/server/assets/reauthentication-schema-Dv6yrI_j.js                            0.24 kB │ gzip:   0.19 kB
dist/server/assets/modules-BLrqu2-K.js                                            0.24 kB │ gzip:   0.17 kB
dist/server/assets/empty-plugin-adapters-De36uHlq.js                              0.25 kB │ gzip:   0.18 kB
dist/server/assets/permission-bits-BqplvhZC.js                                    0.25 kB │ gzip:   0.17 kB
dist/server/assets/domain-error-CPdvMkjT.js                                       0.26 kB │ gzip:   0.18 kB
dist/server/assets/error-C-2CF10T.js                                              0.31 kB │ gzip:   0.20 kB
dist/server/assets/useQuery-CfNwPQAD.js                                           0.32 kB │ gzip:   0.22 kB
dist/server/assets/locales-6qnNRrQN.js                                            0.35 kB │ gzip:   0.27 kB
dist/server/assets/_orderId-Dm73jitR.js                                           0.38 kB │ gzip:   0.23 kB
dist/server/assets/route-DRdTho4h.js                                              0.38 kB │ gzip:   0.25 kB
dist/server/assets/chevron-down-B7dNPG0N.js                                       0.38 kB │ gzip:   0.28 kB
dist/server/assets/chevron-left-21oUvQFT.js                                       0.38 kB │ gzip:   0.28 kB
dist/server/assets/chevron-right-CHdnv5h4.js                                      0.38 kB │ gzip:   0.28 kB
dist/server/assets/route-DsfOjHlr.js                                              0.39 kB │ gzip:   0.26 kB
dist/server/assets/edit-C5g3RGEM.js                                               0.39 kB │ gzip:   0.23 kB
dist/server/assets/_productId-DYKn2mLW.js                                         0.39 kB │ gzip:   0.23 kB
dist/server/assets/_productId-CDqBc7NC.js                                         0.39 kB │ gzip:   0.24 kB
dist/server/assets/site-assets-CiSu7ETc.js                                        0.39 kB │ gzip:   0.23 kB
dist/server/assets/x-CJz-bAua.js                                                  0.40 kB │ gzip:   0.28 kB
dist/server/assets/trash-BLLlgSZv.js                                              0.40 kB │ gzip:   0.25 kB
dist/server/assets/plus-BpwJ1rS1.js                                               0.40 kB │ gzip:   0.28 kB
dist/server/assets/public-BDb1N6jD.js                                             0.41 kB │ gzip:   0.27 kB
dist/server/assets/access-BT9XH8px.js                                             0.42 kB │ gzip:   0.25 kB
dist/server/assets/orders-BphyFLO9.js                                             0.42 kB │ gzip:   0.25 kB
dist/server/assets/secrets-CZE3R16e.js                                            0.42 kB │ gzip:   0.25 kB
dist/server/assets/commerce-xFtSwk9a.js                                           0.42 kB │ gzip:   0.25 kB
dist/server/assets/createServerRpc-B66idmE5.js                                    0.42 kB │ gzip:   0.29 kB
dist/server/assets/retention-DrGD0KKO.js                                          0.42 kB │ gzip:   0.25 kB
dist/server/assets/arrow-left-CpnK3X7X.js                                         0.42 kB │ gzip:   0.30 kB
dist/server/assets/operations-DJMSkAgb.js                                         0.42 kB │ gzip:   0.25 kB
dist/server/assets/arrow-right-Cx_srSye.js                                        0.42 kB │ gzip:   0.29 kB
dist/server/assets/fulfillment-DMSacA0f.js                                        0.43 kB │ gzip:   0.26 kB
dist/server/assets/clock-3-Dgqr6xLT.js                                            0.43 kB │ gzip:   0.30 kB
dist/server/assets/play-Chuk1Iju.js                                               0.43 kB │ gzip:   0.31 kB
dist/server/assets/queries-TKlYkMVW.js                                            0.43 kB │ gzip:   0.24 kB
dist/server/assets/search-UcQ-aDX4.js                                             0.43 kB │ gzip:   0.30 kB
dist/server/assets/circle-check-C_YyjTyx.js                                       0.45 kB │ gzip:   0.30 kB
dist/server/assets/skeleton-DCyG5fhz.js                                           0.46 kB │ gzip:   0.30 kB
dist/server/assets/rotate-ccw-BJrybhzS.js                                         0.46 kB │ gzip:   0.32 kB
dist/server/assets/matchContext-blAmfaLh.js                                       0.46 kB │ gzip:   0.27 kB
dist/server/assets/queries-TAjPbQQ9.js                                            0.46 kB │ gzip:   0.25 kB
dist/server/assets/secrets-BZ5t0DCn.js                                            0.46 kB │ gzip:   0.22 kB
dist/server/assets/mail-DVtkd6y6.js                                               0.47 kB │ gzip:   0.33 kB
dist/server/assets/payment-region-6lIrYiAD.js                                     0.48 kB │ gzip:   0.28 kB
dist/server/assets/activity-B2emiiz-.js                                           0.48 kB │ gzip:   0.33 kB
dist/server/assets/context-DwefvWrW.js                                            0.48 kB │ gzip:   0.28 kB
dist/server/assets/_orderNumber-D4J-_B2h.js                                       0.48 kB │ gzip:   0.28 kB
dist/server/assets/info-D4n92yR6.js                                               0.48 kB │ gzip:   0.31 kB
dist/server/assets/after-sale-status-CKYy7fnf.js                                  0.48 kB │ gzip:   0.26 kB
dist/server/assets/credit-card-CBPykHKB.js                                        0.49 kB │ gzip:   0.32 kB
dist/server/assets/cache-observability-B1ZDT-cx.js                                0.49 kB │ gzip:   0.31 kB
dist/server/assets/copy-CTUsp5VB.js                                               0.50 kB │ gzip:   0.34 kB
dist/server/assets/zap-Dq6cUjn_.js                                                0.50 kB │ gzip:   0.34 kB
dist/server/assets/coerce-CUE2mQPH.js                                             0.50 kB │ gzip:   0.27 kB
dist/server/assets/new-BszfObsG.js                                                0.50 kB │ gzip:   0.30 kB
dist/server/assets/log-in-CAW8OOPN.js                                             0.50 kB │ gzip:   0.32 kB
dist/server/assets/download-DYlzOjZp.js                                           0.51 kB │ gzip:   0.33 kB
dist/server/assets/edit-BSJhhZHO.js                                               0.52 kB │ gzip:   0.29 kB
dist/server/assets/pencil-CpOzMRUR.js                                             0.53 kB │ gzip:   0.36 kB
dist/server/assets/external-link-OIOhOOsg.js                                      0.54 kB │ gzip:   0.34 kB
dist/server/assets/send-o9IpkR8L.js                                               0.54 kB │ gzip:   0.36 kB
dist/server/assets/triangle-alert-B5Ru2xLM.js                                     0.55 kB │ gzip:   0.35 kB
dist/server/assets/new-M8AquT9C.js                                                0.55 kB │ gzip:   0.32 kB
dist/server/assets/laptop-CVckms0I.js                                             0.56 kB │ gzip:   0.36 kB
dist/server/assets/settings-BRZXvmQy.js                                           0.56 kB │ gzip:   0.31 kB
dist/server/assets/identity-email-pr5vP0Rp.js                                     0.56 kB │ gzip:   0.27 kB
dist/server/assets/account-CQTrOEqs.js                                            0.56 kB │ gzip:   0.32 kB
dist/server/assets/settings-2-MfMj7c87.js                                         0.56 kB │ gzip:   0.33 kB
dist/server/assets/orders-DqLMeM_g.js                                             0.56 kB │ gzip:   0.32 kB
dist/server/assets/session-C5S3LbyT.js                                            0.56 kB │ gzip:   0.33 kB
dist/server/assets/string-DQrlv60C.js                                             0.57 kB │ gzip:   0.36 kB
dist/server/assets/notifications-x9b2ti8H.js                                      0.57 kB │ gzip:   0.31 kB
dist/server/assets/shield-check-B7t0gRgv.js                                       0.58 kB │ gzip:   0.39 kB
dist/server/assets/entitlements-DE7Zz29y.js                                       0.59 kB │ gzip:   0.32 kB
dist/server/assets/wallet-cards-CgU74i3w.js                                       0.59 kB │ gzip:   0.37 kB
dist/server/assets/save-DfVF3V8H.js                                               0.60 kB │ gzip:   0.36 kB
dist/server/assets/users-AAHk-vqb.js                                              0.60 kB │ gzip:   0.36 kB
dist/server/assets/_orderNumber-DDSstjwN.js                                       0.60 kB │ gzip:   0.33 kB
dist/server/assets/dist-C1eUFGVn.js                                               0.61 kB │ gzip:   0.36 kB
dist/server/assets/refresh-cw-DOd6enU7.js                                         0.61 kB │ gzip:   0.36 kB
dist/server/assets/key-round-Cd8yh3LS.js                                          0.62 kB │ gzip:   0.40 kB
dist/server/assets/shopping-bag-vMPLSrKD.js                                       0.62 kB │ gzip:   0.38 kB
dist/server/assets/createSsrRpc-B36EI1Di.js                                       0.63 kB │ gzip:   0.39 kB
dist/server/assets/trash-2-LdpRxim8.js                                            0.63 kB │ gzip:   0.35 kB
dist/server/assets/user-plus-CFnq6SiM.js                                          0.63 kB │ gzip:   0.38 kB
dist/server/assets/client-BBcIG0Pp.js                                             0.64 kB │ gzip:   0.38 kB
dist/server/assets/schema-D75bRI9u.js                                             0.65 kB │ gzip:   0.36 kB
dist/server/assets/hammer-DukPlL9n.js                                             0.67 kB │ gzip:   0.42 kB
dist/server/assets/reauthenticate-qk1Qhn8j.js                                     0.68 kB │ gzip:   0.41 kB
dist/server/assets/common_new-CsO4lAbc.js                                         0.69 kB │ gzip:   0.38 kB
dist/server/assets/earth-8JVvxo6q.js                                              0.69 kB │ gzip:   0.40 kB
dist/server/assets/audit_time-NkjdT2K8.js                                         0.69 kB │ gzip:   0.37 kB
dist/server/assets/bell-ring-BzLK1NwV.js                                          0.69 kB │ gzip:   0.43 kB
dist/server/assets/common_copy-kl3UzHiR.js                                        0.70 kB │ gzip:   0.38 kB
dist/server/assets/common_edit-73eVeVSe.js                                        0.70 kB │ gzip:   0.38 kB
dist/server/assets/common_name-DwIpEX1B.js                                        0.70 kB │ gzip:   0.38 kB
dist/server/assets/auth_submit-DxwN3rNS.js                                        0.70 kB │ gzip:   0.38 kB
dist/server/assets/nav_coupons-DSLZ1hEA.js                                        0.71 kB │ gzip:   0.38 kB
dist/server/assets/common_close-BEK5Nvpg.js                                       0.71 kB │ gzip:   0.38 kB
dist/server/assets/common_email-BPRX9ZtR.js                                       0.71 kB │ gzip:   0.38 kB
dist/server/assets/common_retry-DbcYCzpt.js                                       0.71 kB │ gzip:   0.38 kB
dist/server/assets/audit_export-CdVPYgO6.js                                       0.71 kB │ gzip:   0.38 kB
dist/server/assets/unit_minutes-BNjxRg6l.js                                       0.71 kB │ gzip:   0.38 kB
dist/server/assets/nav_products-DECnugMa.js                                       0.71 kB │ gzip:   0.38 kB
dist/server/assets/scan-search-CZe75gGm.js                                        0.72 kB │ gzip:   0.40 kB
dist/server/assets/_orderNumber-CprRZB-i.js                                       0.72 kB │ gzip:   0.39 kB
dist/server/assets/common_cancel-CIhh-F8R.js                                      0.72 kB │ gzip:   0.38 kB
dist/server/assets/common_delete-DYSVpBjT.js                                      0.72 kB │ gzip:   0.38 kB
dist/server/assets/common_search-BxUT7uBC.js                                      0.72 kB │ gzip:   0.38 kB
dist/server/assets/common_status-2nHFX_2a.js                                      0.72 kB │ gzip:   0.38 kB
dist/server/assets/status_failed-BlBTlYND.js                                      0.72 kB │ gzip:   0.38 kB
dist/server/assets/store_my_title-DnfssogC.js                                     0.72 kB │ gzip:   0.39 kB
dist/server/assets/coupons_value-hxLxx0J7.js                                      0.72 kB │ gzip:   0.39 kB
dist/server/assets/store_nav_shop-DNbdpsb-.js                                     0.72 kB │ gzip:   0.38 kB
dist/server/assets/common_actions-cchdWPay.js                                     0.73 kB │ gzip:   0.38 kB
dist/server/assets/common_enabled-DraSvTza.js                                     0.73 kB │ gzip:   0.39 kB
dist/server/assets/common_goback1-61nLk7lI.js                                     0.73 kB │ gzip:   0.39 kB
dist/server/assets/common_refresh-KGvOeDZ4.js                                     0.73 kB │ gzip:   0.38 kB
dist/server/assets/public_sign_in-DQ4opJMa.js                                     0.73 kB │ gzip:   0.39 kB
dist/server/assets/status_unknown-r1jPPTBi.js                                     0.73 kB │ gzip:   0.38 kB
dist/server/assets/status-SCxHt0OV.js                                             0.73 kB │ gzip:   0.40 kB
dist/server/assets/ip_title-DxLsXvol.js                                           0.73 kB │ gzip:   0.42 kB
dist/server/assets/common_created-OqES8rRm.js                                     0.74 kB │ gzip:   0.40 kB
dist/server/assets/common_password-BdxIY778.js                                    0.74 kB │ gzip:   0.38 kB
dist/server/assets/common_loading-D3Sc0vLl.js                                     0.74 kB │ gzip:   0.40 kB
dist/server/assets/nav_audit_logs-MRY9ImO4.js                                     0.74 kB │ gzip:   0.40 kB
dist/server/assets/route-ByX4ZLPM.js                                              0.74 kB │ gzip:   0.38 kB
dist/server/assets/settings-DYU7pGlv.js                                           0.75 kB │ gzip:   0.39 kB
dist/server/assets/webhook-url-CLP6q7id.js                                        0.75 kB │ gzip:   0.43 kB
dist/server/assets/shop_orders_order-GG6MXcCb.js                                  0.75 kB │ gzip:   0.38 kB
dist/server/assets/shop_orders_items-BrLmSYf1.js                                  0.76 kB │ gzip:   0.40 kB
dist/server/assets/shop_orders_view-CLR10T41.js                                   0.76 kB │ gzip:   0.41 kB
dist/server/assets/store_cart_title-BMO1xD3V.js                                   0.76 kB │ gzip:   0.40 kB
dist/server/assets/commerce-events-D3fvALMH.js                                    0.76 kB │ gzip:   0.41 kB
dist/server/assets/store_nav_orders-DDTH_RTd.js                                   0.76 kB │ gzip:   0.41 kB
dist/server/assets/functions-1u-QRNGV.js                                          0.77 kB │ gzip:   0.46 kB
dist/server/assets/common_last_error-DlxPJo_n.js                                  0.77 kB │ gzip:   0.40 kB
dist/server/assets/catalog_price_minor-D0CDUqap.js                                0.77 kB │ gzip:   0.39 kB
dist/server/assets/notifications_event-DKiyXvnu.js                                0.77 kB │ gzip:   0.39 kB
dist/server/assets/store_order_total-BkhMHGQU.js                                  0.77 kB │ gzip:   0.40 kB
dist/server/assets/catalog-BS4Jcq_Y.js                                            0.77 kB │ gzip:   0.40 kB
dist/server/assets/catalog_updated_at-B25_iAlx.js                                 0.77 kB │ gzip:   0.40 kB
dist/server/assets/system_nav_orders-BhNXEgTG.js                                  0.78 kB │ gzip:   0.41 kB
dist/server/assets/auth_signinfailed2-DEWQ2vs9.js                                 0.79 kB │ gzip:   0.41 kB
dist/server/assets/catalog_recycle_bin-BLrd3v2Z.js                                0.79 kB │ gzip:   0.40 kB
dist/server/assets/site-brand-provider-Os_fNPfV.js                                0.79 kB │ gzip:   0.39 kB
dist/server/assets/shop_dashboard_title-DAVoljPW.js                               0.79 kB │ gzip:   0.40 kB
dist/server/assets/nav_scheduled_tasks-BK9xPdgh.js                                0.80 kB │ gzip:   0.41 kB
dist/server/assets/nav_user_management-C4BA7vpb.js                                0.80 kB │ gzip:   0.41 kB
dist/server/assets/store_checkout_items-BiSFgrQa.js                               0.80 kB │ gzip:   0.41 kB
dist/server/assets/catalog_product_edit-D9-ZMBXJ.js                               0.80 kB │ gzip:   0.41 kB
dist/server/assets/settings_group_brand-CXYF03ev.js                               0.80 kB │ gzip:   0.41 kB
dist/server/assets/auth_back_to_sign_in-Dznto4pN.js                               0.81 kB │ gzip:   0.42 kB
dist/server/assets/errors_back_to_store-DriJMWxA.js                               0.81 kB │ gzip:   0.41 kB
dist/server/assets/store_lookup_title-Dje-UKjs.js                                 0.81 kB │ gzip:   0.42 kB
dist/server/assets/nav_queue_monitoring-C9uxLc7w.js                               0.81 kB │ gzip:   0.41 kB
dist/server/assets/shop_orders_created_at-DWxP05M6.js                             0.81 kB │ gzip:   0.41 kB
dist/server/assets/auth_forgot_password-BUmb4Z2d.js                               0.81 kB │ gzip:   0.42 kB
dist/server/assets/delivery_center_title-DxlBB9tt.js                              0.82 kB │ gzip:   0.41 kB
dist/server/assets/supplier_orders_title-R3QqIlkj.js                              0.82 kB │ gzip:   0.41 kB
dist/server/assets/auth_confirm_password-CODBNq4s.js                              0.82 kB │ gzip:   0.41 kB
dist/server/assets/nav_payment_channels-BirR2n8e.js                               0.82 kB │ gzip:   0.42 kB
dist/server/assets/money-input-DUVcqLTR.js                                        0.83 kB │ gzip:   0.42 kB
dist/server/assets/rate-limit-CTCAOIRm.js                                         0.83 kB │ gzip:   0.46 kB
dist/server/assets/inventory_usage_url-BEOUO8GF.js                                0.83 kB │ gzip:   0.44 kB
dist/server/assets/common_operation_failed-BopTB2Gk.js                            0.84 kB │ gzip:   0.41 kB
dist/server/assets/notifications_deliveries-2n3bg3ON.js                           0.84 kB │ gzip:   0.41 kB
dist/server/assets/automation_center_title-C45HssID.js                            0.84 kB │ gzip:   0.42 kB
dist/server/assets/supplier_accounts_title-DQqG7i4m.js                            0.84 kB │ gzip:   0.42 kB
dist/server/assets/supplier_products_title-Be21jU4k.js                            0.84 kB │ gzip:   0.41 kB
dist/server/assets/aisou_inventory_title-rc3CJVb2.js                              0.84 kB │ gzip:   0.42 kB
dist/server/assets/store_checkout_failed-DCYkSI8y.js                              0.84 kB │ gzip:   0.43 kB
dist/server/assets/payment-url-BPlYFJh3.js                                        0.85 kB │ gzip:   0.41 kB
dist/server/assets/supplier_upstream_details-C8iOlxho.js                          0.85 kB │ gzip:   0.41 kB
dist/server/assets/store_account_entitlements-CPwwIcc9.js                         0.85 kB │ gzip:   0.41 kB
dist/server/assets/redeem_warehouse_title-DwgdtiaN.js                             0.86 kB │ gzip:   0.43 kB
dist/server/assets/status-CrrcFZ5b.js                                             0.86 kB │ gzip:   0.41 kB
dist/server/assets/notifications_email_channel-KrRhIMoy.js                        0.87 kB │ gzip:   0.41 kB
dist/server/assets/functions-CWbv3nqz.js                                          0.88 kB │ gzip:   0.43 kB
dist/server/assets/package-open-4LB17oF8.js                                       0.88 kB │ gzip:   0.48 kB
dist/server/assets/web_support_failed-D0aRiwmG.js                                 0.88 kB │ gzip:   0.47 kB
dist/server/assets/supplier_provider_gmshop_edge-BN4nABwD.js                      0.88 kB │ gzip:   0.39 kB
dist/server/assets/notifications_email_templates-DqeapYpy.js                      0.89 kB │ gzip:   0.42 kB
dist/server/assets/_orderNumber-BMyCNd8G.js                                       0.89 kB │ gzip:   0.46 kB
dist/server/assets/catalog_operation_failed-BUjU8u44.js                           0.90 kB │ gzip:   0.44 kB
dist/server/assets/settings_supplier_api_enabled-DL8odGLR.js                      0.91 kB │ gzip:   0.43 kB
dist/server/assets/schema-DY4tjsfd.js                                             0.91 kB │ gzip:   0.46 kB
dist/server/assets/settings_error_asset_too_large-C1ZdkpeI.js                     0.92 kB │ gzip:   0.44 kB
dist/server/assets/app_title_description-CmT6MpaU.js                              0.92 kB │ gzip:   0.48 kB
dist/server/assets/auth_error_invalid_credentials-DRjyT1Rc.js                     0.95 kB │ gzip:   0.46 kB
dist/server/assets/site-brand-entry-BxXmHYAZ.js                                   0.96 kB │ gzip:   0.46 kB
dist/server/assets/settings_secret_configured-CM8FtKDs.js                         0.96 kB │ gzip:   0.48 kB
dist/server/assets/access_description-Dbpxgpkq.js                                 0.96 kB │ gzip:   0.51 kB
dist/server/assets/receipt-text-D6KPtk-Z.js                                       0.96 kB │ gzip:   0.42 kB
dist/server/assets/store_account_notification_refund_failed-CB5s5IE0.js           0.98 kB │ gzip:   0.43 kB
dist/server/assets/store_my_description-Dd_a2rr2.js                               0.99 kB │ gzip:   0.53 kB
dist/server/assets/kysely-migration-tables-JkVUjPF_-BbXcaMGs.js                   1.00 kB │ gzip:   0.56 kB
dist/server/assets/useSearch-CdS2lr46.js                                          1.02 kB │ gzip:   0.56 kB
dist/server/assets/input-BWK6ELEn.js                                              1.06 kB │ gzip:   0.57 kB
dist/server/assets/dist-ShV4rc23.js                                               1.07 kB │ gzip:   0.58 kB
dist/server/assets/secrets-mwLyQ-hR.js                                            1.07 kB │ gzip:   0.29 kB
dist/server/assets/account_change_password_old_password_required-D-n51223.js      1.08 kB │ gzip:   0.46 kB
dist/server/assets/ip_intro-BbeVxHGA.js                                           1.10 kB │ gzip:   0.65 kB
dist/server/assets/root-3DwEivIH.js                                               1.13 kB │ gzip:   0.57 kB
dist/server/assets/useNavigate-BlHU8KwN.js                                        1.15 kB │ gzip:   0.64 kB
dist/server/assets/useRouterState-CVmd-Dgk.js                                     1.16 kB │ gzip:   0.60 kB
dist/server/assets/auth-animation-context-BUO1inAl.js                             1.21 kB │ gzip:   0.51 kB
dist/server/assets/schema-C8__R1-p2.js                                            1.23 kB │ gzip:   0.50 kB
dist/server/assets/boxes-DJrucFCf.js                                              1.24 kB │ gzip:   0.54 kB
dist/server/assets/source-url-CzhDbUI1.js                                         1.26 kB │ gzip:   0.57 kB
dist/server/assets/outbox-NH0Co1eA.js                                             1.27 kB │ gzip:   0.68 kB
dist/server/assets/fees-zMJSrv6K.js                                               1.28 kB │ gzip:   0.46 kB
dist/server/assets/root-protection-Cjp-arUL.js                                    1.29 kB │ gzip:   0.60 kB
dist/server/assets/server-timing-Bz41MIVz.js                                      1.34 kB │ gzip:   0.58 kB
dist/server/assets/outbox-BS8J2fdg.js                                             1.35 kB │ gzip:   0.71 kB
dist/server/assets/rbac-json-O7QwhLdN.js                                          1.36 kB │ gzip:   0.65 kB
dist/server/assets/rates-3R79vUSB.js                                              1.38 kB │ gzip:   0.60 kB
dist/server/assets/rolldown-runtime-B-1-B7_t.js                                   1.40 kB │ gzip:   0.66 kB
dist/server/assets/account-navigation-DP4o96Km.js                                 1.41 kB │ gzip:   0.48 kB
dist/server/assets/label-BJy50TSo.js                                              1.41 kB │ gzip:   0.70 kB
dist/server/assets/status_running-DAuxYOwH.js                                     1.42 kB │ gzip:   0.47 kB
dist/server/assets/package-search-Cyu0DvzH.js                                     1.44 kB │ gzip:   0.57 kB
dist/server/assets/switch-Bqaz1a2l.js                                             1.45 kB │ gzip:   0.67 kB
dist/server/assets/functions-BZ6bvtbP.js                                          1.45 kB │ gzip:   0.71 kB
dist/server/assets/wallet_balance-BvfXHVAx.js                                     1.45 kB │ gzip:   0.48 kB
dist/server/assets/dist-L6T0kGZy.js                                               1.46 kB │ gzip:   0.69 kB
dist/server/assets/jsx-runtime-l7zwcDwv.js                                        1.46 kB │ gzip:   0.67 kB
dist/server/assets/supplier_api_secret-Cg1jp68F.js                                1.47 kB │ gzip:   0.45 kB
dist/server/assets/store_find_order-BjO2O_CY.js                                   1.48 kB │ gzip:   0.48 kB
dist/server/assets/qr-code-CoA5CdIk.js                                            1.49 kB │ gzip:   0.53 kB
dist/server/assets/shop_orders_timeline-CGT7OEW_.js                               1.49 kB │ gzip:   0.48 kB
dist/server/assets/context-ePvZFbfq.js                                            1.49 kB │ gzip:   0.55 kB
dist/server/assets/settings_save_changes-CnG_JS_4.js                              1.50 kB │ gzip:   0.48 kB
dist/server/assets/store_continue_shopping-aDk-MNE-.js                            1.51 kB │ gzip:   0.48 kB
dist/server/assets/catalog_currency_decimals-DwSB9JmI.js                          1.54 kB │ gzip:   0.49 kB
dist/server/assets/catalog_editor_title-BXdr-DWk.js                               1.55 kB │ gzip:   0.50 kB
dist/server/assets/auth_password_required-BS7QvMhP.js                             1.60 kB │ gzip:   0.50 kB
dist/server/assets/supplier_status_unavailable-CVwF2z4X.js                        1.61 kB │ gzip:   0.48 kB
dist/server/assets/access_permission_bits-BKG-ziIA.js                             1.62 kB │ gzip:   0.48 kB
dist/server/assets/badge-CqGBtNGP.js                                              1.62 kB │ gzip:   0.75 kB
dist/server/assets/install_description-CgouVUv7.js                                1.63 kB │ gzip:   0.56 kB
dist/server/assets/automation_center_open_run-BSmTHoWo.js                         1.63 kB │ gzip:   0.52 kB
dist/server/assets/pro_pagination_nextpage1-CXWbBKYY.js                           1.64 kB │ gzip:   0.48 kB
dist/server/assets/store_account_notifications-DD1Lvni1.js                        1.64 kB │ gzip:   0.50 kB
dist/server/assets/tasks-di8TxddH.js                                              1.64 kB │ gzip:   0.73 kB
dist/server/assets/route-Bpwt6nBI.js                                              1.66 kB │ gzip:   0.79 kB
dist/server/assets/settings_site_logo_square-CiyZ7AtE.js                          1.66 kB │ gzip:   0.55 kB
dist/server/assets/settings_site_logo_title-C0jzNS0H.js                           1.67 kB │ gzip:   0.52 kB
dist/server/assets/route-DJ5ph3oH.js                                              1.69 kB │ gzip:   0.75 kB
dist/server/assets/audit-LXpmPc52.js                                              1.70 kB │ gzip:   0.77 kB
dist/server/assets/admin-B2Mn5PSJ.js                                              1.70 kB │ gzip:   0.77 kB
dist/server/assets/dist--ZhQgNhV.js                                               1.70 kB │ gzip:   0.80 kB
dist/server/assets/route-CsPeOc_w.js                                              1.73 kB │ gzip:   0.77 kB
dist/server/assets/route-CTKnd_Ug.js                                              1.74 kB │ gzip:   0.79 kB
dist/server/assets/quick-settings-BSib_CIO.js                                     1.75 kB │ gzip:   0.71 kB
dist/server/assets/functions-DLYkY9ks.js                                          1.81 kB │ gzip:   0.74 kB
dist/server/assets/tooltip-CtlveqLx.js                                            1.83 kB │ gzip:   0.71 kB
dist/server/assets/separator-CEZr_6E4.js                                          1.84 kB │ gzip:   0.78 kB
dist/server/assets/ip_article_intro-CgCLZ1E2.js                                   1.85 kB │ gzip:   0.73 kB
dist/server/assets/useMatch-BjsVx5wq.js                                           1.89 kB │ gzip:   0.81 kB
dist/server/assets/page-header-DbasKKyo.js                                        1.89 kB │ gzip:   0.64 kB
dist/server/assets/store_sign_in_to_purchase-Ipj5XY3k.js                          1.93 kB │ gzip:   0.64 kB
dist/server/assets/ClientOnly-CKrNlltf.js                                         1.94 kB │ gzip:   0.88 kB
dist/server/assets/schema-7QEUFNFH.js                                             1.98 kB │ gzip:   0.74 kB
dist/server/assets/bounded-stream-DLZb1KSZ.js                                     1.99 kB │ gzip:   0.75 kB
dist/server/assets/signatures-DAceji4R.js                                         2.04 kB │ gzip:   0.78 kB
dist/server/assets/account-CZwSbX-6.js                                            2.06 kB │ gzip:   0.83 kB
dist/server/assets/public-CMqWwWAT.js                                             2.08 kB │ gzip:   0.90 kB
dist/server/assets/order-access-storage-CXzapLbE.js                               2.09 kB │ gzip:   0.81 kB
dist/server/assets/inventory-secrets-BSkOelRQ.js                                  2.09 kB │ gzip:   0.94 kB
dist/server/assets/queries-BQ-X9ro6.js                                            2.09 kB │ gzip:   0.98 kB
dist/server/assets/card-CIrscI-b.js                                               2.09 kB │ gzip:   0.74 kB
dist/server/assets/session-CdQe83AQ.js                                            2.12 kB │ gzip:   0.77 kB
dist/server/assets/collapsible-Da7BN7jy.js                                        2.12 kB │ gzip:   0.88 kB
dist/server/assets/warehouse-client-Bm845gyD.js                                   2.15 kB │ gzip:   0.99 kB
dist/server/assets/button-C9KSCHvn.js                                             2.18 kB │ gzip:   0.91 kB
dist/server/assets/product-quantity-C11Ft54-.js                                   2.18 kB │ gzip:   0.75 kB
dist/server/assets/stock-availability-M24usvSI.js                                 2.19 kB │ gzip:   0.84 kB
dist/server/assets/sqlite-adapter-DzddKjcC.js                                     2.19 kB │ gzip:   0.84 kB
dist/server/assets/functions-hvtScQwr.js                                          2.24 kB │ gzip:   0.88 kB
dist/server/assets/system-rbac-wyNtSkoh.js                                        2.26 kB │ gzip:   0.85 kB
dist/server/assets/store_account_settings-cvf8s-dF.js                             2.28 kB │ gzip:   0.55 kB
dist/server/assets/provider-admin-DHQ4WSgh.js                                     2.28 kB │ gzip:   0.82 kB
dist/server/assets/admin-B6yB6XkG.js                                              2.29 kB │ gzip:   0.79 kB
dist/server/assets/redirect-DLpv7ZcC.js                                           2.30 kB │ gzip:   0.97 kB
dist/server/assets/infrastructure_health_unknown-BRZC_Zz-.js                      2.37 kB │ gzip:   0.54 kB
dist/server/assets/functions-BcQGyyHK.js                                          2.38 kB │ gzip:   0.87 kB
dist/server/assets/package-plus-CaQJEtFN.js                                       2.39 kB │ gzip:   0.90 kB
dist/server/assets/api-boundaries-BOer58Kn.js                                     2.39 kB │ gzip:   0.81 kB
dist/server/assets/exchange_rates_sync_now-Dg7jxWFv.js                            2.41 kB │ gzip:   0.57 kB
dist/server/assets/route-CGIe0Yig.js                                              2.47 kB │ gzip:   1.02 kB
dist/server/assets/storefront-access-icsC4eUK.js                                  2.48 kB │ gzip:   1.10 kB
dist/server/assets/ip-address-C9ysFHVm.js                                         2.48 kB │ gzip:   0.96 kB
dist/server/assets/popover-BE8s6evz.js                                            2.62 kB │ gzip:   0.95 kB
dist/server/assets/error-message-Dplki0dp.js                                      2.65 kB │ gzip:   0.81 kB
dist/server/assets/provider-D96rdZpO.js                                           2.73 kB │ gzip:   1.04 kB
dist/server/assets/units-DT608OXv.js                                              2.79 kB │ gzip:   0.98 kB
dist/server/assets/status_dispatching-0kZd73XL.js                                 2.80 kB │ gzip:   0.61 kB
dist/server/assets/(public)-CoH2KAzt.js                                           2.87 kB │ gzip:   1.23 kB
dist/server/assets/supplier_status_available-BkoUbcYk.js                          2.94 kB │ gzip:   0.63 kB
dist/server/assets/schema-B1DrZeSP.js                                             2.99 kB │ gzip:   1.13 kB
dist/server/assets/pro-table-url-state-CQ1NOQHV.js                                2.99 kB │ gzip:   1.23 kB
dist/server/assets/inventory_revealed_title-DkavAB7m.js                           3.01 kB │ gzip:   0.61 kB
dist/server/assets/lazyRouteComponent-CPtYIzQW.js                                 3.08 kB │ gzip:   1.33 kB
dist/server/assets/general-error-DVdSKElM.js                                      3.09 kB │ gzip:   1.13 kB
dist/server/assets/cart-storage-DNppJ8DK.js                                       3.12 kB │ gzip:   1.26 kB
dist/server/assets/account-functions-CoxoCHIs.js                                  3.22 kB │ gzip:   1.18 kB
dist/server/assets/createCsrfMiddleware-Bqj4BZso.js                               3.24 kB │ gzip:   1.03 kB
dist/server/assets/sign-in-BKrlh1j2.js                                            3.25 kB │ gzip:   1.21 kB
dist/server/assets/503-Rv8yMDI4.js                                                3.25 kB │ gzip:   1.27 kB
dist/server/assets/catalog_preview-CG7yUwkK.js                                    3.26 kB │ gzip:   0.69 kB
dist/server/assets/401-DkkSuIFk.js                                                3.30 kB │ gzip:   1.14 kB
dist/server/assets/sign-out-dialog-vAYfXGPD.js                                    3.34 kB │ gzip:   1.41 kB
dist/server/assets/health-CJ0rl3tM.js                                             3.38 kB │ gzip:   1.29 kB
dist/server/assets/seo-DHPRfzZA.js                                                3.39 kB │ gzip:   1.22 kB
dist/server/assets/format-K7FMCy3w.js                                             3.39 kB │ gzip:   0.98 kB
dist/server/assets/dropdown-menu-CH63WjIy.js                                      3.44 kB │ gzip:   1.07 kB
dist/server/assets/convert-delivery-hi8oa1Dh.js                                   3.46 kB │ gzip:   1.50 kB
dist/server/assets/image-dimensions-Dq7ragtI.js                                   3.47 kB │ gzip:   1.07 kB
dist/server/assets/schema-DBSQDONZ.js                                             3.51 kB │ gzip:   1.28 kB
dist/server/assets/currency-context-CtBMAD8m.js                                   3.54 kB │ gzip:   1.19 kB
dist/server/assets/not-found-error-DxxA5Ky8.js                                    3.60 kB │ gzip:   1.36 kB
dist/server/assets/dist-Bw24xYME.js                                               3.64 kB │ gzip:   1.14 kB
dist/server/assets/sync-settings-Dqy8ZP9h.js                                      3.64 kB │ gzip:   1.42 kB
dist/server/assets/auth--S6qM5-N.js                                               3.65 kB │ gzip:   1.55 kB
dist/server/assets/schema-D0UKBhod.js                                             3.69 kB │ gzip:   1.17 kB
dist/server/assets/error-page-B2PAACFt.js                                         3.72 kB │ gzip:   1.36 kB
dist/server/assets/schema-DWOf--_V.js                                             3.79 kB │ gzip:   1.23 kB
dist/server/assets/ledger-DBeNAOHc.js                                             3.82 kB │ gzip:   1.42 kB
dist/server/assets/403-DeibUa8T.js                                                3.84 kB │ gzip:   1.46 kB
dist/server/assets/route-DhjpvFZE.js                                              3.94 kB │ gzip:   1.27 kB
dist/server/assets/d1-sqlite-dialect-BLC8LXE6-COi1pcgR.js                         3.96 kB │ gzip:   1.48 kB
dist/server/assets/image-CzI7xuJE.js                                              4.01 kB │ gzip:   1.23 kB
dist/server/assets/admin-CPDsTUbG.js                                              4.13 kB │ gzip:   1.48 kB
dist/server/assets/dialog-B9hRWQGf.js                                             4.27 kB │ gzip:   1.20 kB
dist/server/assets/editor-schema-zOra7yJM.js                                      4.29 kB │ gzip:   1.31 kB
dist/server/assets/run-task-Cbgtvbbz.js                                           4.32 kB │ gzip:   1.66 kB
dist/server/assets/settings-Bwo_2J4H.js                                           4.36 kB │ gzip:   1.33 kB
dist/server/assets/nav_automation-BK4dUvss.js                                     4.49 kB │ gzip:   0.82 kB
dist/server/assets/schema-Cu1DSkuH.js                                             4.57 kB │ gzip:   1.27 kB
dist/server/assets/useMutation-oF0t_0MO.js                                        4.60 kB │ gzip:   1.42 kB
dist/server/assets/bun-sqlite-dialect-BW9W1_Ps-BJy_KRf1.js                        4.63 kB │ gzip:   1.66 kB
dist/server/assets/node-sqlite-dialect-CWYwPY9o.js                                4.64 kB │ gzip:   1.64 kB
dist/server/assets/templates-BIpyT0VU.js                                          4.68 kB │ gzip:   1.52 kB
dist/server/assets/schema-C-zjQlGa.js                                             4.92 kB │ gzip:   1.57 kB
dist/server/assets/center-4ESdoERt.js                                             4.94 kB │ gzip:   1.72 kB
dist/server/assets/admin-D-xQwchO.js                                              5.01 kB │ gzip:   1.53 kB
dist/server/assets/createLucideIcon-DPTUKyxR.js                                   5.27 kB │ gzip:   1.37 kB
dist/server/assets/dist-CT511Y3M.js                                               5.36 kB │ gzip:   1.61 kB
dist/server/assets/configuration-logo-field-CJmTgO-X.js                           5.43 kB │ gzip:   1.99 kB
dist/server/assets/start-pWFtlYBF.js                                              5.47 kB │ gzip:   1.96 kB
dist/server/assets/after-sales-BwhDw7Ah.js                                        5.50 kB │ gzip:   1.75 kB
dist/server/assets/provider-runtime-YAwBgocQ.js                                   5.50 kB │ gzip:   1.86 kB
dist/server/assets/settings_group_commerce-DRXN-lA8.js                            5.50 kB │ gzip:   0.89 kB
dist/server/assets/orders-admin-QXbovdd4.js                                       5.60 kB │ gzip:   2.04 kB
dist/server/assets/select-CXsiGN-_.js                                             5.60 kB │ gzip:   1.61 kB
dist/server/assets/configuration-logo-Ctn25OKo.js                                 5.71 kB │ gzip:   2.00 kB
dist/server/assets/mutation-BQIR9uHY.js                                           5.73 kB │ gzip:   1.54 kB
dist/server/assets/site-brand-C9z7KE_W.js                                         5.83 kB │ gzip:   1.78 kB
dist/server/assets/workspace-CJIQWAMn.js                                          5.84 kB │ gzip:   1.74 kB
dist/server/assets/with-selector-BgDRRjf1.js                                      6.19 kB │ gzip:   1.71 kB
dist/server/assets/module-navigation-DcEFu3Qc.js                                  6.28 kB │ gzip:   1.84 kB
dist/server/assets/keys-Ckd4Mx1O.js                                               6.32 kB │ gzip:   2.11 kB
dist/server/assets/admin-Ci6xH8zZ.js                                              6.33 kB │ gzip:   2.25 kB
dist/server/assets/react-dom-C5YVrekM.js                                          6.62 kB │ gzip:   1.97 kB
dist/server/assets/schema-Bl5kIh3-.js                                             6.67 kB │ gzip:   1.76 kB
dist/server/assets/labels-DABCMSBk.js                                             6.69 kB │ gzip:   1.01 kB
dist/server/assets/cart-CmAhxZVn.js                                               6.81 kB │ gzip:   2.30 kB
dist/server/assets/store_account_notification_entitlement_expiring-CIBYlD9L.js    6.82 kB │ gzip:   0.98 kB
dist/server/assets/env-impl-DDEAutE-.js                                           6.83 kB │ gzip:   2.56 kB
dist/server/assets/labels-CZ3HYfZE.js                                             6.96 kB │ gzip:   1.36 kB
dist/server/assets/store_cart_issue_price_changed-aAPAjPxw.js                     7.00 kB │ gzip:   1.29 kB
dist/server/assets/install-CCxszZ7A.js                                            7.04 kB │ gzip:   2.30 kB
dist/server/assets/admin-Cn-Eicvs.js                                              7.08 kB │ gzip:   2.13 kB
dist/server/assets/admin-C7TFAtUO.js                                              7.11 kB │ gzip:   1.92 kB
dist/server/assets/labels-C5GMx-z3.js                                             7.54 kB │ gzip:   1.02 kB
dist/server/assets/job-actions-DI0ee8dS.js                                        7.56 kB │ gzip:   2.03 kB
dist/server/assets/verify-email-sent-BZoE6bxV.js                                  7.57 kB │ gzip:   2.07 kB
dist/server/assets/theme-provider-DbcTOgI6.js                                     7.70 kB │ gzip:   2.23 kB
dist/server/assets/require-admin-C5zb28GL.js                                      8.03 kB │ gzip:   2.53 kB
dist/server/assets/runtime-config-bwfWKyWe.js                                     8.05 kB │ gzip:   2.21 kB
dist/server/assets/upload-Dx-tXy38.js                                             8.08 kB │ gzip:   2.75 kB
dist/server/assets/admin-DTenH24E.js                                              8.25 kB │ gzip:   2.60 kB
dist/server/assets/admin-permission-registry-BIqM-qte.js                          8.28 kB │ gzip:   1.72 kB
dist/server/assets/records-Bjp50Ha9.js                                            8.39 kB │ gzip:   2.19 kB
dist/server/assets/check-DzSq4Mq8.js                                              8.41 kB │ gzip:   3.30 kB
dist/server/assets/feishu-alerts-BYbnMZFz.js                                      8.79 kB │ gzip:   2.85 kB
dist/server/assets/admin-D84iL7-02.js                                             8.96 kB │ gzip:   2.71 kB
dist/server/assets/local-checks-DRNEPUfU.js                                       9.19 kB │ gzip:   2.92 kB
dist/server/assets/sync-tpFEacoO.js                                               9.44 kB │ gzip:   3.09 kB
dist/server/assets/dist-Ca89u5vd.js                                               9.47 kB │ gzip:   2.71 kB
dist/server/assets/source-sync-kWnNm9JF.js                                        9.90 kB │ gzip:   3.25 kB
dist/server/assets/useStore-C0YYluXJ.js                                           9.92 kB │ gzip:   3.90 kB
dist/server/assets/dist-C4gUixv6.js                                              10.17 kB │ gzip:   2.38 kB
dist/server/assets/admin-C9gfjop72.js                                            10.19 kB │ gzip:   3.06 kB
dist/server/assets/delivery-reveal-content-DuLn4CmT.js                           10.45 kB │ gzip:   2.77 kB
dist/server/assets/dist-CLfxqhMO.js                                              10.75 kB │ gzip:   2.55 kB
dist/server/assets/provider-settings-YltQTfJJ.js                                 10.97 kB │ gzip:   2.69 kB
dist/server/assets/templates-BWYxVV2A.js                                         11.11 kB │ gzip:   2.97 kB
dist/server/assets/orders-Cyp-oec2.js                                            11.19 kB │ gzip:   2.76 kB
dist/server/assets/change-password-dialog-BYXtD6Ec.js                            11.21 kB │ gzip:   1.83 kB
dist/server/assets/outbox-cykM6Dhu.js                                            11.26 kB │ gzip:   3.27 kB
dist/server/assets/confirm-dialog-BRcaE_4k.js                                    11.33 kB │ gzip:   2.66 kB
dist/server/assets/error-label-CrnCdxwO.js                                       11.82 kB │ gzip:   1.55 kB
dist/server/assets/admin-2daIeEtI.js                                             11.88 kB │ gzip:   3.56 kB
dist/server/assets/createServerFn-aFFZeYLy.js                                    12.07 kB │ gzip:   3.60 kB
dist/server/assets/route-BuQ1N_B2.js                                             12.14 kB │ gzip:   2.84 kB
dist/server/assets/admin-BR5t5YDj.js                                             12.38 kB │ gzip:   3.67 kB
dist/server/assets/product-card-W0LOty4V.js                                      12.50 kB │ gzip:   2.63 kB
dist/server/assets/accordion-CcSQ4cpb.js                                         12.52 kB │ gzip:   3.08 kB
dist/server/assets/_orderId-Sl4viekQ.js                                          12.64 kB │ gzip:   2.80 kB
dist/server/assets/useSelector-DDvZCsTY.js                                       12.87 kB │ gzip:   3.28 kB
dist/server/assets/register-Dzx5TOGH.js                                          13.12 kB │ gzip:   3.08 kB
dist/server/assets/queues-DG5JpdGl.js                                            13.12 kB │ gzip:   2.89 kB
dist/server/assets/audit-logs-BOCC1VTV.js                                        13.52 kB │ gzip:   2.98 kB
dist/server/assets/supplier-api-BfzhzmOQ.js                                      13.64 kB │ gzip:   3.46 kB
dist/server/assets/process-BcrOu1HD.js                                           14.08 kB │ gzip:   3.09 kB
dist/server/assets/admin-CpZjTCB6.js                                             14.16 kB │ gzip:   4.04 kB
dist/server/assets/automation-BQUgtW4H.js                                        14.26 kB │ gzip:   3.58 kB
dist/server/assets/editor-DoNO312a.js                                            14.54 kB │ gzip:   3.02 kB
dist/server/assets/dist-BQlCsSti.js                                              14.58 kB │ gzip:   4.10 kB
dist/server/assets/cart-btUZMc_9.js                                              14.63 kB │ gzip:   3.41 kB
dist/server/assets/error-message-SgXa-CoP.js                                     14.91 kB │ gzip:   2.36 kB
dist/server/assets/admin-CEIfckKe.js                                             15.00 kB │ gzip:   4.45 kB
dist/server/assets/order-query-BOKOqUxj.js                                       15.31 kB │ gzip:   4.13 kB
dist/server/assets/restock-api-Bjfm4C05.js                                       15.34 kB │ gzip:   4.11 kB
dist/server/assets/admin-Cfsnpk3H.js                                             15.45 kB │ gzip:   3.93 kB
dist/server/assets/admin-CHlpq1vy.js                                             15.51 kB │ gzip:   4.56 kB
dist/server/assets/react-TMMh10oW.js                                             15.73 kB │ gzip:   4.31 kB
dist/server/assets/link-DitysJKZ.js                                              16.02 kB │ gzip:   4.40 kB
dist/server/assets/functions-BscRj7PX.js                                         16.11 kB │ gzip:   4.06 kB
dist/server/assets/admin-qv3lZKUD.js                                             16.45 kB │ gzip:   4.15 kB
dist/server/assets/Match-BbxMSG_b.js                                             16.50 kB │ gzip:   3.81 kB
dist/server/assets/admin-D1leuXBo.js                                             16.61 kB │ gzip:   4.26 kB
dist/server/assets/manual-refund-confirmation-modal-BFzt6Wj8.js                  16.81 kB │ gzip:   3.26 kB
dist/server/assets/delivery-DvnzDMV5.js                                          16.83 kB │ gzip:   4.19 kB
dist/server/assets/forgot-password-CCIEstem.js                                   17.15 kB │ gzip:   3.09 kB
dist/server/assets/checkbox-CFrt3av0.js                                          17.89 kB │ gzip:   3.86 kB
dist/server/assets/QueryClientProvider-QmGu5Zfn.js                               18.39 kB │ gzip:   5.10 kB
dist/server/assets/status-badge-DYVy9-uS.js                                      18.77 kB │ gzip:   2.50 kB
dist/server/assets/admin-EmxWfyV1.js                                             19.16 kB │ gzip:   4.57 kB
dist/server/assets/admin-CX1N0eyW.js                                             19.20 kB │ gzip:   4.37 kB
dist/server/assets/account-functions-Bpfzyr5r.js                                 20.46 kB │ gzip:   5.14 kB
dist/server/assets/maintenance-udtmYqEa.js                                       20.67 kB │ gzip:   5.25 kB
dist/server/assets/server-4vJQUbf3.js                                            20.84 kB │ gzip:   6.06 kB
dist/server/assets/admin-BUyrifWD.js                                             20.99 kB │ gzip:   5.40 kB
dist/server/assets/roles-DVy5iH7G.js                                             21.45 kB │ gzip:   4.85 kB
dist/server/assets/admin-DVHIgEGU.js                                             21.54 kB │ gzip:   4.96 kB
dist/server/assets/admin-DnEn97WA.js                                             21.55 kB │ gzip:   5.12 kB
dist/server/assets/sign-in-C2wTA-Yb.js                                           21.73 kB │ gzip:   4.52 kB
dist/server/assets/aisou-inventory-BimXj7Ou.js                                   22.21 kB │ gzip:   4.74 kB
dist/server/assets/catalog-admin-0vZgsLut.js                                     22.28 kB │ gzip:   5.44 kB
dist/server/assets/scheduled-B5qdt9L8.js                                         22.38 kB │ gzip:   4.18 kB
dist/server/assets/sidebar-data-D8KjFUUr.js                                      23.56 kB │ gzip:   4.98 kB
dist/server/assets/status-DX0lNU_x.js                                            23.99 kB │ gzip:   4.13 kB
dist/server/assets/dist-BMjNV9pY.js                                              24.33 kB │ gzip:   5.67 kB
dist/server/assets/provider-logo-DdFchAyC.js                                     24.37 kB │ gzip:   7.31 kB
dist/server/assets/cart-Dz2UcJV7.js                                              24.87 kB │ gzip:   5.57 kB
dist/server/assets/_productId-BFOW8C3v.js                                        24.94 kB │ gzip:   4.14 kB
dist/server/assets/install-DWxj2ZKT.js                                           25.14 kB │ gzip:   4.84 kB
dist/server/assets/claude-network-check-B1rT_k28.js                              25.64 kB │ gzip:   6.95 kB
dist/server/assets/settings-BNyfnyaj.js                                          25.65 kB │ gzip:   5.64 kB
dist/server/assets/catalog-B0otltR7.js                                           25.66 kB │ gzip:   7.17 kB
dist/server/assets/button-CaP2-brB.js                                            26.20 kB │ gzip:   6.71 kB
dist/server/assets/products-CzLyoAJQ.js                                          26.89 kB │ gzip:   5.09 kB
dist/server/assets/provider-admin-CMx6zf4y.js                                    27.04 kB │ gzip:   5.86 kB
dist/server/assets/orders-D0zg3hkv.js                                            27.43 kB │ gzip:   5.10 kB
dist/server/assets/editor-BxAiwWw-.js                                            27.62 kB │ gzip:   6.68 kB
dist/server/assets/multi-order-fvP2Zf4Z.js                                       28.05 kB │ gzip:   7.33 kB
dist/server/assets/invoice-BTMLYy6C.js                                           28.61 kB │ gzip:   5.37 kB
dist/server/assets/admin-C2n52lHw.js                                             28.72 kB │ gzip:   5.16 kB
dist/server/assets/refunds-B5-Y7osr.js                                           28.91 kB │ gzip:   6.10 kB
dist/server/assets/account-settings-panel-CXUYuOyg.js                            29.53 kB │ gzip:   6.76 kB
dist/server/assets/email-DIlYvvnm.js                                             29.58 kB │ gzip:   5.39 kB
dist/server/assets/scroll-area-BwutVURf.js                                       29.85 kB │ gzip:   6.20 kB
dist/server/assets/telegram_support_topic_closed-6wBoE--S.js                     30.70 kB │ gzip:   8.45 kB
dist/server/assets/me-BsFnY7qd.js                                                31.31 kB │ gzip:   6.25 kB
dist/server/assets/runtime-D4Av-D0B.js                                           31.35 kB │ gzip:   8.32 kB
dist/server/assets/esm-CUVz-yph.js                                               31.49 kB │ gzip:   8.29 kB
dist/server/assets/redeem-inventory-CuR41RQc.js                                  32.68 kB │ gzip:   5.96 kB
dist/server/assets/useBaseQuery-CCA7bJpT.js                                      33.85 kB │ gzip:   7.93 kB
dist/server/assets/__23tanstack-start-server-fn-resolver-CX2_3Y61.js             33.94 kB │ gzip:   9.39 kB
dist/server/assets/path-Dq_o_zi8.js                                              35.69 kB │ gzip:   9.05 kB
dist/server/assets/(public)-DheuuyVJ.js                                          36.63 kB │ gzip:   6.63 kB
dist/server/assets/error-codes-fdIm8VrB.js                                       38.24 kB │ gzip:  10.77 kB
dist/server/assets/auth-client-Bed7y4EU.js                                       39.02 kB │ gzip:  10.40 kB
dist/server/assets/coupons-DXLUKQt-.js                                           39.29 kB │ gzip:   7.13 kB
dist/server/assets/es2015-NysmEwI3.js                                            39.44 kB │ gzip:  10.65 kB
dist/server/assets/input-BJoWYrR5.js                                             39.70 kB │ gzip:   9.29 kB
dist/server/assets/accounts-C6nzSF9i.js                                          40.77 kB │ gzip:   7.52 kB
dist/server/assets/dist-Cn_1aMHb.js                                              41.66 kB │ gzip:   7.71 kB
dist/server/assets/_tanstack-start-manifest_v-zlae4Y9j.js                        42.33 kB │ gzip:   6.99 kB
dist/server/assets/admin-B3DLfS5e.js                                             42.77 kB │ gzip:   9.53 kB
dist/server/assets/auth-DbVBjdD8.js                                              44.29 kB │ gzip:   7.97 kB
dist/server/assets/default-query-compiler-CaK2hRJl.js                            45.22 kB │ gzip:   7.94 kB
dist/server/assets/dist-C3ocTF4i.js                                              45.37 kB │ gzip:   9.76 kB
dist/server/assets/service-Clcf8iEz.js                                           45.73 kB │ gzip:   9.76 kB
dist/server/assets/orders-DZzlapcE.js                                            48.06 kB │ gzip:   8.62 kB
dist/server/assets/rate-limit-BuiipXoQ.js                                        50.62 kB │ gzip:  12.16 kB
dist/server/assets/dist-Bro7Bjug.js                                              51.98 kB │ gzip:  11.80 kB
dist/server/assets/claude-purchase-guide-BKBowLP_.js                             53.67 kB │ gzip:   7.52 kB
dist/server/assets/products-CL8W_f15.js                                          58.63 kB │ gzip:  10.94 kB
dist/server/assets/providers-CUKL699X.js                                         60.41 kB │ gzip:  13.97 kB
dist/server/assets/route-C1F5xYni.js                                             62.67 kB │ gzip:  13.12 kB
dist/server/assets/web-support-contract-BJe3pMfi.js                              63.96 kB │ gzip:  12.64 kB
dist/server/assets/checkout-BOT0-FRT.js                                          66.66 kB │ gzip:  12.37 kB
dist/server/assets/factory-CTrHU34b.js                                           68.40 kB │ gzip:  14.83 kB
dist/server/assets/dist-CRqguWdX.js                                              70.21 kB │ gzip:  16.44 kB
dist/server/assets/order-BfxHjjZi.js                                             81.24 kB │ gzip:  13.15 kB
dist/server/assets/users-DuSl3ZXG.js                                             84.09 kB │ gzip:  13.87 kB
dist/server/assets/payment-configurations-hmrDtwfs.js                            84.36 kB │ gzip:  12.60 kB
dist/server/assets/scroll-restoration-Du3VveEO.js                                85.70 kB │ gzip:  20.68 kB
dist/server/assets/telegram-CHZ0WgfM.js                                          87.20 kB │ gzip:  11.71 kB
dist/server/assets/fp.esm-COJl5RZk.js                                            87.55 kB │ gzip:  28.02 kB
dist/server/assets/_md-kYFbSp0E.js                                               90.74 kB │ gzip:  23.84 kB
dist/server/assets/dist-vzYkuguu.js                                              97.43 kB │ gzip:  18.63 kB
dist/server/assets/_productId-xEa3IKl_.js                                       105.89 kB │ gzip:  16.97 kB
dist/server/assets/ip-check-DxeRO3cf.js                                         107.91 kB │ gzip:  19.59 kB
dist/server/assets/admin-DRgwqoeJ.js                                            109.99 kB │ gzip:  17.78 kB
dist/server/assets/useForm-DH2kxXc-.js                                          118.67 kB │ gzip:  21.98 kB
dist/server/assets/route-U6l-ObOu.js                                            132.36 kB │ gzip:  20.20 kB
dist/server/assets/select-Dq1BJl15.js                                           138.49 kB │ gzip:  32.04 kB
dist/server/assets/schemas-DERgsjje.js                                          138.75 kB │ gzip:  26.76 kB
dist/server/assets/support-admins-B7IwMfgS.js                                   161.83 kB │ gzip:  33.55 kB
dist/server/assets/account-sections-CdvWzeI_.js                                 172.05 kB │ gzip:  25.09 kB
dist/server/assets/route-D7DhWFSh.js                                            182.87 kB │ gzip:  47.01 kB
dist/server/assets/dist-D_96NOeP.js                                             206.56 kB │ gzip:  35.13 kB
dist/server/assets/table-D9j8FnKU.js                                            219.66 kB │ gzip:  44.29 kB
dist/server/assets/db.server-CsY7dnIb.js                                        224.58 kB │ gzip:  42.33 kB
dist/server/assets/compiled-query-5hwnXnLF.js                                   238.61 kB │ gzip:  39.32 kB
dist/server/assets/product-editor-CiWpdh0b.js                                   251.00 kB │ gzip:  37.95 kB
dist/server/assets/form-Bbbsq5Ga.js                                             345.89 kB │ gzip:  65.93 kB
dist/server/assets/router-Boc3Cwkf.js                                           359.54 kB │ gzip:  78.98 kB
dist/server/index.js                                                            655.47 kB │ gzip: 141.21 kB
dist/server/assets/auth-vbxFHRss.js                                             804.81 kB │ gzip: 178.73 kB

✓ built in 2.29s
